metdiv20,POVPIP,has_pap,has_ssip,has_hins4,has_snap,American Indian and Alaska Native,Asian,Black or African American,Native Hawaiian,Pacific Islander,White,Hispanic or Latino,Veteran,Elderly,DIS,English less than very well,WGTP
99999,0,0,0,0,0,0,0,0,0,0,1709,0,0,0,0,0,1709
99999,0,0,0,0,0,0,0,0,0,0,682,0,0,682,0,0,682
99999,0,0,0,0,0,0,0,0,0,0,673,0,0,673,673,0,673
99999,0,0,0,0,0,0,0,0,0,0,91,91,0,0,0,0,91
99999,0,0,0,0,0,29,0,0,0,0,0,0,0,0,0,0,29
99999,0,0,0,0,0,42,0,0,0,0,0,0,0,42,0,0,42
99999,0,0,0,0,0,71,0,0,0,0,71,0,71,71,71,0,71
99999,0,0,0,0,1,0,0,0,0,0,222,0,222,0,0,0,222
99999,0,0,0,1,0,0,0,0,0,0,28,0,0,0,0,0,28
99999,0,0,0,1,0,0,0,0,0,0,49,0,0,49,0,0,49
99999,0,0,0,1,0,0,0,0,0,0,441,0,0,441,441,0,441
99999,0,0,0,1,0,0,0,0,0,0,35,0,35,0,0,0,35
99999,0,0,0,1,0,0,0,0,0,0,192,0,192,0,192,0,192
99999,0,0,0,1,0,47,0,0,0,0,0,0,0,0,0,0,47
99999,0,0,0,1,1,0,0,0,0,0,209,0,0,0,0,0,209
99999,0,0,0,1,1,0,0,0,0,0,55,0,0,55,55,0,55
99999,0,0,0,1,1,29,0,0,0,0,0,0,0,29,29,0,29
99999,0,0,0,1,1,193,0,0,0,0,193,0,0,0,193,0,193
99999,0,1,0,1,1,0,0,0,0,0,55,55,0,0,55,0,55
99999,1,0,0,1,1,56,0,0,0,0,0,0,0,0,56,56,56
99999,2,0,0,0,0,0,0,0,0,0,63,0,0,0,63,0,63
99999,2,0,0,0,0,0,0,0,0,0,16,0,0,16,0,0,16
99999,2,0,0,0,0,0,0,244,0,0,244,0,0,0,244,0,244
99999,3,0,0,0,0,0,0,0,0,0,34,0,0,34,0,0,34
99999,4,0,0,0,0,0,0,0,0,0,14,0,0,0,0,0,14
99999,4,0,0,1,1,0,0,24,0,0,0,0,0,0,24,0,24
99999,4,1,0,0,1,32,0,0,0,0,0,0,0,0,32,0,32
99999,5,0,0,1,0,0,0,0,0,0,34,0,0,34,0,0,34
99999,5,0,0,1,1,0,0,0,0,0,563,0,0,563,563,0,563
99999,6,0,0,0,0,0,0,0,0,0,19,0,0,0,19,0,19
99999,7,0,0,0,0,0,0,0,0,0,239,0,0,0,239,0,239
99999,7,0,0,0,0,0,0,0,0,0,14,0,0,14,14,0,14
99999,7,0,0,1,0,0,0,0,0,0,68,0,0,0,68,0,68
99999,7,0,0,1,1,0,0,0,0,0,59,0,0,0,0,0,59
99999,7,0,0,1,1,0,0,314,0,0,314,314,0,0,314,0,314
99999,8,0,0,0,0,0,0,0,0,0,11,0,0,0,11,0,11
99999,8,0,0,0,0,0,0,0,0,0,44,0,0,44,0,0,44
99999,8,0,0,1,0,0,0,0,0,0,41,0,0,0,0,0,41
99999,8,0,0,1,0,0,0,0,0,0,12,0,0,12,0,0,12
99999,9,0,0,0,0,0,0,0,0,0,21,0,0,0,21,0,21
99999,9,0,0,1,1,0,0,583,0,0,0,0,0,0,0,0,583
99999,10,0,0,0,0,0,0,0,0,0,180,0,0,0,0,0,180
99999,11,0,0,1,0,0,0,0,0,0,25,0,0,25,0,0,25
99999,11,0,0,1,0,0,0,0,0,0,14,0,0,14,14,0,14
99999,11,0,0,1,1,0,0,0,0,0,639,0,0,0,0,0,639
99999,12,0,0,0,0,0,0,0,0,0,44,0,0,0,0,0,44
99999,12,0,0,0,0,0,0,0,0,0,19,0,0,19,19,0,19
99999,13,0,0,0,0,0,0,0,0,0,219,0,0,219,0,0,219
99999,14,0,0,0,0,0,0,0,0,0,194,0,0,0,0,0,194
99999,14,0,0,0,0,0,0,0,0,0,18,0,18,18,18,0,18
99999,14,0,0,1,0,0,0,0,0,0,24,0,0,24,0,0,24
99999,15,0,0,0,0,0,0,0,0,0,682,0,0,0,682,0,682
99999,15,0,0,0,0,0,0,0,0,0,13,0,13,0,0,0,13
99999,15,0,0,1,0,0,0,0,0,0,362,0,0,362,0,0,362
99999,17,0,0,1,1,34,0,0,0,0,0,0,0,0,0,0,34
99999,18,0,0,0,0,0,0,0,0,0,96,0,0,0,0,0,96
99999,18,0,0,0,0,0,0,0,0,0,202,0,0,202,202,0,202
99999,19,0,0,0,0,0,0,0,0,0,18,0,0,18,18,0,18
99999,20,0,1,1,1,0,0,0,0,0,80,0,80,80,80,0,80
99999,20,1,0,0,1,0,0,0,0,0,51,0,0,51,0,0,51
99999,20,1,0,1,1,0,0,0,0,0,0,0,0,15,15,0,15
99999,21,0,0,0,0,0,0,0,0,0,257,0,0,0,0,0,257
99999,22,0,0,1,1,246,0,0,0,0,0,0,0,0,246,0,246
99999,23,1,0,1,1,91,0,0,0,0,0,0,0,0,0,0,91
99999,24,0,0,0,0,0,0,0,0,0,22,0,0,0,0,0,22
99999,25,0,0,0,0,0,0,0,0,0,136,0,0,0,0,0,136
99999,26,0,0,0,0,0,0,0,0,0,18,0,0,0,0,0,18
99999,26,0,0,0,0,0,0,0,0,0,49,0,0,49,49,0,49
99999,26,0,0,0,0,0,0,0,0,0,80,80,0,0,0,80,80
99999,26,0,0,0,1,0,0,0,0,0,19,0,0,19,0,0,19
99999,27,0,0,0,0,0,0,0,0,0,39,0,0,39,0,0,39
99999,28,0,0,0,0,0,0,0,0,0,22,0,22,22,22,0,22
99999,28,0,0,1,0,0,0,0,0,0,108,0,0,0,0,0,108
99999,28,0,1,1,1,0,0,0,0,0,75,0,0,0,75,0,75
99999,29,0,0,0,0,0,0,0,0,0,14,0,0,14,0,0,14
99999,29,0,1,1,1,182,0,0,0,0,182,0,0,0,182,0,182
99999,30,0,0,1,0,0,0,31,0,0,0,0,0,0,0,31,31
99999,31,0,0,0,0,0,0,0,0,0,160,0,0,0,0,0,160
99999,34,0,0,0,0,0,0,0,0,0,19,0,0,19,19,0,19
99999,34,0,0,0,1,169,0,0,0,0,169,0,0,0,0,0,169
99999,35,0,0,0,0,0,0,0,0,0,11,0,0,0,0,0,11
99999,35,0,0,0,0,0,0,0,0,0,33,0,0,33,0,0,33
99999,35,0,0,1,0,0,0,0,0,0,17,0,0,0,17,0,17
99999,36,0,0,0,0,0,0,0,0,0,137,0,0,0,0,0,137
99999,36,0,0,0,0,0,0,0,0,0,473,0,0,473,0,0,473
99999,36,0,0,0,0,0,0,0,0,0,16,0,16,16,0,0,16
99999,36,0,0,1,0,0,0,0,0,0,208,0,0,0,0,0,208
99999,36,0,0,1,1,96,0,0,0,0,0,0,0,96,96,0,96
99999,37,0,0,0,0,0,0,0,0,0,2899,0,0,0,0,0,2899
99999,37,0,0,1,0,0,0,0,0,0,109,0,0,109,109,0,109
99999,38,0,0,0,0,0,0,0,0,0,43,0,0,43,0,0,43
99999,38,0,0,0,0,0,0,0,0,0,44,0,0,44,44,0,44
99999,38,0,0,0,0,29,0,0,0,0,29,0,0,29,0,0,29
99999,39,0,1,1,1,40,0,0,0,0,0,0,40,40,40,0,40
99999,41,0,1,1,1,177,0,0,0,0,0,0,0,0,0,0,177
99999,42,0,0,0,0,0,0,0,0,0,104,0,0,0,0,0,104
99999,42,0,0,0,0,0,0,0,0,0,169,169,0,0,0,0,169
99999,42,0,0,0,1,0,0,0,0,0,51,0,0,51,51,0,51
99999,42,0,0,1,1,0,0,0,0,0,90,0,0,0,90,0,90
99999,43,0,0,1,1,83,0,0,0,0,83,0,0,0,83,0,83
99999,44,0,0,0,0,0,0,0,0,0,521,0,0,0,0,0,521
99999,44,0,0,1,0,38,0,0,0,0,38,0,0,0,0,0,38
99999,45,0,0,0,0,48,0,0,0,0,48,0,0,0,0,0,48
99999,45,0,0,1,1,0,0,0,0,0,32,0,0,0,32,0,32
99999,45,0,0,1,1,0,0,84,0,0,0,0,0,0,0,0,84
99999,45,0,1,0,0,188,0,0,0,0,0,0,188,188,0,0,188
99999,45,0,1,1,1,208,0,208,0,0,208,0,0,0,208,0,208
99999,46,0,0,0,0,0,0,0,0,0,14,0,0,14,0,0,14
99999,46,0,0,0,0,0,347,347,0,0,347,0,0,0,347,0,347
99999,46,0,0,1,1,0,0,0,0,0,69,0,0,0,0,0,69
99999,47,0,0,0,0,0,0,0,0,0,71,0,0,0,0,0,71
99999,47,0,0,0,0,0,0,0,0,0,245,0,0,245,0,0,245
99999,47,0,0,1,1,0,0,0,0,0,88,0,0,0,0,0,88
99999,47,0,1,1,1,29,0,0,0,0,0,0,29,29,29,0,29
99999,48,0,0,0,0,0,0,0,0,0,11,0,0,0,0,0,11
99999,49,0,0,0,0,0,0,0,0,0,7,0,0,7,0,0,7
99999,49,0,0,0,0,0,229,0,0,0,0,0,0,0,0,0,229
99999,50,0,0,1,0,0,0,0,0,0,14,0,0,0,14,0,14
99999,50,0,0,1,0,0,0,0,0,0,61,0,0,61,0,0,61
99999,50,0,0,1,0,0,0,0,0,0,97,97,0,0,0,0,97
99999,51,0,0,1,1,0,0,0,0,0,217,217,0,0,0,0,217
99999,51,0,0,1,1,90,0,0,0,0,0,0,0,0,0,0,90
99999,52,0,1,1,1,42,0,0,0,0,0,0,0,42,42,0,42
99999,52,1,0,0,1,0,0,0,0,0,97,0,0,97,97,0,97
99999,53,0,0,0,0,0,0,0,0,0,91,0,0,91,0,0,91
99999,53,0,0,0,0,21,0,0,0,0,0,0,0,21,0,0,21
99999,53,0,1,1,1,27,0,0,0,0,0,0,0,27,27,0,27
99999,54,0,0,0,0,30,0,0,0,0,0,0,30,0,0,0,30
99999,54,0,0,1,1,0,0,0,0,0,86,0,0,86,86,0,86
99999,55,0,0,0,0,0,0,0,0,0,20,0,0,20,20,0,20
99999,56,1,0,1,1,0,0,0,0,0,22,0,0,0,22,0,22
99999,57,0,0,0,0,0,0,0,0,0,57,0,0,0,0,0,57
99999,57,0,0,0,1,0,0,0,0,0,9,0,9,9,9,0,9
99999,57,0,0,1,1,0,0,0,0,0,40,40,0,0,40,0,40
99999,57,1,0,0,1,67,0,0,0,0,0,0,0,0,67,0,67
99999,58,0,0,0,0,0,0,0,0,0,9,0,0,9,0,0,9
99999,59,0,0,0,0,0,0,0,0,0,98,0,0,0,0,0,98
99999,59,0,0,1,0,0,0,0,0,0,197,0,0,0,0,0,197
99999,59,0,0,1,1,0,0,0,0,0,39,0,0,0,0,0,39
99999,60,0,0,0,0,0,0,0,0,0,73,0,0,73,0,0,73
99999,61,0,0,0,0,0,0,0,0,0,24,0,0,0,0,0,24
99999,61,0,0,0,0,0,0,0,0,0,77,0,77,77,77,0,77
99999,61,0,0,1,0,0,0,0,0,0,121,0,0,0,121,0,121
99999,61,0,0,1,1,0,0,0,0,0,57,0,0,0,0,0,57
99999,62,0,1,1,0,0,0,0,0,0,15,0,0,0,15,0,15
99999,63,0,0,0,0,0,0,0,0,0,49,0,0,0,49,0,49
99999,63,0,1,1,1,39,0,0,0,0,0,0,0,39,39,0,39
99999,64,0,0,0,1,0,0,0,0,0,100,0,0,100,100,0,100
99999,64,0,0,1,0,0,0,0,0,0,120,0,0,0,0,0,120
99999,65,0,0,0,0,0,0,0,0,0,32,0,0,32,32,0,32
99999,65,0,0,1,1,0,0,0,0,0,19,0,0,0,0,0,19
99999,65,0,0,1,1,0,0,0,0,0,105,0,0,105,105,0,105
99999,65,0,0,1,1,40,0,0,0,0,0,0,0,40,0,0,40
99999,65,0,1,1,1,0,0,0,0,0,123,0,0,123,123,0,123
99999,66,0,0,0,0,0,0,0,0,0,19,0,0,0,0,0,19
99999,66,0,0,0,0,0,0,0,0,0,34,0,0,0,34,0,34
99999,66,0,0,0,0,0,0,0,0,0,69,0,0,69,0,0,69
99999,66,0,0,0,0,0,0,0,0,0,129,0,129,129,0,0,129
99999,66,0,0,1,0,0,0,0,0,0,43,43,0,0,0,43,43
99999,66,0,0,1,1,0,0,0,0,0,28,0,0,28,0,0,28
99999,66,0,0,1,1,31,0,0,0,0,0,0,0,0,0,0,31
99999,66,1,0,1,1,0,0,0,0,0,52,0,0,0,0,0,52
99999,67,0,0,0,0,0,0,0,0,0,36,0,0,0,36,0,36
99999,68,0,0,0,0,0,0,0,0,0,247,0,0,0,0,0,247
99999,68,0,0,0,0,0,0,0,0,0,317,0,0,317,0,0,317
99999,68,0,0,1,1,0,0,0,0,0,207,0,0,207,0,0,207
99999,68,0,1,0,0,0,0,0,0,0,19,0,19,19,19,0,19
99999,68,0,1,1,1,0,0,0,0,0,53,0,0,0,53,0,53
99999,68,0,1,1,1,48,0,0,0,0,0,0,0,0,0,0,48
99999,68,1,0,0,0,0,0,0,0,0,58,0,0,58,58,0,58
99999,69,0,0,1,1,66,0,0,0,0,0,0,0,0,66,0,66
99999,69,0,1,0,0,187,0,0,0,0,0,0,0,0,187,0,187
99999,69,0,1,1,0,0,0,0,0,0,61,0,0,0,61,61,61
99999,69,0,1,1,1,0,0,0,0,0,69,0,0,0,69,0,69
99999,70,0,0,0,0,0,0,0,0,0,7,0,0,7,7,0,7
99999,70,0,0,1,1,0,0,0,0,0,78,0,0,78,0,0,78
99999,70,0,1,1,1,0,0,0,0,0,11,0,0,11,11,0,11
99999,70,0,1,1,1,51,0,0,0,0,0,0,0,0,51,0,51
99999,71,0,0,0,0,0,0,0,0,0,447,0,0,0,0,0,447
99999,71,0,0,0,0,0,0,0,0,0,29,0,0,29,0,0,29
99999,72,0,0,0,0,0,0,0,0,0,94,0,0,0,0,0,94
99999,72,0,0,0,0,0,0,0,0,0,120,0,0,120,0,0,120
99999,72,0,0,0,0,0,0,467,0,0,467,0,0,0,467,0,467
99999,72,0,0,0,0,30,0,0,0,0,0,0,0,0,0,0,30
99999,73,0,0,0,0,0,0,0,0,0,365,0,0,0,0,0,365
99999,73,0,0,0,0,0,0,0,0,0,150,0,0,0,150,0,150
99999,73,0,0,0,0,0,0,0,0,0,33,0,0,33,0,0,33
99999,73,0,0,0,0,0,0,0,0,0,55,0,55,0,0,0,55
99999,74,0,0,0,0,0,0,0,0,0,133,0,0,0,0,0,133
99999,74,0,0,0,0,0,0,0,0,0,72,0,0,0,72,0,72
99999,74,0,0,0,0,0,0,0,0,0,156,0,0,156,0,0,156
99999,74,0,0,0,0,0,0,0,0,0,486,486,0,0,0,486,486
99999,74,0,0,0,0,0,0,313,0,0,0,0,0,0,0,0,313
99999,74,0,0,1,0,0,0,0,0,0,109,0,0,109,109,0,109
99999,74,0,0,1,1,0,0,0,0,0,71,0,0,0,0,0,71
99999,74,0,1,0,0,0,0,0,0,0,88,0,0,0,88,0,88
99999,74,0,1,1,1,0,0,0,0,0,33,0,0,33,33,0,33
99999,74,0,1,1,1,0,0,217,0,0,0,0,0,217,217,217,217
99999,75,0,0,0,0,28,0,0,0,0,0,0,0,0,0,0,28
99999,76,0,0,0,0,0,0,0,0,0,32,0,0,0,0,0,32
99999,76,0,0,0,0,0,0,0,0,0,29,0,0,29,29,0,29
99999,76,0,0,1,0,0,0,0,0,0,61,0,0,0,61,0,61
99999,76,0,1,0,0,0,0,0,0,0,92,0,0,0,0,0,92
99999,76,1,0,1,1,34,0,0,0,0,0,0,0,34,0,0,34
99999,77,0,0,0,0,0,0,0,0,0,51,0,0,51,0,0,51
99999,77,0,0,0,0,0,0,0,0,0,93,0,0,93,93,0,93
99999,77,0,0,1,0,0,0,0,0,0,13,0,0,13,0,0,13
99999,77,0,0,1,1,0,0,0,0,0,33,0,0,0,33,0,33
99999,77,0,0,1,1,0,0,0,0,0,99,0,0,99,0,0,99
99999,77,0,1,1,1,0,0,0,0,0,36,0,0,0,36,0,36
99999,77,1,0,1,0,0,0,0,0,0,8,0,0,0,0,0,8
99999,77,1,1,1,1,0,0,0,0,0,26,0,0,26,26,0,26
99999,78,0,0,0,0,0,0,0,0,0,159,0,0,159,159,0,159
99999,78,0,0,0,0,31,0,0,0,0,0,0,31,31,0,0,31
99999,78,0,0,1,1,0,0,0,0,0,419,0,0,0,419,0,419
99999,78,0,0,1,1,0,0,0,0,0,15,0,0,15,0,0,15
99999,79,0,0,0,0,0,0,0,0,0,154,0,0,154,0,0,154
99999,79,0,0,1,1,0,0,0,0,0,37,0,0,0,37,0,37
99999,79,1,0,0,1,0,0,0,0,0,19,0,0,19,0,0,19
99999,80,0,0,0,0,0,0,0,0,0,21,0,0,21,21,0,21
99999,80,0,0,1,0,51,0,0,0,0,0,0,0,51,0,0,51
99999,80,0,0,1,1,0,0,0,0,0,259,0,0,0,259,0,259
99999,80,1,0,1,1,0,0,0,0,0,109,0,0,0,0,0,109
99999,81,0,0,0,0,0,0,0,0,0,49,0,0,49,0,0,49
99999,81,1,1,1,1,0,0,0,0,0,30,0,0,0,30,0,30
99999,82,0,0,0,0,0,0,0,0,0,124,0,0,0,0,0,124
99999,82,0,0,0,0,0,0,0,0,0,35,0,0,0,35,0,35
99999,82,1,0,1,1,0,0,0,0,0,117,0,0,117,117,0,117
99999,82,1,0,1,1,34,0,0,0,0,0,0,0,34,0,0,34
99999,83,0,0,0,0,0,0,0,0,0,16,0,0,16,0,0,16
99999,83,0,0,0,0,0,0,0,0,0,60,0,60,60,60,0,60
99999,83,0,0,0,1,0,0,0,0,0,20,0,0,20,20,0,20
99999,83,0,0,1,1,0,0,0,0,0,17,0,0,17,17,0,17
99999,84,0,0,1,0,0,0,0,0,0,14,0,0,0,0,0,14
99999,84,0,0,1,0,180,0,0,0,0,180,0,0,0,180,0,180
99999,85,0,0,0,0,0,0,0,0,0,407,0,0,0,0,0,407
99999,85,0,0,0,0,0,0,0,0,0,15,0,0,15,15,0,15
99999,85,0,0,0,1,0,0,0,0,0,126,0,0,0,126,0,126
99999,85,0,0,1,0,0,0,0,0,0,111,0,0,0,111,0,111
99999,85,0,0,1,1,0,0,0,0,0,450,0,0,450,450,0,450
99999,86,0,0,0,0,0,0,0,0,0,60,0,0,0,0,0,60
99999,86,0,0,0,0,0,0,0,0,0,463,0,0,463,0,0,463
99999,86,0,0,0,0,0,0,0,0,0,67,0,0,67,67,0,67
99999,86,0,0,0,0,0,0,0,0,0,183,0,183,183,183,0,183
99999,86,1,0,1,0,0,0,0,0,0,26,0,0,0,0,0,26
99999,88,0,0,0,0,0,0,0,0,0,93,0,0,0,0,0,93
99999,88,0,0,0,0,0,0,0,0,0,197,0,0,0,197,0,197
99999,88,0,0,0,0,0,0,0,0,0,38,0,0,38,0,0,38
99999,88,0,0,1,0,0,0,0,0,0,31,0,0,0,0,0,31
99999,88,0,0,1,0,0,0,0,0,0,44,0,0,44,0,0,44
99999,88,0,0,1,0,0,0,0,0,0,14,0,0,14,14,0,14
99999,88,0,0,1,1,0,0,0,0,0,0,10,0,0,0,0,10
99999,89,0,0,0,0,0,0,0,0,0,21,0,0,0,0,0,21
99999,89,0,0,0,0,0,0,0,0,0,15,0,0,15,0,0,15
99999,89,0,0,0,0,0,0,0,0,0,16,0,0,16,16,0,16
99999,89,0,0,0,1,0,0,0,0,0,101,0,0,0,0,0,101
99999,89,0,0,1,0,0,0,0,0,0,0,0,23,23,23,0,23
99999,89,0,0,1,1,0,0,0,0,0,33,0,0,33,0,0,33
99999,89,0,1,0,0,0,0,0,0,0,139,0,0,139,139,0,139
99999,90,0,0,0,0,0,0,0,0,0,100,0,0,0,0,0,100
99999,90,0,0,0,0,0,0,0,0,0,33,0,33,33,0,0,33
99999,91,0,0,0,0,127,0,0,0,0,127,0,0,0,127,0,127
99999,91,0,0,1,0,0,0,0,0,0,17,0,17,17,17,0,17
99999,92,0,0,0,0,83,0,0,0,0,83,0,0,0,0,0,83
99999,92,0,0,1,1,0,0,0,0,0,195,0,0,0,195,0,195
99999,92,0,1,1,1,0,0,0,0,0,39,0,0,0,39,0,39
99999,93,0,0,0,0,0,0,0,0,0,52,0,0,52,52,0,52
99999,93,0,0,0,0,0,0,0,0,0,181,0,181,0,0,0,181
99999,93,0,1,0,0,0,0,0,0,0,44,0,44,44,44,0,44
99999,94,0,0,0,0,0,0,0,0,0,47,0,0,47,0,0,47
99999,94,0,0,0,0,0,0,0,0,0,64,0,0,64,64,0,64
99999,94,0,0,1,1,0,0,0,0,0,15,0,0,0,0,0,15
99999,95,0,0,0,0,0,0,0,0,0,27,0,0,27,0,0,27
99999,95,0,0,0,0,0,0,0,0,0,17,0,0,17,17,0,17
99999,95,0,0,0,1,0,0,0,0,0,143,0,0,143,0,0,143
99999,95,0,0,1,1,0,0,0,0,0,63,0,0,0,0,0,63
99999,95,0,0,1,1,0,0,0,0,0,34,0,0,34,0,0,34
99999,95,0,0,1,1,0,0,0,0,0,84,0,0,84,84,0,84
99999,96,0,0,0,0,0,0,0,0,0,85,0,0,85,0,0,85
99999,96,0,0,0,0,0,0,0,0,0,236,0,0,236,236,0,236
99999,96,0,0,0,0,0,0,0,0,0,56,56,0,0,0,56,56
99999,96,0,0,0,1,0,0,0,0,0,339,0,0,339,0,0,339
99999,96,0,0,1,1,0,231,0,0,0,0,0,0,0,231,231,231
99999,97,0,0,0,0,0,0,0,0,0,65,0,0,65,65,0,65
99999,97,0,1,0,1,0,0,0,0,0,159,0,0,159,0,0,159
99999,98,0,0,0,0,0,0,0,0,0,25,0,0,25,25,0,25
99999,98,0,0,1,0,0,0,0,0,0,24,0,0,0,0,0,24
99999,98,1,0,1,0,0,0,0,0,0,28,0,0,28,0,0,28
99999,99,0,0,0,0,0,0,0,0,0,60,0,0,0,0,0,60
99999,99,0,0,0,0,0,0,0,0,0,389,0,0,0,389,0,389
99999,99,0,0,0,0,0,0,0,0,0,11,0,0,11,0,0,11
99999,99,0,0,0,0,0,0,0,0,0,17,0,0,17,17,0,17
99999,99,0,0,1,1,0,0,0,0,0,56,0,0,0,56,0,56
99999,100,0,0,0,0,0,0,0,0,0,53,0,0,0,0,0,53
99999,100,0,0,0,0,0,0,0,0,0,31,0,0,31,0,0,31
99999,100,0,0,0,0,0,0,0,0,0,29,0,29,29,29,0,29
99999,100,0,0,1,0,0,0,0,0,0,13,0,0,13,13,0,13
99999,101,0,0,0,0,0,0,0,0,0,160,0,0,160,160,0,160
99999,101,0,0,0,1,0,0,0,0,0,154,0,0,154,0,0,154
99999,101,0,0,0,1,0,0,0,0,0,144,0,0,144,144,0,144
99999,101,0,0,1,0,0,0,0,0,0,51,0,0,51,0,0,51
99999,101,1,1,1,1,0,181,181,0,0,0,0,0,181,181,0,181
99999,102,0,0,0,0,0,0,0,0,0,506,0,0,506,506,0,506
99999,102,1,0,1,1,0,0,0,0,0,28,0,0,28,0,0,28
99999,103,0,0,0,0,0,0,0,0,0,13,0,13,13,0,0,13
99999,103,0,0,0,0,75,0,0,0,0,0,0,0,0,75,0,75
99999,103,0,0,1,0,0,0,0,0,0,17,0,0,17,0,0,17
99999,103,0,0,1,0,0,0,0,0,0,10,0,0,10,10,0,10
99999,104,0,0,0,0,0,0,0,0,0,96,0,0,0,0,0,96
99999,104,0,0,0,0,0,0,0,0,0,101,0,0,101,0,0,101
99999,104,0,0,0,0,0,0,0,0,0,15,0,0,15,15,0,15
99999,104,0,0,0,1,0,0,0,0,0,40,0,0,40,40,0,40
99999,104,0,0,1,0,28,0,0,0,0,28,0,0,0,28,0,28
99999,105,0,0,0,0,0,0,0,0,0,78,0,0,78,0,0,78
99999,105,0,0,0,0,79,0,79,0,0,79,79,0,0,0,0,79
99999,106,0,0,0,0,0,0,0,0,0,18,0,0,0,0,0,18
99999,106,0,0,0,0,0,0,0,0,0,157,0,0,0,0,157,157
99999,106,0,0,0,0,0,0,0,0,0,169,0,0,169,169,0,169
99999,106,0,0,1,0,0,0,0,0,0,24,0,0,0,24,0,24
99999,107,0,0,0,0,0,0,0,0,0,87,0,0,0,0,0,87
99999,107,0,0,0,0,0,0,334,0,0,0,0,0,0,0,0,334
99999,108,0,0,0,0,0,0,0,0,0,82,0,0,82,0,0,82
99999,108,0,0,0,0,0,0,0,0,0,26,0,26,26,0,0,26
99999,108,0,0,1,0,0,0,0,0,0,14,0,14,0,0,0,14
99999,109,0,0,0,0,0,0,0,0,0,407,0,0,0,0,0,407
99999,109,0,0,0,0,0,0,0,0,0,103,0,0,103,0,0,103
99999,109,0,0,0,0,0,0,0,0,0,96,0,0,96,96,0,96
99999,109,0,0,0,0,0,0,0,0,0,11,0,11,0,11,0,11
99999,109,0,0,1,1,0,0,0,0,0,86,0,86,0,86,0,86
99999,109,0,1,0,0,0,0,0,0,0,116,0,0,116,0,0,116
99999,110,0,0,0,0,0,0,0,0,0,127,0,0,127,127,0,127
99999,110,0,0,0,0,0,0,0,0,0,41,0,41,41,41,0,41
99999,110,0,0,0,0,0,0,0,0,0,185,185,0,0,0,0,185
99999,110,0,0,0,0,84,0,0,0,0,0,0,0,0,84,0,84
99999,110,0,0,0,0,325,0,0,0,0,325,0,0,0,0,0,325
99999,110,1,0,1,1,0,0,0,0,0,112,0,0,112,112,0,112
99999,110,1,0,1,1,71,0,0,0,0,0,0,0,0,0,0,71
99999,111,0,0,0,0,0,0,0,0,0,65,0,0,0,0,0,65
99999,111,0,0,1,0,0,0,0,0,0,0,36,0,36,0,0,36
99999,111,0,0,1,0,0,0,0,0,0,33,0,0,0,0,0,33
99999,111,0,0,1,1,0,0,0,0,0,13,0,0,13,13,0,13
99999,112,0,0,0,0,0,0,0,0,0,351,0,0,0,351,0,351
99999,112,0,0,0,1,0,0,0,0,0,11,0,0,11,11,0,11
99999,113,0,0,0,0,0,0,0,0,0,28,0,0,28,0,0,28
99999,113,0,0,0,0,0,0,0,0,0,103,0,0,103,103,0,103
99999,113,0,1,1,0,0,0,0,0,0,14,0,0,0,0,0,14
99999,113,0,1,1,1,0,0,0,0,0,59,0,0,59,59,0,59
99999,114,0,0,0,0,0,0,0,0,0,122,0,0,122,0,0,122
99999,114,0,0,0,0,0,0,0,0,0,189,0,0,189,189,0,189
99999,114,0,0,1,0,0,0,0,0,0,56,0,0,56,0,0,56
99999,115,0,0,0,0,0,0,0,0,0,108,0,0,0,0,0,108
99999,115,0,0,0,1,70,0,0,0,0,0,70,0,0,0,0,70
99999,115,1,0,1,1,0,0,0,0,0,38,0,38,38,0,0,38
99999,116,0,0,0,0,0,0,0,0,0,15,0,0,0,0,0,15
99999,116,0,0,0,0,0,0,0,0,0,167,0,0,167,0,0,167
99999,116,0,0,0,0,0,0,0,0,0,17,0,17,0,0,0,17
99999,116,0,0,0,0,0,0,0,0,0,161,0,161,161,0,0,161
99999,116,0,0,1,0,0,0,60,0,0,60,0,0,0,0,0,60
99999,116,0,0,1,1,0,0,251,0,0,251,251,251,0,251,0,251
99999,117,0,0,0,0,0,0,0,0,0,24,0,0,0,0,0,24
99999,117,0,0,0,0,0,0,0,0,0,25,0,0,25,25,0,25
99999,117,0,0,1,1,0,0,0,0,0,25,0,0,0,0,0,25
99999,117,0,1,1,1,0,0,0,0,0,151,0,0,151,151,0,151
99999,117,1,0,1,0,0,0,0,0,0,118,0,0,0,118,0,118
99999,118,0,0,0,0,0,0,0,0,0,63,0,0,63,0,0,63
99999,118,0,0,0,0,0,0,0,0,0,28,0,28,28,0,0,28
99999,118,0,0,1,1,174,0,0,0,0,0,0,0,0,174,0,174
99999,119,0,0,0,0,0,0,0,0,0,70,0,0,70,0,0,70
99999,119,0,0,1,0,0,0,0,0,0,339,0,0,0,339,0,339
99999,120,0,0,0,0,0,0,0,0,0,18,0,0,0,0,0,18
99999,120,0,0,0,0,0,0,0,0,0,149,0,0,149,0,0,149
99999,120,0,0,0,0,0,0,0,0,0,71,0,0,71,71,0,71
99999,120,0,0,0,1,0,0,778,0,0,0,0,0,0,0,778,778
99999,120,0,0,1,1,0,0,0,0,0,31,0,0,31,31,0,31
99999,121,0,0,0,0,0,0,0,0,0,70,0,70,70,70,0,70
99999,121,0,0,1,0,0,0,0,0,0,19,0,0,19,0,0,19
99999,121,0,0,1,1,0,0,0,0,0,79,0,0,0,0,0,79
99999,121,0,1,1,1,0,0,485,0,0,485,0,0,0,485,0,485
99999,122,0,0,0,0,0,0,0,0,0,27,0,0,27,0,0,27
99999,122,0,0,0,0,0,0,0,0,0,114,0,0,114,114,0,114
99999,122,0,0,0,0,0,0,0,0,0,20,0,20,20,0,0,20
99999,122,0,0,1,0,0,0,0,0,0,139,0,0,0,0,0,139
99999,122,0,0,1,0,0,0,0,0,0,50,0,50,50,50,0,50
99999,123,0,0,0,0,0,0,0,0,0,120,0,120,0,0,0,120
99999,123,0,0,0,0,0,0,0,0,0,581,581,0,0,0,0,581
99999,124,0,0,0,0,0,0,0,0,0,62,0,0,62,0,0,62
99999,124,0,0,0,0,0,0,0,0,0,36,0,0,36,36,0,36
99999,124,0,0,0,0,0,0,0,0,0,28,0,28,28,0,0,28
99999,124,0,0,1,0,0,0,0,0,0,31,0,0,31,0,0,31
99999,124,0,0,1,1,0,0,0,0,0,143,0,0,0,0,0,143
99999,124,0,1,1,0,19,0,0,0,0,19,0,0,19,19,0,19
99999,125,0,0,0,0,0,0,0,0,0,42,0,0,0,0,0,42
99999,125,0,0,0,0,0,0,0,0,0,224,0,0,224,0,0,224
99999,125,0,0,1,0,0,0,0,0,0,16,0,0,0,0,0,16
99999,125,0,0,1,0,0,0,0,0,0,37,0,0,37,0,0,37
99999,125,1,0,1,0,0,0,0,0,0,58,0,0,0,0,0,58
99999,126,0,0,0,0,0,0,0,0,0,40,0,0,40,0,0,40
99999,126,0,0,1,0,275,0,0,0,0,0,0,0,0,0,0,275
99999,127,0,0,0,0,0,0,0,0,0,21,0,21,21,0,0,21
99999,127,0,0,1,0,0,0,0,0,0,19,0,0,19,19,0,19
99999,127,0,0,1,0,0,0,0,0,0,188,0,188,188,0,0,188
99999,127,1,0,1,1,0,0,0,0,0,45,0,0,45,0,0,45
99999,128,0,0,0,0,0,0,0,0,0,99,0,0,0,0,0,99
99999,128,0,0,0,0,0,0,0,0,0,97,0,0,97,0,0,97
99999,128,0,0,0,0,0,0,0,0,0,110,0,110,110,110,0,110
99999,128,0,0,0,0,0,246,0,0,0,246,0,0,0,0,0,246
99999,128,0,0,0,1,0,0,0,0,0,219,0,0,219,0,0,219
99999,128,0,0,1,1,0,0,0,0,0,118,0,0,0,118,0,118
99999,129,0,0,0,0,0,0,0,0,0,115,0,0,115,0,0,115
99999,129,0,0,0,0,0,0,0,0,0,42,0,0,42,42,0,42
99999,129,0,0,1,0,0,0,0,0,0,175,0,0,0,175,0,175
99999,129,0,0,1,0,0,10,0,0,0,10,0,0,0,0,0,10
99999,129,0,0,1,1,0,0,0,0,0,186,0,0,0,186,0,186
99999,130,0,0,0,0,0,0,0,0,0,127,0,0,127,0,0,127
99999,130,0,0,0,0,0,0,0,0,0,96,0,0,96,96,0,96
99999,130,0,0,0,0,669,0,0,0,0,669,0,0,0,669,0,669
99999,131,0,0,0,0,0,0,0,0,0,142,0,0,142,0,0,142
99999,131,0,0,0,0,0,0,51,0,0,51,0,0,0,0,0,51
99999,132,0,0,0,0,0,0,0,0,0,23,0,0,0,0,0,23
99999,132,0,0,0,0,0,0,0,0,0,38,0,0,38,0,0,38
99999,132,0,0,0,0,0,0,0,0,0,242,0,0,242,242,0,242
99999,132,0,0,0,0,741,0,0,0,0,741,0,0,741,741,0,741
99999,132,0,0,0,0,48,0,0,0,0,48,0,48,48,48,0,48
99999,132,0,0,1,0,0,0,0,0,0,13,0,0,13,0,0,13
99999,132,0,0,1,0,0,0,0,0,0,27,0,0,27,27,0,27
99999,133,0,0,0,0,0,0,0,0,0,401,0,0,0,0,0,401
99999,133,0,0,0,0,0,0,0,0,0,93,0,0,93,0,0,93
99999,133,0,0,0,1,0,0,0,0,0,18,0,0,18,0,0,18
99999,133,0,0,1,1,0,0,0,0,0,16,0,0,16,16,0,16
99999,133,0,1,1,1,128,0,0,0,0,0,0,0,128,128,0,128
99999,134,0,0,0,0,0,0,0,0,0,36,0,0,0,0,0,36
99999,134,0,0,0,0,0,0,0,0,0,320,0,0,320,0,0,320
99999,134,0,0,0,0,0,0,0,0,0,74,0,0,74,74,0,74
99999,134,0,0,0,0,0,0,0,0,0,34,0,0,34,34,34,34
99999,134,0,0,1,0,0,0,0,0,0,173,0,0,0,0,0,173
99999,135,0,0,0,0,0,0,0,0,0,36,0,0,36,0,0,36
99999,135,0,0,1,0,0,0,0,0,0,28,0,0,28,28,0,28
99999,135,1,0,0,1,0,0,0,0,0,48,0,48,48,48,0,48
99999,136,0,0,0,0,0,0,0,0,0,155,0,0,155,155,0,155
99999,136,0,0,0,0,0,0,0,0,0,21,0,21,21,0,0,21
99999,136,0,1,0,1,24,0,0,0,0,0,0,0,0,0,0,24
99999,137,0,0,0,0,0,0,0,0,0,85,0,0,85,85,0,85
99999,138,0,0,0,0,0,0,0,0,0,236,0,0,0,0,0,236
99999,138,0,0,0,0,0,0,0,0,0,18,0,0,18,0,0,18
99999,138,1,1,1,1,0,0,0,0,0,33,0,0,0,33,0,33
99999,139,0,0,0,0,0,0,0,0,0,108,0,0,0,0,0,108
99999,139,0,0,0,0,0,0,0,0,0,151,0,0,151,0,0,151
99999,139,0,0,0,0,0,0,0,0,0,14,0,14,14,14,0,14
99999,139,0,0,0,1,0,0,0,0,0,14,0,0,14,14,0,14
99999,140,0,0,0,0,0,0,0,0,0,186,0,0,0,0,0,186
99999,140,0,0,0,0,0,0,0,0,0,203,0,0,203,0,0,203
99999,140,0,0,0,0,0,0,0,0,0,154,0,154,0,0,0,154
99999,140,0,0,1,0,0,0,0,0,0,37,0,37,37,0,0,37
99999,140,0,1,0,0,0,0,0,0,0,18,0,0,18,18,0,18
99999,141,0,0,0,0,0,0,0,0,0,0,563,0,0,0,563,563
99999,141,0,0,0,0,0,0,0,0,0,56,0,0,56,0,0,56
99999,141,0,0,0,0,0,0,0,0,0,102,0,0,102,102,0,102
99999,141,0,0,0,0,0,0,0,0,0,10,0,0,10,10,10,10
99999,141,0,1,0,0,0,0,0,0,0,128,0,0,128,128,0,128
99999,142,0,0,0,0,0,0,0,0,0,361,0,0,0,0,0,361
99999,142,0,0,0,0,0,0,0,0,0,100,0,0,100,0,0,100
99999,142,0,0,0,0,0,0,0,0,0,53,0,0,53,53,0,53
99999,142,0,0,0,0,0,0,0,0,0,415,0,415,0,0,0,415
99999,142,0,0,1,0,0,0,0,0,0,82,0,0,0,0,0,82
99999,143,0,0,0,0,0,0,0,0,0,160,0,0,0,0,0,160
99999,143,0,0,0,0,0,0,0,0,0,239,0,0,239,0,0,239
99999,143,0,0,0,0,0,0,0,0,0,34,0,0,34,34,0,34
99999,143,0,0,0,0,0,0,0,0,0,237,0,237,237,0,0,237
99999,143,0,0,0,0,0,0,0,0,0,161,0,161,161,161,0,161
99999,143,0,0,0,1,0,0,0,0,0,135,0,0,135,135,0,135
99999,143,0,0,1,0,0,0,0,0,0,61,0,0,0,0,0,61
99999,144,0,0,0,0,0,0,0,0,0,39,0,0,0,0,0,39
99999,144,0,0,0,0,0,0,0,0,0,26,0,0,26,0,0,26
99999,144,0,0,0,0,0,0,0,0,0,179,0,179,179,0,0,179
99999,144,0,0,1,0,0,0,0,0,0,582,0,0,0,0,0,582
99999,144,0,1,0,0,0,0,0,0,0,31,0,0,31,0,0,31
99999,144,0,1,0,0,0,114,0,0,0,0,0,0,0,0,114,114
99999,145,0,0,0,0,0,0,0,0,0,102,0,0,102,102,0,102
99999,145,0,0,0,1,0,0,0,0,0,29,0,0,29,0,0,29
99999,145,0,0,1,0,0,0,0,0,0,21,0,0,0,0,0,21
99999,146,0,0,0,0,0,0,0,0,0,178,0,0,0,0,0,178
99999,146,0,0,0,0,0,0,0,0,0,78,0,78,78,0,0,78
99999,146,0,0,0,0,0,0,568,0,0,568,0,0,0,0,0,568
99999,146,0,0,0,0,64,0,0,0,0,0,0,0,0,0,0,64
99999,146,0,0,1,0,15,0,0,0,0,15,0,0,0,0,0,15
99999,147,0,0,0,0,0,0,0,0,0,347,0,0,0,0,0,347
99999,147,0,0,0,0,0,0,0,0,0,74,0,0,74,74,0,74
99999,147,0,0,0,0,0,0,0,0,0,86,0,86,86,0,0,86
99999,148,0,0,0,0,0,0,0,0,0,0,825,825,0,0,0,825
99999,148,0,0,0,0,0,0,0,0,0,220,0,0,0,0,0,220
99999,148,0,0,0,0,0,0,0,0,0,35,0,0,35,0,0,35
99999,148,0,0,0,1,0,0,0,0,0,18,0,0,0,0,0,18
99999,148,0,0,1,0,0,0,0,0,0,325,0,0,0,0,0,325
99999,148,0,0,1,0,13,0,0,0,0,13,0,13,13,13,0,13
99999,148,1,0,0,0,207,0,0,0,0,207,0,0,0,0,0,207
99999,149,0,0,0,0,0,0,0,0,0,158,0,0,0,158,0,158
99999,149,0,0,0,0,0,0,0,0,0,114,0,0,114,0,0,114
99999,150,0,0,0,0,0,0,0,0,0,179,0,0,0,0,0,179
99999,150,0,0,0,0,0,0,0,0,0,161,0,161,161,161,0,161
99999,151,0,0,0,0,0,0,0,0,0,117,0,0,0,0,0,117
99999,151,0,0,0,0,0,0,0,0,0,102,0,102,0,102,0,102
99999,151,0,0,1,0,0,0,0,0,0,39,0,39,39,39,0,39
99999,152,0,0,0,0,0,0,0,0,0,40,0,0,40,0,0,40
99999,152,0,0,0,0,227,0,0,0,0,227,0,0,0,0,0,227
99999,152,0,0,0,1,0,0,0,0,0,19,0,0,19,19,0,19
99999,153,0,0,0,0,0,0,0,0,0,49,0,0,49,0,0,49
99999,153,0,0,0,0,0,0,0,0,0,26,0,0,26,26,0,26
99999,153,0,0,0,0,0,0,0,0,0,68,0,68,68,68,0,68
99999,153,0,0,0,1,0,0,0,0,0,42,0,0,0,0,0,42
99999,153,0,0,1,0,0,0,0,0,0,176,0,0,176,0,0,176
99999,153,1,0,0,0,0,0,0,0,0,85,0,0,85,0,0,85
99999,153,1,0,0,1,0,0,0,0,0,15,0,15,0,15,0,15
99999,154,0,0,0,0,0,0,0,0,0,26,0,0,26,0,0,26
99999,154,0,0,0,0,0,0,0,0,0,26,0,0,26,26,0,26
99999,155,0,0,0,0,0,0,0,0,0,393,393,0,0,0,0,393
99999,155,0,0,1,0,0,0,0,0,0,51,0,0,0,0,0,51
99999,155,1,0,0,0,0,0,0,0,0,10,0,0,10,10,0,10
99999,156,0,0,0,0,0,0,0,0,0,435,0,0,0,0,0,435
99999,156,0,0,0,0,67,0,0,0,0,0,0,0,0,0,0,67
99999,157,0,0,0,0,0,0,0,0,0,40,0,0,40,0,0,40
99999,157,0,0,0,0,0,0,0,0,0,26,0,0,26,26,0,26
99999,157,0,0,0,0,0,0,347,0,0,347,347,0,0,347,347,347
99999,157,0,0,1,0,0,0,0,0,0,243,0,0,0,243,0,243
99999,157,0,0,1,1,54,0,0,0,0,0,0,54,0,0,0,54
99999,157,1,0,1,0,21,0,0,0,0,21,0,0,0,0,0,21
99999,157,1,1,1,1,0,0,0,60,0,60,0,0,0,60,0,60
99999,158,0,0,0,0,0,0,0,0,0,28,0,0,0,0,0,28
99999,158,0,0,0,0,0,0,0,0,0,44,0,0,44,44,0,44
99999,158,0,0,0,1,0,0,0,0,0,46,0,46,46,46,0,46
99999,158,0,1,1,0,0,0,0,0,0,42,0,0,42,42,0,42
99999,159,0,0,0,0,0,0,0,0,0,0,9,0,9,0,9,9
99999,159,0,0,0,0,0,0,0,0,0,132,0,0,0,0,0,132
99999,159,0,0,0,0,0,0,0,0,0,86,0,0,86,0,0,86
99999,159,0,0,0,0,0,0,0,0,0,474,474,0,474,474,474,474
99999,159,0,0,0,1,0,0,0,0,0,10,0,0,10,0,0,10
99999,160,0,0,0,0,0,0,0,0,0,209,0,0,209,0,0,209
99999,160,0,0,0,0,0,0,0,0,0,63,0,0,63,63,0,63
99999,160,0,0,0,0,0,0,2104,0,0,0,0,0,0,0,0,2104
99999,161,0,0,0,0,0,0,95,0,0,95,0,95,0,0,0,95
99999,161,0,0,0,0,122,0,0,0,0,122,0,122,122,0,0,122
99999,161,0,0,0,1,0,0,0,0,0,94,0,0,0,94,0,94
99999,161,0,0,1,0,0,0,0,0,0,50,0,50,50,50,0,50
99999,162,0,0,0,0,0,0,0,0,0,483,0,0,483,0,0,483
99999,162,0,0,0,0,0,0,0,0,0,62,0,62,62,0,0,62
99999,162,0,0,1,0,0,0,0,0,0,23,0,0,23,23,0,23
99999,163,0,0,0,0,0,0,0,0,0,901,0,0,0,0,0,901
99999,163,0,0,0,0,0,0,0,0,0,127,0,0,127,127,0,127
99999,163,0,0,0,0,0,0,0,0,0,19,0,19,19,19,0,19
99999,163,0,0,0,0,0,198,0,0,0,0,0,0,0,0,198,198
99999,163,0,0,1,0,0,0,0,0,0,90,0,0,90,90,0,90
99999,163,0,1,1,1,0,0,0,0,0,12,0,0,12,12,0,12
99999,164,0,0,0,0,0,0,0,0,0,45,0,0,45,0,0,45
99999,164,0,0,0,0,598,0,0,0,0,598,0,0,0,598,0,598
99999,164,0,0,1,0,0,0,235,0,0,0,0,0,0,0,0,235
99999,165,0,0,0,0,0,0,0,0,0,31,0,0,31,31,0,31
99999,165,0,0,1,0,0,0,0,0,0,27,0,0,27,27,0,27
99999,166,0,0,0,0,0,0,0,0,0,224,0,0,224,224,0,224
99999,166,0,0,0,0,0,0,0,0,0,125,0,125,125,0,0,125
99999,166,0,0,1,0,187,0,0,0,0,0,0,0,0,0,0,187
99999,166,0,1,1,0,0,0,0,0,0,16,0,0,16,16,0,16
99999,167,0,0,0,0,0,0,0,0,0,119,0,0,0,0,0,119
99999,167,0,0,0,0,51,0,0,0,0,0,0,0,51,51,51,51
99999,167,0,1,0,0,0,0,0,0,0,126,0,126,126,126,0,126
99999,168,0,0,0,0,0,0,0,0,0,55,0,0,0,0,0,55
99999,168,0,0,0,0,0,0,0,0,0,127,0,0,0,0,127,127
99999,168,0,0,0,0,0,0,0,0,0,153,0,0,0,153,0,153
99999,168,0,0,0,0,0,0,0,0,0,15,0,0,15,0,0,15
99999,168,0,0,0,0,0,0,0,0,0,103,0,103,103,0,0,103
99999,168,0,0,0,0,0,0,0,0,0,15,0,15,15,15,0,15
99999,168,0,0,1,0,0,0,0,0,0,54,0,0,0,0,0,54
99999,169,0,0,0,0,0,0,0,0,0,10,0,0,10,0,0,10
99999,169,0,0,0,0,0,0,0,0,0,26,0,26,0,0,0,26
99999,169,0,0,1,0,0,0,0,0,0,34,0,34,34,34,0,34
99999,169,0,0,1,0,30,0,0,0,0,30,30,0,0,30,0,30
99999,170,0,0,0,0,0,0,0,0,0,400,0,0,0,0,0,400
99999,170,0,0,0,0,0,0,0,0,0,228,0,0,0,228,0,228
99999,170,0,0,0,0,0,0,0,0,0,119,0,0,119,0,0,119
99999,170,0,0,0,0,0,0,0,0,0,90,0,0,90,90,0,90
99999,170,0,0,0,0,0,0,0,0,0,173,0,173,173,173,0,173
99999,171,0,0,0,0,0,0,0,0,0,266,0,0,266,0,0,266
99999,171,0,0,0,0,0,0,0,0,0,418,0,0,418,418,0,418
99999,172,0,0,0,0,0,0,0,0,0,451,0,0,0,0,0,451
99999,172,0,0,0,0,0,0,0,0,0,34,0,0,34,34,0,34
99999,172,0,0,0,0,0,0,0,0,0,234,0,234,0,0,0,234
99999,172,0,0,1,0,0,0,0,0,0,48,0,0,48,48,0,48
99999,173,0,0,0,0,0,0,0,0,0,163,0,0,0,0,0,163
99999,173,0,0,0,0,0,0,0,0,0,105,0,0,0,0,105,105
99999,173,0,0,0,0,0,0,0,0,0,25,0,0,25,0,0,25
99999,173,0,0,1,0,0,0,0,0,0,173,0,0,0,0,0,173
99999,174,0,0,0,0,0,0,0,0,0,138,0,0,138,0,0,138
99999,174,0,0,0,0,0,0,0,0,0,138,0,0,138,138,0,138
99999,174,0,0,0,0,0,0,0,0,0,623,623,0,0,0,0,623
99999,175,0,0,0,0,0,0,0,0,0,31,0,0,31,0,0,31
99999,175,0,0,0,0,0,0,0,0,0,168,0,0,168,168,0,168
99999,175,0,0,0,0,0,0,0,0,0,12,0,12,12,0,0,12
99999,175,0,0,0,0,0,0,0,0,0,108,0,108,108,108,0,108
99999,175,1,0,1,1,50,0,0,0,0,0,0,0,0,0,0,50
99999,176,0,0,0,0,0,0,0,0,0,142,0,0,0,0,0,142
99999,176,0,0,0,0,0,0,0,0,0,22,0,0,22,0,0,22
99999,176,0,0,0,0,0,0,0,0,0,142,0,142,0,0,0,142
99999,176,0,0,1,0,0,0,0,0,0,328,0,328,0,0,0,328
99999,177,0,0,0,0,0,0,0,0,0,242,0,0,0,0,0,242
99999,177,0,0,0,0,0,0,0,0,0,138,0,0,138,0,0,138
99999,177,0,0,0,0,0,0,0,0,0,12,0,12,12,0,0,12
99999,177,0,0,0,0,0,0,145,0,0,0,0,145,0,0,0,145
99999,177,0,0,1,0,0,0,0,0,0,167,0,0,0,0,0,167
99999,177,0,1,0,0,0,0,0,0,0,23,0,23,0,23,0,23
99999,178,0,0,0,0,0,0,0,0,0,815,0,0,0,0,0,815
99999,178,0,0,0,0,0,0,0,0,0,986,0,0,0,0,986,986
99999,178,0,0,0,0,0,0,0,0,0,21,0,21,0,0,0,21
99999,178,0,0,0,0,0,0,205,0,0,0,0,0,0,0,205,205
99999,178,0,0,0,0,34,0,0,0,0,34,0,0,0,34,0,34
99999,179,0,0,0,0,0,0,0,0,0,298,0,0,0,0,0,298
99999,180,0,0,0,0,0,0,0,0,0,41,0,41,41,41,0,41
99999,181,0,0,0,0,0,0,0,0,0,47,0,0,0,0,0,47
99999,181,0,0,0,0,0,0,0,0,0,337,0,337,337,0,0,337
99999,182,0,0,0,0,0,0,0,0,0,377,0,0,0,0,0,377
99999,182,0,0,0,0,0,0,0,0,0,138,0,0,138,0,0,138
99999,182,0,0,0,0,0,0,0,0,0,19,0,0,19,0,19,19
99999,182,0,0,0,0,0,0,0,0,0,50,0,0,50,50,0,50
99999,182,0,0,1,0,0,0,0,0,0,58,0,0,58,0,0,58
99999,182,0,1,0,0,0,0,0,0,0,14,0,14,14,14,0,14
99999,183,0,0,0,0,0,0,0,0,0,196,0,0,0,0,0,196
99999,183,0,0,0,0,0,0,0,0,0,20,0,0,20,0,0,20
99999,183,0,0,0,0,0,0,0,0,0,57,0,0,57,57,0,57
99999,183,0,0,0,0,0,0,0,0,0,23,0,23,23,0,0,23
99999,183,0,0,0,0,0,0,0,0,0,38,0,38,38,38,0,38
99999,183,0,0,0,0,0,25,0,0,0,0,0,0,0,0,0,25
99999,183,0,0,1,0,0,0,0,0,0,28,0,0,0,0,0,28
99999,184,0,0,0,0,0,0,0,0,0,210,0,0,0,0,0,210
99999,184,0,0,0,0,0,0,0,0,0,374,0,0,0,374,374,374
99999,184,0,0,0,0,0,0,0,0,0,181,0,0,181,181,0,181
99999,184,0,0,0,0,29,0,0,0,0,0,0,0,0,0,29,29
99999,184,0,0,1,0,0,0,0,0,0,40,0,0,40,0,0,40
99999,184,1,0,0,0,0,0,0,0,0,110,0,0,110,110,0,110
99999,185,0,0,0,0,0,0,0,0,0,72,0,72,0,72,0,72
99999,185,0,0,0,0,0,0,0,0,0,119,0,119,119,119,0,119
99999,185,0,0,0,0,20,0,0,0,0,0,0,20,20,0,20,20
99999,186,0,0,0,0,0,0,0,0,0,12,0,0,0,0,0,12
99999,186,0,0,0,0,0,0,0,0,0,172,0,0,172,0,0,172
99999,187,0,0,0,0,0,0,0,0,0,14,0,14,14,14,0,14
99999,187,0,0,1,1,0,0,0,0,0,115,0,0,0,0,0,115
99999,187,1,0,0,0,0,0,0,0,0,159,0,0,159,159,0,159
99999,188,0,0,0,0,0,0,0,0,0,26,0,0,0,0,0,26
99999,188,0,0,0,0,0,0,0,0,0,24,0,0,24,0,0,24
99999,189,0,0,0,0,0,0,0,0,0,266,0,0,0,0,0,266
99999,189,0,0,0,0,0,0,0,0,0,15,0,0,0,15,0,15
99999,189,0,0,0,0,0,0,0,0,0,50,0,0,50,0,0,50
99999,189,0,0,0,0,0,0,0,0,0,68,0,0,68,68,0,68
99999,189,0,0,0,0,0,0,0,0,0,28,0,28,28,0,0,28
99999,189,0,0,0,0,0,0,0,0,0,38,0,38,38,38,0,38
99999,189,0,0,1,0,0,0,0,0,0,234,0,0,234,234,0,234
99999,190,0,0,0,0,0,0,0,0,0,282,0,0,0,0,0,282
99999,190,0,0,0,0,0,0,0,0,0,87,0,0,87,0,0,87
99999,190,0,0,1,1,0,0,0,0,0,81,0,0,0,0,0,81
99999,191,0,0,0,0,0,0,0,0,0,210,0,0,0,210,0,210
99999,191,0,0,0,0,76,0,0,0,0,76,0,0,0,0,0,76
99999,191,0,0,0,0,668,0,0,0,0,668,668,0,0,0,0,668
99999,192,0,0,0,0,0,0,0,0,0,105,0,0,0,0,0,105
99999,192,0,0,0,0,0,0,0,0,0,66,0,0,66,0,0,66
99999,192,0,0,0,0,0,0,0,0,0,174,0,0,174,174,0,174
99999,192,0,0,0,0,0,0,0,0,0,94,0,94,94,0,0,94
99999,192,0,0,1,0,0,0,0,0,0,13,0,0,13,13,0,13
99999,192,1,0,1,1,0,0,0,0,0,254,254,0,0,0,0,254
99999,193,0,0,0,0,0,0,0,0,0,223,0,0,0,0,0,223
99999,193,0,0,0,0,0,0,0,0,0,16,0,0,0,16,0,16
99999,193,0,0,0,0,0,0,0,0,0,13,0,0,13,13,0,13
99999,193,1,0,1,1,0,0,0,0,0,82,0,82,82,0,0,82
99999,194,0,0,0,0,0,0,0,0,0,891,0,0,0,891,0,891
99999,194,0,0,0,0,0,0,0,0,0,237,0,0,237,0,0,237
99999,194,0,0,1,0,0,0,0,0,0,15,0,0,15,15,0,15
99999,194,0,0,1,0,0,39,0,0,0,39,0,0,39,0,0,39
99999,195,0,0,0,0,0,0,0,0,0,278,0,0,0,0,0,278
99999,195,0,0,0,0,0,0,0,0,0,108,0,0,108,0,0,108
99999,195,0,0,0,0,0,0,0,0,0,141,0,141,0,0,0,141
99999,195,0,1,1,0,0,0,0,0,0,77,0,0,77,77,0,77
99999,196,0,0,0,0,0,0,0,0,0,93,0,0,0,0,0,93
99999,196,0,0,0,0,0,0,0,0,0,73,0,0,73,0,0,73
99999,196,0,0,0,0,0,0,0,0,0,61,0,61,61,61,0,61
99999,196,0,0,1,0,0,0,0,0,0,120,120,0,0,0,0,120
99999,197,0,0,0,0,0,0,0,0,0,33,0,0,33,33,0,33
99999,197,0,0,0,0,0,0,0,0,0,52,52,52,0,0,0,52
99999,198,0,0,0,0,0,0,0,0,0,15,0,0,0,15,0,15
99999,198,0,0,0,0,0,0,0,0,0,39,0,0,39,0,0,39
99999,198,1,0,0,1,0,0,0,0,0,71,0,71,71,0,0,71
99999,199,0,0,0,0,0,0,0,0,0,39,0,0,39,39,0,39
99999,199,0,0,0,0,0,0,0,0,0,48,0,48,48,48,0,48
99999,200,0,0,0,0,0,0,0,0,0,277,0,0,0,277,0,277
99999,200,0,0,0,0,0,0,0,0,0,202,0,0,202,0,0,202
99999,200,0,0,0,0,0,0,0,0,0,230,0,0,230,230,0,230
99999,200,0,0,0,0,0,0,0,0,0,29,0,29,0,0,0,29
99999,200,0,0,0,0,0,0,0,0,0,21,0,21,21,0,0,21
99999,200,0,0,1,0,0,0,0,0,0,102,0,0,102,102,0,102
99999,201,0,0,0,0,0,0,0,0,0,215,0,0,0,0,0,215
99999,201,0,0,0,0,0,0,26,0,0,26,0,0,0,0,0,26
99999,201,0,0,1,0,0,21,0,0,0,0,0,0,21,0,0,21
99999,201,0,1,0,0,0,0,0,0,0,31,0,0,0,31,0,31
99999,202,0,0,0,0,0,0,0,0,0,24,0,0,0,0,0,24
99999,202,0,0,0,0,0,0,0,0,0,74,0,74,74,0,0,74
99999,202,0,0,0,0,0,0,0,0,0,55,0,55,55,55,0,55
99999,202,0,0,1,1,20,0,0,0,0,20,0,0,0,20,0,20
99999,203,0,0,0,0,0,0,0,0,0,25,0,0,0,0,0,25
99999,204,0,0,0,0,0,0,0,0,0,72,0,0,0,0,0,72
99999,204,0,0,0,0,0,0,0,0,0,16,0,0,16,16,0,16
99999,204,0,0,0,0,0,0,0,0,0,58,0,58,58,0,0,58
99999,205,0,0,0,0,0,0,0,0,0,144,0,0,144,0,0,144
99999,205,0,0,0,0,0,0,0,0,0,94,0,0,94,94,0,94
99999,205,0,0,0,1,0,0,0,0,0,117,0,0,117,0,0,117
99999,205,0,0,1,0,0,0,0,0,0,42,0,0,42,0,0,42
99999,206,0,0,0,0,0,0,0,0,0,122,0,0,0,0,0,122
99999,207,0,0,0,0,0,0,0,0,0,53,0,0,0,0,0,53
99999,207,0,0,0,0,0,0,0,0,0,160,0,0,160,0,0,160
99999,207,0,0,0,0,0,0,0,0,0,182,0,182,182,0,0,182
99999,207,0,0,0,0,0,18,0,0,0,18,0,18,18,0,18,18
99999,207,0,0,0,0,64,0,0,0,0,64,64,0,0,0,0,64
99999,208,0,0,0,0,0,0,0,0,0,72,0,0,0,0,0,72
99999,209,0,0,0,0,0,0,0,0,0,563,0,563,0,563,0,563
99999,209,0,0,0,0,0,0,0,0,0,29,0,29,29,0,0,29
99999,209,0,0,1,0,0,0,0,0,0,22,0,0,0,22,0,22
99999,210,0,0,0,0,0,0,0,0,0,68,0,0,0,0,0,68
99999,210,0,0,0,0,0,0,0,0,0,175,0,0,175,0,0,175
99999,210,0,0,0,0,0,0,0,0,0,19,0,0,19,19,0,19
99999,210,0,0,0,0,0,0,0,0,0,27,0,27,27,0,0,27
99999,211,0,0,0,0,0,0,0,0,0,116,0,0,0,0,0,116
99999,211,0,0,0,0,0,0,0,0,0,72,0,72,72,0,0,72
99999,211,0,0,0,0,55,0,0,0,0,0,0,55,55,55,0,55
99999,211,0,0,0,0,136,0,136,0,0,0,136,136,0,0,0,136
99999,211,0,0,0,1,53,0,0,0,0,0,0,0,53,53,0,53
99999,212,0,0,0,0,0,0,0,0,0,62,0,0,0,0,0,62
99999,212,0,0,0,0,0,0,0,0,0,225,0,225,225,0,0,225
99999,212,0,0,0,0,1050,0,0,0,0,1050,0,0,0,0,0,1050
99999,212,0,0,1,0,0,0,0,0,0,76,0,0,76,0,0,76
99999,213,0,0,0,0,0,0,0,0,0,79,0,0,0,0,0,79
99999,213,0,0,0,0,0,0,0,0,0,128,0,0,128,0,0,128
99999,213,0,0,0,0,0,0,20,0,0,20,0,20,0,0,0,20
99999,213,0,0,0,0,26,0,0,0,0,26,0,26,26,26,0,26
99999,213,0,0,1,0,0,0,0,0,0,162,0,162,0,0,0,162
99999,214,0,0,0,0,0,0,0,0,0,100,0,0,0,0,0,100
99999,214,0,0,0,0,0,0,0,0,0,58,0,0,58,0,0,58
99999,214,0,0,0,0,47,0,0,0,0,47,0,0,0,0,0,47
99999,214,0,0,0,1,87,0,0,0,0,87,0,0,0,0,0,87
99999,215,0,0,0,0,0,0,0,0,0,141,0,0,0,0,0,141
99999,216,0,0,0,0,0,0,0,0,0,409,0,0,0,0,0,409
99999,216,0,0,0,0,0,0,0,0,0,307,0,0,307,307,0,307
99999,216,0,0,0,0,0,0,0,0,0,55,0,55,55,55,0,55
99999,217,0,0,0,0,0,0,0,0,0,135,0,0,0,0,0,135
99999,217,0,0,0,0,0,0,0,0,0,28,0,0,28,0,0,28
99999,217,0,0,0,0,0,0,0,0,0,16,0,0,16,16,0,16
99999,217,0,1,1,1,0,0,0,0,0,113,0,0,0,113,0,113
99999,218,0,0,0,0,0,0,0,0,0,34,0,0,34,0,0,34
99999,218,0,0,0,0,0,0,0,0,0,9,0,0,9,9,0,9
99999,218,0,0,0,0,0,273,0,0,0,0,0,273,0,0,0,273
99999,219,0,0,0,0,0,0,0,0,0,295,0,0,0,0,0,295
99999,219,0,0,0,0,0,0,0,0,0,69,0,0,0,69,0,69
99999,219,0,0,0,0,0,0,0,0,0,51,0,0,51,0,0,51
99999,219,0,0,0,0,0,0,0,0,0,151,0,151,0,0,0,151
99999,219,0,0,0,1,0,0,0,0,0,20,0,0,20,0,0,20
99999,219,0,0,1,0,20,0,0,0,0,20,0,0,0,0,0,20
99999,220,0,0,0,0,0,0,0,0,0,92,0,0,0,0,0,92
99999,220,0,0,0,0,0,0,0,0,0,52,0,0,52,0,0,52
99999,220,0,0,0,0,0,0,0,0,0,106,0,0,106,106,0,106
99999,220,0,0,0,0,0,0,0,0,0,540,0,540,0,540,0,540
99999,220,0,0,0,0,0,0,74,0,0,74,0,0,0,0,0,74
99999,220,0,0,1,0,0,0,0,0,0,44,0,44,0,44,0,44
99999,221,0,0,0,0,0,0,0,0,0,395,0,0,0,0,0,395
99999,221,0,0,0,0,0,0,0,0,0,79,0,0,0,79,0,79
99999,221,0,0,0,0,0,0,0,0,0,130,0,0,130,0,0,130
99999,221,0,0,0,0,0,0,0,0,0,96,0,0,96,96,0,96
99999,222,0,0,0,0,0,0,0,0,0,34,0,0,0,0,0,34
99999,222,0,0,0,0,0,0,0,0,0,30,0,0,0,30,0,30
99999,222,0,0,0,0,0,0,0,0,0,54,0,0,54,0,0,54
99999,222,0,0,0,0,0,0,0,0,0,95,0,95,0,0,0,95
99999,222,0,0,0,0,0,0,171,0,0,0,0,171,0,171,0,171
99999,222,0,0,0,0,209,0,0,0,0,0,0,0,0,0,0,209
99999,223,0,0,0,0,0,0,0,0,0,197,0,0,0,0,0,197
99999,223,0,0,0,0,0,0,0,0,0,72,0,0,72,0,0,72
99999,223,0,0,0,0,0,0,0,0,0,162,0,0,162,162,0,162
99999,223,0,0,0,0,0,0,14,0,0,14,0,0,0,0,0,14
99999,223,0,0,0,0,0,17,0,0,0,17,17,17,0,0,0,17
99999,223,0,0,0,1,0,0,0,0,0,27,0,0,0,0,0,27
99999,223,0,0,1,0,0,0,0,0,0,126,0,0,0,0,0,126
99999,223,0,0,1,0,0,0,0,0,0,37,0,37,37,37,0,37
99999,224,0,0,0,0,0,0,0,0,0,18,0,0,18,18,0,18
99999,224,0,0,0,0,0,0,0,0,0,11,0,11,11,0,0,11
99999,224,0,0,0,0,0,0,0,0,0,103,103,103,0,0,0,103
99999,224,0,0,0,0,0,26,0,0,0,0,0,0,0,0,26,26
99999,224,0,0,0,0,390,0,0,0,0,390,0,0,0,0,0,390
99999,225,0,0,0,0,0,0,0,0,0,163,0,0,0,0,0,163
99999,225,0,0,0,0,0,0,0,0,0,62,0,0,62,62,0,62
99999,225,0,0,0,0,22,0,0,0,0,0,0,0,0,0,0,22
99999,225,0,1,0,0,0,0,0,0,0,37,0,0,37,37,0,37
99999,226,0,0,0,0,0,0,0,0,0,57,0,0,0,0,0,57
99999,226,0,0,0,0,0,0,0,0,0,72,0,0,0,72,0,72
99999,226,0,0,0,0,0,0,0,0,0,90,0,0,90,0,0,90
99999,226,1,0,0,0,0,0,0,0,0,75,0,0,75,75,0,75
99999,227,0,0,0,0,0,0,0,0,0,106,0,0,0,0,0,106
99999,227,0,0,0,0,0,0,0,0,0,23,0,0,0,23,0,23
99999,227,0,0,0,0,0,0,0,0,0,73,0,0,73,0,0,73
99999,227,0,0,0,0,0,0,0,0,0,24,0,0,24,24,0,24
99999,227,0,0,0,0,0,0,0,0,0,22,0,22,0,0,0,22
99999,228,0,0,0,0,0,0,0,0,0,317,0,0,0,0,0,317
99999,228,0,0,0,0,0,0,0,0,0,150,0,0,0,150,0,150
99999,228,0,0,0,0,0,0,0,0,0,46,0,0,46,0,0,46
99999,228,0,0,0,0,0,0,0,0,0,22,0,22,22,22,22,22
99999,228,0,0,0,0,0,0,0,0,0,36,36,0,0,0,0,36
99999,228,0,0,0,0,153,0,0,0,0,153,0,0,153,0,0,153
99999,229,0,0,0,0,0,0,0,0,0,18,0,0,0,0,0,18
99999,229,0,0,0,0,0,0,0,0,0,97,0,0,97,0,0,97
99999,229,0,0,1,0,0,0,0,0,0,561,0,0,0,0,0,561
99999,229,0,0,1,0,0,0,0,0,0,233,233,0,233,0,0,233
99999,229,0,0,1,1,0,0,0,0,0,22,0,0,0,22,0,22
99999,230,0,0,0,0,0,0,0,0,0,305,0,0,0,0,0,305
99999,230,0,0,0,0,0,0,0,0,0,348,0,0,348,0,0,348
99999,230,0,0,0,0,0,0,0,0,0,146,0,0,146,146,0,146
99999,231,0,0,0,0,0,0,0,0,0,283,0,0,0,0,0,283
99999,231,0,0,0,0,0,0,0,0,0,39,0,39,0,0,0,39
99999,231,0,0,0,0,0,0,0,0,0,175,175,175,0,0,0,175
99999,231,0,0,1,0,0,0,0,0,0,190,0,0,0,0,0,190
99999,232,0,0,0,0,0,0,0,0,0,175,0,0,0,0,0,175
99999,232,0,0,0,0,0,0,0,0,0,242,242,0,0,0,0,242
99999,232,0,0,0,1,21,0,0,0,0,0,0,0,21,21,0,21
99999,232,0,1,0,0,0,0,0,0,0,23,0,0,23,23,0,23
99999,233,0,0,0,0,0,0,0,0,0,18,0,0,18,0,0,18
99999,233,0,0,0,0,0,0,0,0,0,247,0,247,0,0,0,247
99999,233,0,0,0,0,0,0,0,0,0,89,0,89,89,0,0,89
99999,233,0,0,0,0,0,0,0,0,0,140,0,140,140,140,0,140
99999,234,0,0,0,0,0,0,0,0,0,89,0,0,0,0,0,89
99999,234,0,0,0,0,0,0,0,0,0,122,0,0,122,0,0,122
99999,234,0,0,0,0,0,0,0,0,0,12,0,12,0,0,0,12
99999,234,0,0,0,0,0,0,0,0,0,19,0,19,19,19,0,19
99999,235,0,0,0,0,0,0,0,0,0,210,0,0,0,0,0,210
99999,235,0,0,0,0,0,0,0,0,0,183,0,0,183,0,0,183
99999,235,0,0,0,0,0,0,0,0,0,16,0,0,16,16,0,16
99999,235,0,0,1,0,0,0,0,0,0,223,0,0,223,0,0,223
99999,235,1,0,1,0,0,0,0,0,0,18,0,0,0,0,0,18
99999,236,0,0,0,0,0,0,0,0,0,383,0,0,0,0,0,383
99999,236,0,0,0,0,0,0,0,0,0,7,0,0,7,0,0,7
99999,236,0,0,0,0,0,0,0,0,0,43,0,0,43,43,0,43
99999,236,0,0,0,0,0,0,0,0,0,28,0,28,28,28,0,28
99999,236,0,0,0,0,24,0,0,0,0,0,0,0,0,0,0,24
99999,236,0,0,0,1,0,0,0,0,0,12,0,12,0,12,0,12
99999,236,0,0,1,0,229,0,0,0,0,0,0,0,229,0,0,229
99999,237,0,0,0,0,0,0,0,0,0,1893,0,0,0,0,0,1893
99999,237,0,0,0,0,0,0,0,0,0,14,14,0,0,0,0,14
99999,237,0,0,1,0,0,0,0,0,0,20,0,0,20,20,0,20
99999,237,0,0,1,0,0,0,0,0,0,55,0,55,55,0,0,55
99999,237,0,0,1,0,0,0,0,0,0,24,24,0,0,0,0,24
99999,237,1,0,0,0,0,0,0,0,0,71,0,0,71,71,0,71
99999,237,1,0,1,1,0,0,0,0,0,23,0,0,0,0,0,23
99999,238,0,0,0,0,0,0,0,0,0,393,0,0,0,0,0,393
99999,238,0,0,0,0,0,0,0,0,0,20,0,0,20,0,0,20
99999,239,0,0,0,0,0,0,0,0,0,521,0,0,0,521,0,521
99999,239,0,0,0,0,0,0,0,0,0,49,0,0,49,0,0,49
99999,239,0,0,0,0,0,0,0,0,0,97,0,0,97,97,0,97
99999,239,0,0,1,0,0,0,0,0,0,35,0,0,0,0,0,35
99999,239,0,0,1,1,498,0,0,0,0,498,0,0,0,498,0,498
99999,239,0,1,0,0,0,0,0,0,0,29,0,0,29,29,0,29
99999,240,0,0,0,0,0,0,0,0,0,20,0,0,0,0,0,20
99999,240,0,0,1,0,0,0,0,0,0,125,0,0,0,0,0,125
99999,241,0,0,0,0,0,0,0,0,0,0,0,0,36,0,0,36
99999,241,0,0,0,0,0,0,0,0,0,98,0,0,98,0,0,98
99999,241,0,0,0,0,0,0,0,0,0,568,0,568,0,0,0,568
99999,242,0,0,0,0,0,0,0,0,0,189,0,0,0,0,0,189
99999,242,0,0,0,0,0,0,0,0,0,35,0,0,35,0,0,35
99999,242,0,0,0,0,0,0,0,0,0,70,0,70,70,70,0,70
99999,242,0,0,1,0,0,0,0,0,0,17,0,17,17,17,0,17
99999,243,0,0,0,0,0,0,0,0,0,16,0,0,0,0,0,16
99999,243,0,0,0,0,0,0,0,0,0,13,0,0,13,0,0,13
99999,243,0,0,0,1,0,0,0,0,0,186,0,0,0,186,0,186
99999,244,0,0,0,0,0,0,0,0,0,198,0,0,0,0,0,198
99999,244,0,0,0,0,0,0,0,0,0,16,0,0,0,16,0,16
99999,244,0,0,0,0,0,0,0,0,0,23,0,0,23,0,0,23
99999,245,0,0,0,0,0,0,0,0,0,31,0,0,31,0,0,31
99999,245,0,0,0,0,0,0,0,0,0,116,0,116,116,0,0,116
99999,245,0,0,0,1,0,0,0,0,0,40,0,0,40,0,0,40
99999,246,0,0,0,0,0,0,0,0,0,113,0,0,0,0,0,113
99999,246,0,0,0,0,0,0,0,0,0,103,0,0,103,0,0,103
99999,246,0,0,0,1,0,0,0,0,0,127,0,0,0,0,0,127
99999,247,0,0,0,0,0,0,0,0,0,50,0,0,0,0,0,50
99999,247,0,0,0,0,0,0,0,0,0,78,0,0,0,78,0,78
99999,247,0,0,1,0,0,0,0,0,0,63,0,0,63,63,0,63
99999,248,0,0,0,0,0,0,0,0,0,20,0,0,20,0,0,20
99999,248,0,0,0,0,0,0,0,0,0,306,0,0,306,306,0,306
99999,248,0,0,1,0,0,0,0,0,0,94,0,0,94,94,0,94
99999,248,0,0,1,1,0,0,0,0,0,107,0,0,0,107,0,107
99999,249,0,0,0,0,0,0,0,0,0,174,0,0,0,0,0,174
99999,249,0,0,0,0,0,0,0,0,0,118,0,0,118,0,0,118
99999,249,0,0,1,0,0,0,0,0,0,68,0,68,68,0,0,68
99999,250,0,0,0,0,0,0,0,0,0,441,0,0,441,0,0,441
99999,250,0,0,0,0,0,0,0,0,0,91,0,0,91,91,0,91
99999,251,0,0,0,0,0,0,0,0,0,81,0,0,81,0,0,81
99999,251,0,0,0,0,18,0,0,0,0,18,0,0,0,0,0,18
99999,252,0,0,0,0,0,0,0,0,0,210,0,0,0,0,0,210
99999,252,0,0,0,0,0,0,0,0,0,20,0,0,0,20,0,20
99999,252,0,0,0,0,0,0,0,0,0,82,0,0,82,0,0,82
99999,252,0,0,0,0,0,0,0,0,0,91,0,91,0,0,0,91
99999,252,0,0,0,0,0,121,0,0,0,0,0,0,0,0,0,121
99999,253,0,0,0,0,0,0,0,0,0,20,0,0,0,0,0,20
99999,253,0,0,0,0,0,0,0,0,0,161,0,0,161,0,0,161
99999,253,0,0,0,0,0,0,0,0,0,21,0,0,21,21,0,21
99999,253,0,0,0,0,0,200,0,0,0,200,0,0,0,0,0,200
99999,253,0,0,0,0,20,0,0,0,0,0,0,0,0,0,20,20
99999,254,0,0,0,0,0,0,0,0,0,10,0,0,0,0,0,10
99999,254,0,0,0,0,0,0,0,0,0,209,0,0,209,209,0,209
99999,254,0,0,0,0,0,0,467,0,0,0,0,0,0,467,0,467
99999,254,0,0,0,0,58,0,0,0,0,58,0,0,58,0,0,58
99999,255,0,0,0,0,0,0,0,0,0,716,0,0,0,0,0,716
99999,255,0,0,0,0,0,0,0,0,0,18,0,18,18,0,0,18
99999,255,0,0,0,0,0,0,0,0,0,17,0,17,17,17,0,17
99999,256,0,0,0,0,0,0,0,0,0,907,0,0,0,0,0,907
99999,256,0,0,0,0,0,0,0,0,0,149,0,0,149,0,0,149
99999,256,0,0,0,0,0,0,0,0,0,34,0,0,34,34,0,34
99999,256,0,0,0,0,73,0,0,0,0,73,0,0,0,0,0,73
99999,257,0,0,0,0,0,0,0,0,0,400,0,0,0,0,0,400
99999,257,0,0,0,0,0,0,0,0,0,52,0,0,52,52,0,52
99999,258,0,0,0,0,0,0,0,0,0,45,0,0,0,0,0,45
99999,258,0,0,0,0,0,0,0,0,0,214,0,0,214,214,0,214
99999,258,0,0,1,0,0,0,0,0,0,240,0,0,0,0,0,240
99999,259,0,0,0,0,0,0,0,0,0,385,0,0,0,0,0,385
99999,259,0,0,0,0,0,0,0,0,0,174,0,0,0,174,0,174
99999,259,0,0,0,0,0,0,0,0,0,13,0,0,13,0,0,13
99999,259,0,0,0,0,0,0,0,0,0,141,0,0,141,141,0,141
99999,259,0,0,0,0,162,0,0,0,0,162,162,162,0,0,0,162
99999,260,0,0,0,0,0,0,0,0,0,63,0,0,0,63,0,63
99999,260,0,0,0,0,0,0,0,0,0,17,0,0,17,0,0,17
99999,260,0,0,0,0,0,0,0,0,0,21,0,21,21,21,0,21
99999,260,0,1,1,0,0,0,0,0,0,93,0,0,0,93,93,93
99999,261,0,0,0,0,0,0,0,0,0,47,0,0,0,47,0,47
99999,261,0,0,0,0,0,0,0,0,0,242,0,0,242,242,0,242
99999,261,0,0,0,0,0,0,0,0,0,18,0,18,0,0,0,18
99999,262,0,0,0,0,0,0,0,0,0,178,0,0,0,0,0,178
99999,262,0,0,0,0,0,0,0,0,0,64,0,64,64,0,0,64
99999,262,0,0,0,0,41,0,0,0,0,41,0,0,0,0,0,41
99999,262,1,0,0,0,0,0,0,0,0,32,0,32,32,0,0,32
99999,263,0,0,0,0,0,0,0,0,0,385,0,0,0,0,0,385
99999,263,0,0,0,0,0,0,0,0,0,40,0,0,40,0,0,40
99999,263,0,0,0,0,0,0,0,0,0,173,0,0,173,173,0,173
99999,264,0,0,0,0,0,0,0,0,0,22,0,0,0,0,0,22
99999,264,0,0,0,0,0,0,0,0,0,16,0,16,16,0,0,16
99999,264,0,1,0,0,0,0,0,0,0,99,0,99,99,99,0,99
99999,265,0,0,0,0,0,0,0,0,0,203,0,0,203,203,0,203
99999,265,0,0,0,0,0,44,0,0,0,0,0,0,0,0,0,44
99999,266,0,0,0,0,0,0,0,0,0,0,77,0,0,77,0,77
99999,266,0,0,0,0,0,0,0,0,0,781,0,0,0,0,0,781
99999,266,0,0,0,0,0,0,0,0,0,472,0,0,472,0,0,472
99999,266,0,0,0,0,0,0,0,0,0,83,0,83,0,0,0,83
99999,266,0,0,0,0,0,0,0,0,0,19,0,19,0,19,0,19
99999,266,0,0,0,0,0,0,0,0,0,100,0,100,0,100,100,100
99999,266,0,0,0,0,0,0,0,0,0,199,0,199,199,0,0,199
99999,266,0,0,0,0,0,16,0,0,0,0,0,0,16,0,16,16
99999,266,0,0,1,0,44,0,0,0,0,0,0,0,0,0,0,44
99999,266,0,0,1,0,15,0,0,0,0,15,0,0,0,15,0,15
99999,267,0,0,0,0,0,272,0,272,0,272,0,0,0,272,0,272
99999,268,0,0,0,0,0,0,0,0,0,21,0,0,0,0,0,21
99999,268,0,0,0,0,0,0,0,0,0,141,0,0,141,0,0,141
99999,268,0,0,0,0,0,0,0,0,0,506,0,506,506,0,0,506
99999,268,0,0,0,0,0,0,0,0,0,106,0,106,106,106,0,106
99999,268,0,0,1,0,0,0,0,0,0,105,0,0,0,0,0,105
99999,269,0,0,0,0,0,0,0,0,0,20,0,0,20,0,0,20
99999,269,0,0,0,0,0,0,0,0,0,27,0,27,27,27,0,27
99999,270,0,0,0,0,0,0,0,0,0,230,0,0,0,0,0,230
99999,270,0,0,0,0,0,0,0,0,0,693,0,0,0,693,0,693
99999,270,0,0,0,0,0,0,0,0,0,321,0,0,321,0,0,321
99999,270,0,0,0,0,172,0,0,0,0,172,172,0,0,0,0,172
99999,270,0,0,1,0,0,0,986,0,0,0,0,0,0,0,986,986
99999,270,0,1,0,0,0,0,0,0,0,239,0,0,0,0,0,239
99999,271,0,0,0,0,0,0,0,0,0,135,0,0,0,0,0,135
99999,271,0,0,0,0,0,0,0,0,0,21,0,0,21,0,0,21
99999,271,0,0,0,0,0,0,0,0,0,1359,0,1359,0,0,0,1359
99999,271,0,0,0,0,0,0,0,0,0,40,40,40,40,0,0,40
99999,272,0,0,0,0,0,0,0,0,0,259,0,0,0,0,0,259
99999,272,0,0,0,0,0,0,0,0,0,15,0,0,0,15,0,15
99999,272,0,0,0,0,0,0,0,0,0,21,0,0,21,0,0,21
99999,272,0,0,0,0,0,0,0,0,0,37,0,37,37,0,0,37
99999,272,0,0,0,0,0,0,0,0,0,12,0,12,12,12,0,12
99999,272,0,0,0,0,76,0,0,0,0,0,0,76,76,76,0,76
99999,273,0,0,0,0,0,0,0,0,0,16,0,0,16,0,0,16
99999,274,0,0,0,0,0,0,0,0,0,242,0,0,0,0,0,242
99999,274,0,0,0,0,0,0,0,0,0,30,0,0,30,0,0,30
99999,274,0,0,0,0,0,0,0,0,0,77,0,77,77,77,0,77
99999,274,0,0,0,0,0,26,0,0,0,26,0,0,0,0,0,26
99999,274,0,0,1,0,0,0,0,0,0,168,0,0,0,168,0,168
99999,275,0,0,0,0,0,0,0,0,0,149,0,0,0,0,0,149
99999,275,0,0,0,0,0,0,0,0,0,192,0,0,0,192,0,192
99999,275,0,0,1,0,0,0,0,0,0,178,0,0,0,0,0,178
99999,276,0,0,0,0,0,0,0,0,0,31,0,0,0,0,0,31
99999,276,0,0,0,0,0,327,0,0,0,327,0,0,0,0,0,327
99999,277,0,0,1,0,0,0,0,0,0,48,0,0,48,0,0,48
99999,278,0,0,0,0,0,0,0,0,0,38,0,0,38,0,0,38
99999,278,0,0,0,1,0,0,0,0,0,39,0,0,39,39,0,39
99999,279,0,0,0,0,0,0,0,0,0,45,0,0,0,0,0,45
99999,279,0,0,0,0,0,0,0,0,0,21,0,0,21,21,0,21
99999,279,0,0,0,0,108,0,0,0,0,108,0,0,0,0,0,108
99999,280,0,0,0,0,0,0,0,0,0,275,0,0,0,0,0,275
99999,280,0,0,0,0,0,0,0,0,0,12,0,0,12,0,0,12
99999,280,0,0,0,0,0,0,267,0,0,267,0,267,0,0,0,267
99999,280,0,0,1,0,0,69,0,0,0,0,0,0,0,0,69,69
99999,281,0,0,0,0,0,0,0,0,0,457,0,0,0,0,0,457
99999,281,0,0,0,0,0,0,0,0,0,71,0,0,0,71,0,71
99999,281,0,0,0,0,0,775,0,0,0,775,0,0,0,0,775,775
99999,281,0,0,1,0,0,0,0,0,0,156,0,0,156,0,0,156
99999,282,0,0,0,0,0,0,0,0,0,302,0,0,0,0,0,302
99999,282,0,0,0,0,0,0,0,0,0,143,0,0,0,143,0,143
99999,282,0,0,0,0,0,0,0,0,0,75,0,0,75,0,0,75
99999,282,0,0,0,0,0,0,0,0,0,24,0,24,24,0,0,24
99999,283,0,0,0,0,0,0,0,0,0,180,0,0,0,0,0,180
99999,283,0,0,0,0,0,0,0,0,0,26,0,0,26,26,0,26
99999,283,0,0,0,0,0,0,0,0,0,21,0,0,21,21,21,21
99999,283,0,0,0,0,166,0,0,0,0,166,166,0,166,166,0,166
99999,283,0,0,0,1,0,0,0,0,0,78,0,0,78,0,0,78
99999,283,0,0,1,1,0,0,0,0,0,11,0,0,0,0,0,11
99999,284,0,0,0,0,0,0,0,0,0,167,0,0,0,0,0,167
99999,284,0,0,0,0,0,0,0,0,0,99,0,0,99,0,0,99
99999,285,0,0,0,0,0,0,0,0,0,368,0,0,0,0,0,368
99999,285,0,0,0,0,0,0,0,0,0,41,0,0,0,41,0,41
99999,285,0,0,0,0,0,0,0,0,0,55,0,0,55,0,0,55
99999,285,0,0,0,0,0,0,0,0,0,177,0,0,177,177,0,177
99999,285,0,0,0,0,0,0,0,0,0,51,0,51,51,0,0,51
99999,285,0,0,0,0,95,0,0,0,0,0,0,0,95,0,0,95
99999,285,0,0,0,1,0,0,0,0,0,368,0,0,0,0,0,368
99999,286,0,0,0,0,0,0,0,0,0,67,0,0,67,0,0,67
99999,286,0,0,0,0,0,0,0,0,0,65,0,0,65,65,0,65
99999,286,0,0,0,0,0,0,0,0,0,21,0,21,0,0,0,21
99999,286,0,0,0,0,0,0,0,0,0,112,0,112,0,112,0,112
99999,287,0,0,0,0,0,0,0,0,0,64,0,0,64,0,0,64
99999,287,0,0,0,0,0,0,0,0,0,102,0,0,102,102,0,102
99999,288,0,0,0,0,0,0,0,0,0,139,0,0,0,0,0,139
99999,288,0,0,0,0,0,0,0,0,0,79,0,0,79,79,0,79
99999,288,0,0,0,0,0,0,0,0,0,21,0,21,21,21,0,21
99999,288,0,0,0,0,0,0,37,0,0,37,0,0,37,0,0,37
99999,288,0,0,0,0,0,66,0,0,0,66,66,0,66,0,0,66
99999,288,0,1,1,0,0,0,0,0,0,84,0,0,0,84,0,84
99999,289,0,0,0,0,0,0,0,0,0,323,0,0,0,0,0,323
99999,289,0,0,0,0,0,0,0,0,0,131,0,0,131,0,0,131
99999,289,0,0,0,0,0,0,0,0,0,17,17,0,0,0,0,17
99999,289,0,0,0,0,34,0,0,0,0,34,0,0,0,34,0,34
99999,290,0,0,0,0,0,0,0,0,0,512,0,0,0,0,0,512
99999,290,0,0,0,0,0,0,0,0,0,12,0,0,12,0,0,12
99999,291,0,0,0,0,0,0,0,0,0,19,0,0,0,0,0,19
99999,291,0,0,0,0,0,0,0,0,0,112,0,0,112,112,0,112
99999,291,0,0,0,0,0,45,0,0,0,45,0,0,0,0,0,45
99999,292,0,0,0,0,0,0,0,0,0,49,0,0,0,0,0,49
99999,292,0,0,0,0,0,0,0,0,0,310,0,0,310,0,0,310
99999,293,0,0,0,0,0,0,0,0,0,176,0,0,0,0,0,176
99999,293,0,0,0,0,0,0,0,0,0,176,0,0,176,0,0,176
99999,293,0,0,0,0,0,0,0,0,0,56,0,56,56,56,0,56
99999,293,0,0,0,0,0,0,0,0,0,282,282,282,0,0,0,282
99999,294,0,0,0,0,0,0,0,0,0,297,0,0,0,0,0,297
99999,294,0,0,0,0,0,0,0,0,0,84,0,0,84,84,0,84
99999,294,0,0,0,0,0,0,0,0,0,20,0,20,20,0,0,20
99999,295,0,0,0,0,0,0,0,0,0,103,0,0,0,0,0,103
99999,295,0,0,0,0,0,0,0,0,0,315,0,0,315,0,0,315
99999,295,0,0,0,0,0,0,0,0,0,108,0,0,108,108,0,108
99999,295,0,0,0,0,0,0,0,0,0,12,0,12,0,0,0,12
99999,295,0,0,0,0,17,0,0,0,0,0,0,0,17,17,0,17
99999,296,0,0,0,0,0,0,0,0,0,552,0,0,0,0,0,552
99999,296,0,0,0,0,0,0,0,0,0,49,0,0,49,0,0,49
99999,296,0,0,0,0,0,0,0,0,0,17,0,17,0,0,0,17
99999,296,1,0,0,0,91,0,0,0,0,91,91,0,0,0,0,91
99999,297,0,0,0,0,0,0,0,0,0,170,0,0,0,0,0,170
99999,297,0,0,0,0,0,0,0,0,0,140,0,0,140,0,0,140
99999,297,0,0,0,0,0,0,0,0,0,94,0,94,94,0,0,94
99999,297,0,0,0,0,0,0,0,0,0,98,0,98,98,98,0,98
99999,297,1,0,1,1,46,0,0,0,0,0,0,46,46,46,0,46
99999,298,0,0,0,0,0,0,0,0,0,27,0,0,27,0,0,27
99999,298,0,0,0,0,0,0,0,0,0,20,0,20,0,20,0,20
99999,298,0,0,1,0,0,0,0,0,0,253,0,0,253,253,0,253
99999,298,0,0,1,0,248,0,0,0,0,248,248,248,0,0,0,248
99999,299,0,0,0,0,0,0,0,0,0,277,0,0,0,0,0,277
99999,299,0,0,0,0,0,0,0,0,0,82,0,0,82,0,0,82
99999,299,0,0,0,0,0,0,0,0,0,200,0,200,200,200,0,200
99999,299,0,0,0,0,0,145,0,0,0,145,0,0,0,0,0,145
99999,299,0,0,0,0,0,72,0,0,0,72,72,0,0,0,0,72
99999,299,0,0,1,0,0,0,0,0,0,69,0,0,0,0,0,69
99999,300,0,0,0,0,0,0,0,0,0,162,0,0,0,0,0,162
99999,300,0,0,0,0,0,0,0,0,0,27,0,0,27,0,0,27
99999,300,0,0,0,0,0,0,0,0,0,58,58,0,0,0,0,58
99999,300,0,1,0,0,43,0,0,0,0,43,0,43,0,43,0,43
99999,301,0,0,0,0,0,0,0,0,0,13,0,0,13,13,0,13
99999,302,0,0,0,0,0,0,0,0,0,40,0,0,0,0,0,40
99999,302,0,0,0,0,0,0,0,0,0,27,0,0,27,0,0,27
99999,302,0,0,0,0,0,0,0,0,0,152,0,0,152,152,0,152
99999,302,0,0,0,0,0,0,0,0,0,12,0,12,12,12,0,12
99999,302,0,0,0,0,0,28,0,0,0,28,0,0,28,0,0,28
99999,303,0,0,0,0,0,0,0,0,0,75,0,0,0,0,0,75
99999,303,0,0,0,0,0,0,0,0,0,44,0,0,0,44,0,44
99999,303,0,0,0,0,0,0,0,0,0,26,0,0,26,0,0,26
99999,303,0,0,0,0,0,0,0,0,0,67,0,0,67,67,0,67
99999,303,0,0,0,0,0,0,0,0,0,169,0,169,169,0,0,169
99999,303,0,0,0,0,0,0,386,0,0,386,0,0,0,0,0,386
99999,304,0,0,0,0,0,0,0,0,0,1297,0,0,0,0,0,1297
99999,304,0,0,0,0,0,0,0,0,0,279,0,0,279,0,0,279
99999,304,0,0,0,0,0,0,0,0,0,26,0,0,26,26,0,26
99999,304,0,0,0,0,0,0,0,0,0,332,0,332,0,0,0,332
99999,304,0,1,0,0,0,0,0,0,0,36,0,36,36,36,0,36
99999,305,0,0,0,0,0,0,0,0,0,18,0,0,18,0,0,18
99999,305,0,0,0,0,0,0,0,0,0,374,0,0,374,374,0,374
99999,305,1,0,1,0,0,0,0,0,0,151,0,0,0,0,0,151
99999,306,0,0,0,0,0,0,0,0,0,78,0,0,78,0,0,78
99999,306,0,0,0,0,0,0,0,0,0,34,0,34,34,0,0,34
99999,306,0,0,0,0,44,0,0,0,0,0,0,0,0,44,0,44
99999,307,0,0,0,0,0,0,0,0,0,17,0,0,0,0,0,17
99999,307,0,0,0,0,0,0,0,0,0,73,0,0,73,0,0,73
99999,307,0,0,0,0,0,0,0,0,0,65,0,65,65,0,0,65
99999,308,0,0,0,0,0,0,0,0,0,90,0,0,0,90,0,90
99999,308,0,0,0,0,0,0,0,0,0,150,0,0,150,0,0,150
99999,308,0,0,0,0,0,0,0,0,0,93,0,0,93,93,0,93
99999,309,0,0,0,0,0,0,0,0,0,962,0,0,0,0,0,962
99999,309,0,0,0,0,0,0,0,0,0,81,0,81,0,81,0,81
99999,310,0,0,0,0,0,0,0,0,0,266,0,0,0,0,0,266
99999,310,0,0,0,0,0,0,0,0,0,42,0,0,42,42,0,42
99999,310,0,0,0,0,0,0,0,0,0,109,0,109,109,109,0,109
99999,310,0,0,1,0,41,0,0,0,0,0,0,0,41,0,41,41
99999,311,0,0,0,0,0,0,0,0,0,267,0,0,0,0,0,267
99999,311,1,0,0,1,0,0,0,0,0,19,0,0,19,0,0,19
99999,312,0,0,0,0,0,0,0,0,0,39,0,0,0,0,0,39
99999,312,0,0,0,0,0,0,0,0,0,67,0,0,0,67,0,67
99999,312,0,0,0,0,0,0,0,0,0,14,0,0,14,0,0,14
99999,312,0,1,0,0,0,0,0,0,0,14,0,0,14,0,0,14
99999,313,0,0,0,0,0,0,0,0,0,18,0,0,0,18,0,18
99999,313,0,0,0,0,0,0,0,0,0,44,0,0,44,0,0,44
99999,313,0,0,0,0,0,0,0,0,0,118,0,118,118,0,0,118
99999,313,0,0,0,0,0,123,0,123,0,123,0,0,0,0,0,123
99999,314,0,0,0,0,0,0,0,0,0,18,0,0,0,0,0,18
99999,314,0,0,0,0,0,0,0,0,0,358,0,0,358,0,0,358
99999,315,0,0,0,0,0,0,0,0,0,266,0,0,266,0,0,266
99999,315,0,0,0,0,0,0,0,0,0,107,0,107,0,107,0,107
99999,316,0,0,0,0,0,0,0,0,0,24,0,0,0,0,0,24
99999,316,0,0,0,0,0,0,0,0,0,53,0,0,53,0,0,53
99999,316,0,0,0,0,0,0,0,0,0,117,0,0,117,117,0,117
99999,317,0,0,0,0,0,0,0,0,0,214,0,0,0,0,0,214
99999,318,0,0,0,0,0,0,0,0,0,103,0,0,0,103,0,103
99999,318,0,0,0,0,0,0,0,0,0,65,0,65,65,65,0,65
99999,319,0,0,0,0,0,0,0,0,0,236,0,0,0,0,0,236
99999,319,0,0,0,0,0,0,0,0,0,100,0,0,0,100,0,100
99999,319,0,0,0,0,0,0,0,0,0,87,87,87,0,0,0,87
99999,319,0,0,1,0,0,0,0,0,0,33,0,0,33,0,0,33
99999,320,0,0,0,0,0,0,0,0,0,256,0,0,0,0,0,256
99999,320,0,0,0,0,0,0,0,0,0,141,0,0,141,0,0,141
99999,320,0,0,0,0,0,0,0,0,0,18,0,0,18,18,0,18
99999,320,0,0,0,0,0,0,0,0,0,36,0,36,36,0,0,36
99999,320,0,0,0,0,0,16,0,0,0,16,0,0,0,0,0,16
99999,321,0,0,0,0,0,0,0,0,0,39,0,0,0,0,0,39
99999,321,0,0,0,0,0,0,0,0,0,118,0,0,118,118,0,118
99999,321,0,0,0,0,0,93,0,0,0,93,0,0,0,0,0,93
99999,321,0,0,0,0,0,171,0,0,0,171,171,0,0,0,171,171
99999,322,0,0,0,0,0,0,0,0,0,270,0,0,0,0,0,270
99999,322,0,0,0,1,50,0,0,0,0,0,0,0,0,0,0,50
99999,323,0,0,0,0,0,0,0,0,0,96,0,0,0,0,0,96
99999,323,0,0,0,0,0,0,0,0,0,29,0,0,29,0,0,29
99999,323,0,0,0,0,0,0,0,0,0,20,0,20,20,20,0,20
99999,324,0,0,0,0,0,0,0,0,0,32,0,0,0,0,0,32
99999,324,0,0,0,0,0,0,0,0,0,47,0,47,0,0,0,47
99999,324,0,0,0,0,0,0,155,0,0,155,0,0,0,0,0,155
99999,324,0,0,1,0,0,0,0,0,0,107,0,0,0,0,0,107
99999,325,0,0,0,0,0,0,0,0,0,307,0,0,0,0,0,307
99999,325,0,0,0,0,0,0,0,0,0,57,0,0,57,57,0,57
99999,325,0,0,0,0,0,0,110,0,0,110,0,0,0,0,0,110
99999,325,0,0,0,0,0,95,0,0,0,95,0,0,0,0,0,95
99999,325,0,0,0,0,20,0,20,0,0,20,0,0,0,0,0,20
99999,325,0,0,1,0,0,0,0,0,0,75,0,0,0,0,0,75
99999,326,0,0,0,0,0,0,0,0,0,34,0,0,34,0,0,34
99999,326,0,0,0,0,0,0,0,0,0,47,47,0,0,0,47,47
99999,327,0,0,0,0,0,0,0,0,0,30,0,0,0,0,0,30
99999,327,0,0,0,0,0,0,0,0,0,73,0,0,73,0,0,73
99999,327,0,0,0,0,216,0,0,0,0,0,0,0,0,0,0,216
99999,327,0,0,0,0,73,0,0,0,0,73,0,0,0,73,0,73
99999,328,0,0,0,0,0,0,0,0,0,230,0,0,230,0,0,230
99999,328,0,0,0,0,0,0,0,0,0,31,31,0,31,31,0,31
99999,329,0,0,0,0,0,0,0,0,0,73,0,0,0,0,0,73
99999,329,0,0,0,0,0,0,0,0,0,66,0,0,66,0,0,66
99999,330,0,0,0,0,0,0,0,0,0,95,0,0,0,0,0,95
99999,330,0,0,0,0,0,0,0,0,0,105,0,0,105,0,0,105
99999,330,0,0,0,0,0,0,0,0,0,210,0,210,210,210,0,210
99999,330,0,0,1,0,0,0,0,0,0,150,0,0,0,0,0,150
99999,331,0,0,0,0,0,0,0,0,0,26,0,0,26,0,0,26
99999,331,0,0,0,0,0,0,0,0,0,18,0,18,18,0,0,18
99999,331,0,0,0,0,0,0,0,0,0,34,0,34,34,34,0,34
99999,331,0,0,0,0,0,0,0,0,0,124,124,0,0,0,0,124
99999,332,0,0,0,0,0,0,0,0,0,1245,0,0,0,0,0,1245
99999,332,0,0,0,0,0,0,0,0,0,128,0,0,128,0,0,128
99999,332,0,0,0,0,0,0,0,0,0,20,0,20,20,0,0,20
99999,332,0,0,0,0,0,554,0,0,0,554,0,0,0,0,0,554
99999,332,0,0,0,0,62,0,0,0,0,62,0,62,0,62,0,62
99999,332,0,0,0,0,51,0,0,0,0,51,0,51,51,51,0,51
99999,333,0,0,0,0,0,0,0,0,0,158,0,0,0,0,0,158
99999,333,0,0,0,0,0,0,0,0,0,146,0,0,146,146,0,146
99999,333,0,0,0,0,0,0,0,0,0,156,156,0,0,0,0,156
99999,334,0,0,0,0,0,0,0,0,0,382,0,0,0,0,0,382
99999,334,0,0,1,0,10,0,0,0,0,10,0,0,10,0,0,10
99999,335,0,0,0,0,0,0,0,0,0,447,0,0,0,0,0,447
99999,335,0,0,0,0,0,0,0,0,0,27,0,0,0,27,0,27
99999,335,0,0,0,0,0,0,0,0,0,84,0,0,84,0,0,84
99999,335,0,0,0,0,40,0,0,0,0,0,0,0,0,0,0,40
99999,336,0,0,0,0,0,0,0,0,0,27,0,0,0,0,0,27
99999,336,0,0,0,0,0,0,0,0,0,16,0,0,16,0,0,16
99999,336,0,0,0,0,0,0,0,0,0,78,0,0,78,78,0,78
99999,336,0,0,0,0,0,0,41,0,0,41,0,0,0,41,0,41
99999,337,0,0,0,0,0,0,0,0,0,1231,0,0,0,0,0,1231
99999,337,0,0,0,0,0,0,0,0,0,28,0,0,28,0,0,28
99999,337,0,0,0,0,0,0,0,0,0,23,0,0,23,23,0,23
99999,337,0,0,0,0,723,0,0,0,0,723,0,0,0,0,0,723
99999,337,0,0,1,0,0,0,0,0,0,30,0,0,30,0,0,30
99999,338,0,0,0,0,0,0,0,0,0,15,0,0,0,0,0,15
99999,338,0,0,0,0,0,0,0,0,0,165,0,0,165,0,0,165
99999,339,0,0,1,0,0,0,120,0,0,0,0,0,120,120,120,120
99999,339,0,1,0,0,0,0,0,0,0,70,0,0,70,70,0,70
99999,339,0,1,1,0,0,0,0,0,0,224,0,224,224,224,0,224
99999,339,1,0,0,0,0,0,0,0,0,16,0,0,0,0,0,16
99999,340,0,0,0,0,0,0,0,0,0,318,0,0,0,0,0,318
99999,340,0,0,0,0,0,0,0,0,0,213,0,0,213,0,0,213
99999,340,0,0,0,0,20,0,0,0,0,20,0,0,20,20,0,20
99999,340,0,0,1,1,0,0,0,0,0,0,67,0,0,67,67,67
99999,341,0,0,0,0,0,0,0,0,0,46,0,0,46,0,0,46
99999,341,0,0,0,0,0,0,12,0,0,12,0,0,0,0,0,12
99999,342,0,0,0,0,0,0,0,0,0,48,0,0,0,48,0,48
99999,342,0,0,0,0,0,0,0,0,0,145,0,0,145,0,0,145
99999,342,0,0,0,0,0,0,0,0,0,17,0,0,17,17,0,17
99999,343,0,0,0,0,0,0,0,0,0,16,0,0,0,0,0,16
99999,343,0,0,0,0,0,0,0,0,0,49,0,0,49,0,0,49
99999,343,0,0,1,1,0,0,0,0,0,46,0,46,46,0,0,46
99999,344,0,0,0,0,0,0,0,0,0,231,0,0,0,0,0,231
99999,344,0,0,0,0,0,0,0,0,0,102,0,0,0,102,0,102
99999,344,0,0,0,0,0,0,0,0,0,302,0,0,302,0,0,302
99999,344,0,0,0,0,0,0,0,0,0,55,0,55,55,55,0,55
99999,345,0,0,0,0,0,0,0,0,0,83,0,0,0,0,0,83
99999,345,0,0,0,0,0,0,0,0,0,10,0,0,0,10,0,10
99999,345,0,0,0,0,0,0,0,0,0,14,0,0,14,0,0,14
99999,346,0,0,0,0,0,0,0,0,0,225,0,0,225,0,0,225
99999,346,0,0,1,0,0,0,0,0,0,36,0,0,36,0,0,36
99999,346,1,0,0,1,0,0,0,0,0,128,128,128,0,0,0,128
99999,347,0,0,0,0,0,0,0,0,0,307,0,0,0,0,0,307
99999,347,0,0,0,0,0,0,0,0,0,292,0,0,292,0,0,292
99999,348,0,0,0,0,0,0,0,0,0,220,0,0,0,0,0,220
99999,348,0,0,0,0,0,0,0,0,0,69,0,69,69,69,0,69
99999,348,0,0,0,0,17,0,0,0,0,0,0,17,0,17,0,17
99999,349,0,0,0,0,0,0,0,0,0,27,0,27,0,0,0,27
99999,349,0,0,0,0,0,0,0,0,0,117,0,117,0,117,0,117
99999,349,0,0,0,0,0,0,0,0,0,51,0,51,51,0,0,51
99999,350,0,0,0,0,0,0,0,0,0,170,0,0,0,0,0,170
99999,351,0,0,0,0,0,0,0,0,0,130,0,0,0,0,0,130
99999,351,0,0,0,0,0,0,0,0,0,70,0,0,70,0,0,70
99999,351,0,0,0,0,0,0,0,0,0,437,0,0,437,437,0,437
99999,351,0,0,0,0,0,0,0,0,0,17,0,17,17,0,0,17
99999,351,0,1,0,0,0,0,0,0,0,26,0,0,26,0,0,26
99999,352,0,0,0,0,0,0,0,0,0,44,0,0,0,0,0,44
99999,352,0,0,0,0,0,0,0,0,0,129,0,0,129,0,0,129
99999,352,0,0,0,0,0,0,0,0,0,38,0,38,38,0,0,38
99999,352,0,0,1,0,0,0,0,0,0,64,0,0,0,0,0,64
99999,353,0,0,0,0,0,0,0,0,0,0,102,0,102,0,0,102
99999,353,0,0,0,0,0,0,0,0,0,137,0,0,0,0,0,137
99999,353,0,0,0,0,0,0,0,0,0,140,0,0,140,0,0,140
99999,353,0,0,0,0,0,0,0,0,0,16,0,0,16,16,0,16
99999,353,0,0,0,0,0,0,0,0,0,44,0,44,44,44,0,44
99999,353,0,0,0,0,0,0,0,0,0,186,186,0,0,0,0,186
99999,353,0,0,1,0,0,0,0,0,0,20,0,0,20,20,0,20
99999,353,0,1,0,0,0,0,0,0,0,36,0,0,0,0,0,36
99999,354,0,0,0,0,0,0,0,0,0,84,0,84,0,0,0,84
99999,354,0,0,0,0,0,0,0,0,0,33,0,33,33,0,0,33
99999,354,0,0,0,0,0,0,0,0,0,136,0,136,136,136,0,136
99999,354,0,0,0,0,0,397,0,0,0,0,0,0,0,0,397,397
99999,355,0,0,0,0,0,0,0,0,0,12,0,0,12,0,0,12
99999,355,0,0,0,0,104,0,0,0,0,104,0,0,0,0,0,104
99999,356,0,0,0,0,0,0,0,0,0,414,0,0,0,0,0,414
99999,356,0,0,0,0,0,0,0,0,0,417,0,0,417,0,0,417
99999,356,0,0,0,0,0,0,0,0,0,53,0,53,0,0,0,53
99999,357,0,0,0,0,0,0,0,0,0,22,0,0,22,22,0,22
99999,358,0,0,0,0,0,0,0,0,0,226,0,0,0,0,0,226
99999,359,0,0,0,0,0,0,0,0,0,55,0,0,0,0,0,55
99999,359,0,0,0,0,0,0,0,0,0,26,0,0,0,26,0,26
99999,359,0,0,0,0,0,0,0,0,0,497,0,0,497,0,0,497
99999,359,0,0,1,0,0,0,0,0,0,76,0,0,0,0,0,76
99999,360,0,0,0,0,0,0,0,0,0,27,0,0,0,27,0,27
99999,360,0,0,0,0,0,0,0,0,0,363,0,363,363,0,0,363
99999,360,0,0,0,0,0,0,0,0,0,175,0,175,175,175,0,175
99999,360,0,0,1,0,0,0,0,0,0,871,0,0,0,0,0,871
99999,360,1,0,0,0,0,36,0,0,0,0,0,0,0,0,36,36
99999,361,0,0,0,0,0,0,0,0,0,24,0,0,0,0,0,24
99999,361,0,0,0,0,0,0,0,0,0,115,0,0,115,0,0,115
99999,361,0,0,0,0,0,0,0,0,0,117,0,0,117,117,0,117
99999,361,0,0,1,0,0,0,0,0,0,16,0,0,16,0,0,16
99999,361,1,0,0,0,0,0,0,0,0,16,0,0,16,0,0,16
99999,362,0,0,0,0,0,0,0,0,0,161,0,0,0,0,0,161
99999,362,0,0,0,0,0,0,142,0,142,142,142,0,0,142,0,142
99999,362,0,0,0,0,0,37,0,0,0,37,0,0,37,0,37,37
99999,363,0,0,0,0,0,0,0,0,0,300,0,0,0,0,0,300
99999,363,0,0,0,0,0,0,0,0,0,82,0,0,0,82,0,82
99999,363,0,0,0,0,0,0,0,0,0,131,0,0,131,0,0,131
99999,363,0,0,0,0,0,0,0,0,0,69,0,0,69,69,0,69
99999,363,0,0,0,0,0,0,0,0,0,102,0,102,102,0,0,102
99999,364,0,0,0,0,0,0,0,0,0,38,0,0,0,0,0,38
99999,364,0,0,0,0,0,0,0,0,0,254,0,0,254,0,0,254
99999,364,0,0,0,0,0,0,0,0,0,117,0,0,117,117,0,117
99999,364,0,0,0,0,0,0,0,0,0,21,0,21,0,0,0,21
99999,364,0,0,0,0,63,0,0,0,0,0,0,63,63,63,0,63
99999,365,0,0,0,0,0,0,0,0,0,552,0,0,0,0,0,552
99999,365,0,0,0,0,0,0,0,0,0,99,0,0,99,0,0,99
99999,365,0,0,0,0,0,0,0,0,0,20,0,20,0,0,0,20
99999,365,0,0,0,0,0,0,0,0,0,47,0,47,0,47,0,47
99999,365,0,0,0,0,0,0,0,0,0,24,0,24,24,0,0,24
99999,365,0,0,0,0,0,0,0,0,0,46,0,46,46,46,0,46
99999,365,0,0,0,0,0,119,0,0,0,0,0,0,0,0,0,119
99999,365,0,0,0,0,0,184,0,0,0,184,0,0,0,184,0,184
99999,365,0,0,0,0,48,0,0,0,0,0,0,0,0,0,0,48
99999,365,0,0,0,0,38,0,0,0,0,38,0,0,0,0,0,38
99999,366,0,0,0,0,0,0,0,0,0,368,0,0,0,0,0,368
99999,366,0,0,0,0,0,0,0,0,0,151,0,0,151,0,0,151
99999,366,0,0,0,0,0,0,0,0,0,64,0,0,64,64,0,64
99999,367,0,0,0,0,0,0,0,0,0,237,0,0,0,0,0,237
99999,367,0,1,0,0,0,0,0,0,0,12,12,0,12,0,0,12
99999,368,0,0,0,0,0,0,0,0,0,33,0,0,0,0,0,33
99999,368,0,0,0,0,0,0,46,0,0,46,0,0,0,0,0,46
99999,369,0,0,0,0,0,0,0,0,0,1117,0,0,0,0,0,1117
99999,369,0,0,0,0,0,0,0,0,0,32,0,0,0,32,0,32
99999,370,0,0,0,0,0,0,0,0,0,184,0,0,0,0,0,184
99999,370,0,0,0,0,0,0,0,0,0,133,133,133,0,0,0,133
99999,370,0,0,1,0,0,0,0,0,0,14,0,0,0,14,0,14
99999,370,0,1,1,0,0,0,0,0,0,121,121,121,121,121,0,121
99999,371,0,0,0,0,0,0,0,0,0,123,0,0,0,0,0,123
99999,371,0,0,0,0,0,0,0,0,0,26,0,0,26,0,0,26
99999,371,0,0,0,0,0,0,0,0,0,20,0,0,20,20,0,20
99999,371,0,0,0,0,0,0,0,0,0,25,0,25,0,0,0,25
99999,371,0,0,0,0,0,0,235,0,0,235,235,235,0,0,0,235
99999,371,0,0,1,0,0,0,0,0,0,41,41,0,41,0,0,41
99999,371,0,1,0,0,0,0,0,0,0,24,0,24,24,0,0,24
99999,372,0,0,0,0,0,0,0,0,0,211,0,0,0,0,0,211
99999,372,0,0,1,0,0,0,94,0,0,0,0,94,0,94,0,94
99999,373,0,0,0,0,0,0,0,0,0,40,0,0,0,0,0,40
99999,373,0,0,0,0,0,0,0,0,0,84,0,0,84,0,0,84
99999,374,0,0,0,0,0,0,0,0,0,176,0,0,0,0,0,176
99999,374,0,0,0,0,0,0,0,0,0,38,0,0,38,38,0,38
99999,374,0,0,0,0,0,0,0,0,0,73,0,73,0,0,0,73
99999,375,0,0,0,0,0,0,0,0,0,597,0,0,597,0,0,597
99999,375,0,0,0,0,0,0,48,0,0,0,0,0,0,0,48,48
99999,375,0,0,0,0,0,16,0,0,0,16,0,16,16,0,0,16
99999,376,0,0,0,0,0,0,0,0,0,95,0,0,0,0,0,95
99999,376,0,0,1,0,0,0,0,0,0,26,0,0,0,0,0,26
99999,377,0,0,0,0,0,0,0,0,0,20,0,0,20,0,0,20
99999,378,0,0,0,0,0,0,0,0,0,27,0,0,0,0,0,27
99999,378,0,0,0,0,0,0,0,0,0,161,0,0,0,161,0,161
99999,378,0,0,0,0,0,0,0,0,0,335,0,0,335,0,0,335
99999,378,0,0,0,0,0,0,0,0,0,161,0,0,161,161,0,161
99999,378,0,0,0,0,0,0,48,0,0,0,0,0,48,48,0,48
99999,378,0,0,0,0,92,0,92,0,0,92,0,0,0,92,0,92
99999,378,0,0,0,1,25,0,0,0,0,25,0,0,0,0,0,25
99999,379,0,0,0,0,0,0,0,0,0,115,0,0,115,115,0,115
99999,380,0,0,0,0,0,0,0,0,0,0,0,0,24,0,24,24
99999,380,0,0,0,0,0,0,0,0,0,344,0,0,0,0,0,344
99999,380,0,0,0,0,0,0,0,0,0,20,0,0,0,20,0,20
99999,380,0,0,0,0,0,0,0,0,0,21,0,0,21,21,0,21
99999,380,0,0,0,0,0,43,0,0,0,43,0,0,0,0,0,43
99999,380,0,1,0,0,0,0,0,0,0,30,0,30,30,30,0,30
99999,381,0,0,0,0,0,0,0,0,0,74,0,0,0,0,0,74
99999,381,0,0,0,0,0,0,0,0,0,50,0,0,50,0,0,50
99999,381,0,0,0,0,10,0,0,0,0,10,0,0,10,0,0,10
99999,381,0,0,1,1,0,0,0,0,0,9,0,9,0,0,0,9
99999,382,0,0,0,0,0,0,0,0,0,18,0,0,18,18,0,18
99999,382,0,0,0,0,0,0,0,0,0,44,0,44,44,44,0,44
99999,382,0,0,0,0,0,31,0,0,0,31,0,0,0,0,0,31
99999,382,0,0,0,0,188,0,0,0,0,188,0,0,0,0,0,188
99999,382,0,0,1,1,31,0,0,0,0,0,0,31,0,31,0,31
99999,383,0,0,0,0,0,0,0,0,0,391,0,0,0,0,0,391
99999,383,0,0,0,0,0,0,0,0,0,52,0,0,0,52,0,52
99999,384,0,0,0,0,0,0,0,0,0,269,0,0,0,0,0,269
99999,384,0,0,0,0,48,0,0,0,0,0,0,0,0,0,0,48
99999,384,0,0,0,0,117,0,0,0,0,117,0,0,0,0,0,117
99999,385,0,0,0,0,0,0,0,0,0,240,0,0,0,0,0,240
99999,385,0,0,1,0,0,0,0,0,0,27,0,0,0,27,0,27
99999,385,0,1,0,0,0,0,0,0,0,179,0,0,179,179,0,179
99999,385,1,0,0,0,0,144,0,0,0,0,144,144,0,0,0,144
99999,386,0,0,0,0,0,0,0,0,0,18,0,0,0,0,0,18
99999,386,0,0,0,0,0,0,0,0,0,39,0,0,39,0,0,39
99999,386,0,0,0,0,100,0,0,0,0,0,0,0,0,0,0,100
99999,386,0,0,0,0,16,0,0,0,0,16,0,0,0,0,0,16
99999,387,0,0,0,0,0,0,0,0,0,45,0,0,0,0,0,45
99999,387,0,0,0,0,0,0,0,0,0,169,0,0,169,0,0,169
99999,387,0,0,0,0,0,0,0,0,0,171,0,0,171,171,0,171
99999,387,0,0,0,0,67,0,0,0,0,67,67,0,0,67,67,67
99999,388,0,0,0,0,0,0,0,0,0,143,0,0,0,0,0,143
99999,388,0,0,0,0,0,0,0,0,0,17,0,0,17,0,0,17
99999,389,0,0,0,0,0,0,0,0,0,100,0,0,100,0,0,100
99999,390,0,0,0,0,0,0,0,0,0,170,0,0,0,0,0,170
99999,390,0,0,1,0,0,0,0,0,0,139,0,0,0,0,0,139
99999,391,0,0,0,0,0,0,0,0,0,19,0,0,19,0,0,19
99999,391,0,0,0,0,0,0,0,0,0,13,0,0,13,13,0,13
99999,392,0,0,0,0,0,0,0,0,0,150,0,0,0,0,0,150
99999,392,0,0,0,0,0,0,0,0,0,43,0,0,0,43,0,43
99999,392,0,0,0,0,0,0,0,0,0,39,0,0,39,0,0,39
99999,392,0,0,0,0,0,0,0,0,0,56,0,0,56,0,56,56
99999,392,0,0,0,0,0,0,0,0,0,24,0,24,24,24,0,24
99999,392,0,0,0,0,0,115,0,0,0,115,0,0,0,0,0,115
99999,392,0,1,0,0,0,0,0,0,0,68,0,0,68,0,0,68
99999,393,0,0,0,0,0,0,0,0,0,35,0,0,0,0,0,35
99999,393,0,0,0,0,0,0,0,0,0,14,0,0,14,0,0,14
99999,394,0,0,0,0,0,0,0,0,0,127,0,0,0,0,0,127
99999,394,0,0,0,0,0,0,0,0,0,97,0,0,97,0,0,97
99999,394,0,0,0,0,0,0,0,0,0,115,0,115,115,115,0,115
99999,394,0,0,0,0,0,0,0,0,0,39,39,39,0,0,39,39
99999,394,0,0,0,0,19,19,0,0,0,19,0,0,0,0,19,19
99999,395,0,0,0,0,0,0,0,0,0,65,0,0,0,0,0,65
99999,395,0,0,0,0,0,0,0,0,0,554,0,0,554,0,0,554
99999,395,1,0,1,0,0,0,0,0,0,11,0,0,0,0,0,11
99999,396,0,0,0,0,0,0,0,0,0,192,0,0,0,0,0,192
99999,396,0,0,0,0,0,0,0,0,0,91,0,0,91,0,0,91
99999,396,0,0,0,0,0,0,0,0,0,409,0,0,409,409,0,409
99999,396,0,0,1,0,0,0,0,0,0,95,0,0,95,95,0,95
99999,397,0,0,0,0,0,0,0,0,0,44,0,0,0,0,0,44
99999,397,0,0,0,0,0,0,0,0,0,21,0,0,21,0,0,21
99999,397,0,0,0,0,0,0,0,0,0,89,0,0,89,89,0,89
99999,397,0,0,0,0,0,0,243,0,0,0,0,0,0,243,243,243
99999,398,0,0,0,0,0,0,0,0,0,143,0,0,0,0,0,143
99999,398,0,0,0,0,0,0,0,0,0,102,0,0,102,0,0,102
99999,398,0,0,0,0,0,0,0,0,0,112,0,0,112,112,0,112
99999,398,0,0,0,0,64,0,0,0,0,0,0,0,0,0,0,64
99999,399,0,0,0,0,0,0,0,0,0,207,0,0,0,0,0,207
99999,399,0,0,0,0,0,0,0,0,0,23,0,0,23,0,0,23
99999,399,0,0,0,0,0,0,0,0,0,17,0,17,17,17,0,17
99999,400,0,0,0,0,0,0,0,0,0,53,0,0,0,0,0,53
99999,400,0,0,0,0,0,0,0,0,0,198,0,0,198,0,0,198
99999,400,0,0,0,0,0,0,0,0,0,78,0,78,78,0,0,78
99999,401,0,0,0,0,0,0,0,0,0,7,0,0,0,0,0,7
99999,401,0,0,0,0,0,0,0,0,0,15,0,0,15,0,0,15
99999,401,0,0,0,0,0,0,0,0,0,321,0,321,0,0,0,321
99999,402,0,0,0,0,0,0,0,0,0,37,0,0,0,0,0,37
99999,402,0,0,0,0,0,0,0,0,0,220,0,0,220,0,0,220
99999,402,0,0,0,0,0,0,0,0,0,153,0,0,153,153,0,153
99999,402,0,0,0,0,0,0,0,0,0,69,0,69,69,0,0,69
99999,402,0,0,1,0,18,0,0,0,0,18,0,0,0,18,0,18
99999,403,0,0,0,0,0,0,0,0,0,250,0,0,0,0,0,250
99999,403,0,0,0,0,0,0,0,0,0,240,0,0,240,0,0,240
99999,403,0,0,0,0,0,0,0,0,0,86,0,86,86,0,0,86
99999,403,0,0,0,0,0,0,0,0,0,28,0,28,28,28,0,28
99999,403,0,1,0,0,0,0,0,0,0,19,0,0,19,19,0,19
99999,404,0,0,0,0,0,0,0,0,0,272,0,0,0,0,0,272
99999,404,0,0,0,0,0,0,0,0,0,86,0,0,86,0,0,86
99999,405,0,0,0,0,0,0,0,0,0,130,0,0,0,0,0,130
99999,405,0,0,0,1,0,0,0,0,0,118,0,0,0,0,0,118
99999,405,1,0,0,0,0,0,0,0,0,211,0,0,211,0,0,211
99999,406,0,0,0,0,0,0,0,0,0,46,0,0,0,0,0,46
99999,406,0,0,0,0,0,0,0,0,0,105,0,0,105,0,0,105
99999,406,0,1,0,0,0,0,0,0,0,11,0,0,11,11,0,11
99999,407,0,0,0,0,0,0,0,0,0,805,0,0,0,0,0,805
99999,407,0,0,0,0,0,0,0,0,0,77,0,77,77,77,0,77
99999,408,0,0,0,0,0,0,0,0,0,625,0,0,0,0,0,625
99999,408,0,0,0,0,0,0,0,0,0,76,0,0,76,0,0,76
99999,408,0,0,0,0,0,0,0,0,0,23,0,0,23,23,0,23
99999,408,0,0,0,0,0,741,0,0,0,741,0,0,0,0,0,741
99999,408,0,0,1,0,0,0,0,0,0,71,0,0,71,0,0,71
99999,409,0,0,0,0,0,0,0,0,0,237,0,0,0,0,0,237
99999,410,0,0,0,0,0,0,0,0,0,36,0,36,0,36,0,36
99999,411,0,0,0,0,0,0,0,0,0,81,0,0,0,0,0,81
99999,411,0,0,0,0,0,0,0,0,0,22,0,0,22,0,0,22
99999,411,0,0,0,0,0,0,0,0,0,87,0,87,0,0,0,87
99999,411,0,0,0,0,0,0,0,0,0,38,0,38,38,0,0,38
99999,412,0,0,0,0,0,0,0,0,0,1141,0,0,0,0,0,1141
99999,412,0,0,0,0,0,0,0,0,0,51,0,0,51,51,0,51
99999,413,0,0,0,0,0,0,0,0,0,38,0,0,38,0,0,38
99999,413,0,0,1,0,0,0,0,0,0,14,0,0,0,0,0,14
99999,413,0,0,1,0,0,0,0,0,0,68,0,0,0,68,0,68
99999,413,0,1,0,0,0,0,0,0,0,100,0,0,0,0,0,100
99999,413,0,1,0,0,0,0,0,0,0,72,0,0,72,72,0,72
99999,413,1,0,1,0,0,0,0,0,0,89,0,0,0,0,0,89
99999,414,0,0,0,0,0,0,0,0,0,121,0,0,0,0,0,121
99999,414,0,0,0,0,0,23,0,0,0,23,0,23,0,0,0,23
99999,414,0,0,0,0,16,0,0,0,0,0,0,0,16,0,0,16
99999,415,0,0,0,0,0,0,0,0,0,67,0,0,67,0,0,67
99999,415,0,0,0,0,0,0,0,0,0,78,0,0,78,78,0,78
99999,415,0,0,1,0,0,0,0,0,0,45,0,0,0,0,0,45
99999,416,0,0,0,0,0,0,0,0,0,305,0,0,0,0,0,305
99999,417,0,0,0,0,0,0,0,0,0,140,0,0,140,0,0,140
99999,417,0,0,0,0,0,0,0,0,0,236,0,0,236,236,0,236
99999,417,0,0,0,0,0,0,0,0,0,585,585,0,0,585,0,585
99999,417,0,0,1,0,0,0,0,0,0,18,0,18,0,18,0,18
99999,418,0,0,0,0,0,0,0,0,0,193,0,0,0,0,0,193
99999,418,0,0,0,0,0,0,0,0,0,66,0,0,66,0,0,66
99999,418,0,0,0,0,0,0,0,0,0,43,0,43,43,0,0,43
99999,419,0,0,0,0,0,0,0,0,0,757,0,0,0,0,0,757
99999,419,0,0,0,0,0,0,0,0,0,80,0,0,80,80,0,80
99999,420,0,0,0,0,0,0,0,0,0,29,0,0,0,0,0,29
99999,420,0,0,0,0,0,0,0,0,0,90,0,0,90,0,0,90
99999,420,0,0,0,0,0,0,82,0,0,82,0,0,0,82,0,82
99999,421,0,0,0,0,0,0,0,0,0,29,0,0,0,0,0,29
99999,421,0,0,0,0,0,0,0,0,0,22,0,0,22,0,0,22
99999,421,0,0,0,0,0,27,0,0,0,27,0,0,27,0,0,27
99999,421,0,1,1,1,0,0,81,0,0,81,0,0,81,0,0,81
99999,422,0,0,0,0,0,0,0,0,0,136,0,0,0,0,0,136
99999,422,0,0,0,0,0,0,0,0,0,123,0,0,0,123,0,123
99999,422,0,0,0,0,0,0,0,0,0,191,0,0,191,0,0,191
99999,423,0,0,0,0,0,0,0,0,0,35,0,0,0,0,0,35
99999,423,0,0,0,0,0,0,0,0,0,66,0,0,66,0,0,66
99999,424,0,0,0,0,0,0,0,0,0,148,0,0,148,0,0,148
99999,424,0,0,0,0,0,0,0,0,0,215,0,215,0,215,0,215
99999,425,0,0,0,0,0,0,0,0,0,285,0,0,285,285,0,285
99999,425,0,0,0,0,0,0,0,0,0,45,45,0,0,45,0,45
99999,426,0,0,0,0,0,0,0,0,0,44,0,0,0,0,0,44
99999,426,0,0,0,0,0,0,0,0,0,13,0,0,13,0,0,13
99999,427,0,0,0,0,0,0,0,0,0,231,0,0,0,0,0,231
99999,427,0,0,0,0,0,0,0,0,0,69,0,0,69,0,0,69
99999,428,0,0,0,0,0,0,0,0,0,225,0,0,0,0,0,225
99999,428,0,0,0,0,0,0,0,0,0,200,0,0,0,200,0,200
99999,428,0,0,0,0,0,0,0,0,0,266,0,0,266,0,0,266
99999,428,0,0,0,0,0,0,0,0,0,245,0,245,0,0,0,245
99999,428,0,0,1,0,0,0,0,0,0,19,0,0,19,0,0,19
99999,429,0,0,1,0,0,0,0,0,0,89,0,0,0,89,0,89
99999,430,0,0,0,0,0,0,0,0,0,598,0,0,0,0,0,598
99999,430,0,0,0,0,0,0,0,0,0,20,0,0,0,20,0,20
99999,430,0,0,0,0,0,0,0,0,0,121,0,0,121,0,0,121
99999,431,0,0,0,0,0,0,0,0,0,43,0,0,43,0,0,43
99999,431,0,0,0,0,0,0,0,0,0,81,0,0,81,81,0,81
99999,432,0,0,0,0,0,0,0,0,0,226,0,0,0,0,0,226
99999,432,0,0,0,0,0,0,0,0,0,123,0,123,0,0,0,123
99999,432,0,0,0,0,71,0,0,0,0,0,0,0,0,0,0,71
99999,432,0,0,1,0,0,0,0,0,0,48,0,0,0,0,0,48
99999,433,0,0,0,0,0,0,0,0,0,82,0,0,0,0,0,82
99999,433,0,0,0,0,0,0,0,0,0,28,0,0,28,0,0,28
99999,434,0,0,0,0,0,0,0,0,0,209,0,0,209,0,0,209
99999,434,0,0,0,0,0,0,0,0,0,42,0,42,0,0,0,42
99999,434,0,0,0,0,49,0,0,0,0,49,0,0,0,0,0,49
99999,434,0,0,1,1,0,0,0,0,0,125,0,0,0,125,0,125
99999,435,0,0,0,0,0,0,0,0,0,55,0,0,0,0,0,55
99999,435,0,0,0,0,0,0,0,0,0,91,0,0,0,91,0,91
99999,435,0,0,0,0,0,0,0,0,0,46,0,0,46,0,0,46
99999,436,0,0,0,0,0,0,0,0,0,85,0,0,0,0,0,85
99999,436,0,0,0,0,0,0,0,0,0,18,0,0,18,0,0,18
99999,436,0,0,0,0,0,0,0,0,0,26,0,26,26,26,0,26
99999,436,0,0,0,0,40,0,0,0,0,40,0,0,0,0,0,40
99999,436,0,0,0,0,51,0,0,0,0,51,51,0,0,51,0,51
99999,436,0,0,1,1,0,0,0,0,0,35,0,0,0,35,0,35
99999,437,0,0,0,0,0,0,0,0,0,773,0,0,0,0,0,773
99999,437,0,0,0,0,0,0,0,0,0,75,0,0,0,75,0,75
99999,437,0,0,0,0,0,0,0,0,0,96,0,0,96,0,0,96
99999,437,0,0,0,0,0,0,0,0,0,90,0,90,0,0,0,90
99999,437,0,0,0,0,0,0,0,0,0,85,0,85,0,85,0,85
99999,437,0,0,0,0,0,0,0,0,0,15,15,0,15,0,15,15
99999,438,0,0,1,0,0,0,0,0,0,164,0,0,164,0,0,164
99999,439,0,0,0,0,0,0,0,0,0,27,0,0,0,0,0,27
99999,439,0,0,1,0,0,0,0,0,0,146,0,0,0,146,0,146
99999,440,0,0,0,0,0,0,0,0,0,315,0,315,0,0,0,315
99999,442,0,0,0,0,0,0,0,0,0,284,0,0,0,0,0,284
99999,442,0,0,0,0,0,0,0,0,0,68,0,68,0,0,0,68
99999,442,0,0,1,0,0,0,0,0,0,25,0,0,25,0,0,25
99999,442,0,0,1,0,74,0,74,0,0,0,0,0,74,0,0,74
99999,442,0,1,0,0,0,0,0,0,0,66,0,0,66,0,0,66
99999,443,0,0,0,0,0,0,0,0,0,11,0,0,11,0,0,11
99999,444,0,0,0,0,0,0,0,0,0,181,0,0,181,0,0,181
99999,445,0,0,0,0,0,0,0,0,0,301,0,0,0,0,0,301
99999,445,0,0,0,0,0,0,0,0,0,76,0,0,76,0,0,76
99999,445,0,0,0,0,0,0,304,0,0,0,0,304,0,0,0,304
99999,446,0,0,0,0,0,0,0,0,0,414,0,0,0,0,0,414
99999,446,0,0,0,0,0,0,0,0,0,17,0,0,17,17,0,17
99999,446,0,0,1,0,0,0,0,0,0,64,0,0,0,0,0,64
99999,447,0,0,0,0,0,0,0,0,0,15,0,0,0,0,0,15
99999,447,0,0,0,0,0,0,0,0,0,15,0,0,15,0,0,15
99999,447,0,0,0,0,0,0,0,0,0,69,0,69,69,0,0,69
99999,447,0,0,0,0,0,0,0,0,0,172,0,172,172,172,0,172
99999,447,0,0,0,0,23,0,0,0,0,23,0,0,0,0,0,23
99999,447,0,0,1,0,0,0,0,0,0,87,0,0,0,0,0,87
99999,448,0,0,0,0,0,0,0,0,0,140,0,0,0,0,0,140
99999,448,0,0,0,0,0,0,0,0,0,78,0,0,0,78,0,78
99999,448,0,0,0,0,0,0,0,0,0,68,0,0,68,0,0,68
99999,448,0,0,0,0,0,0,0,0,0,123,0,0,123,123,0,123
99999,448,0,0,0,0,0,0,0,0,0,58,0,58,58,0,0,58
99999,449,0,0,0,0,0,0,0,0,0,275,0,0,0,0,0,275
99999,449,0,0,0,0,0,0,0,0,0,134,0,134,0,0,0,134
99999,449,0,0,0,0,0,0,0,0,0,28,0,28,28,0,0,28
99999,449,0,0,1,0,0,0,0,0,0,35,0,0,0,0,0,35
99999,449,0,0,1,0,0,0,0,0,0,229,0,0,229,0,0,229
99999,449,0,0,1,0,0,0,111,0,0,111,111,0,0,0,0,111
99999,449,0,1,0,0,0,0,0,0,0,13,0,13,13,13,0,13
99999,450,0,0,0,0,0,0,0,0,0,0,0,119,0,119,119,119
99999,450,0,0,0,0,0,0,0,0,0,88,0,0,88,0,0,88
99999,450,0,0,0,0,0,0,0,0,0,42,0,42,42,42,0,42
99999,450,0,0,1,0,0,0,0,0,0,29,0,0,29,0,0,29
99999,450,0,1,0,0,0,0,0,0,0,29,0,0,29,29,0,29
99999,451,0,0,0,0,0,0,0,0,0,52,0,0,0,0,0,52
99999,451,0,0,0,0,0,0,0,0,0,11,0,0,11,0,0,11
99999,451,0,0,0,0,0,0,0,0,0,30,0,0,30,30,0,30
99999,452,0,0,0,0,0,0,0,0,0,171,0,0,0,0,0,171
99999,452,0,0,0,0,0,0,0,0,0,18,0,0,18,0,0,18
99999,452,0,0,0,0,0,0,0,0,0,17,0,0,17,17,0,17
99999,452,0,0,1,0,0,0,0,0,0,342,0,0,342,0,0,342
99999,453,0,0,0,0,0,0,0,0,0,13,0,0,13,0,0,13
99999,454,0,0,0,0,0,0,0,0,0,46,0,0,46,0,0,46
99999,454,0,0,0,0,0,0,0,0,0,12,0,12,0,0,0,12
99999,455,0,0,0,0,0,0,0,0,0,141,0,0,0,0,0,141
99999,455,0,0,0,0,0,0,0,0,0,162,162,162,0,0,0,162
99999,455,0,0,0,0,135,0,135,0,0,135,0,135,135,135,0,135
99999,456,0,0,0,0,0,0,0,0,0,702,0,0,0,0,0,702
99999,456,0,0,0,0,0,0,0,0,0,11,0,0,0,11,0,11
99999,456,0,0,0,0,0,0,0,0,0,119,0,0,119,0,0,119
99999,456,0,0,0,0,0,0,0,0,0,23,0,0,23,23,0,23
99999,456,0,0,1,0,0,0,0,0,0,143,0,0,0,143,0,143
99999,457,0,0,0,0,0,0,0,0,0,16,0,0,0,0,0,16
99999,457,0,0,0,0,0,0,0,0,0,22,0,0,22,22,0,22
99999,458,0,0,0,0,0,0,0,0,0,402,0,0,0,0,0,402
99999,458,0,0,0,0,0,0,0,0,0,54,0,0,54,0,0,54
99999,458,0,0,0,0,0,0,96,0,0,96,0,0,0,0,0,96
99999,459,0,0,0,0,0,0,0,0,0,116,0,0,0,0,0,116
99999,459,0,0,0,0,0,0,0,0,0,19,0,0,19,19,0,19
99999,459,0,0,0,0,9,0,0,0,0,9,0,0,0,0,0,9
99999,460,0,0,0,0,0,0,0,0,0,25,0,0,0,0,0,25
99999,460,0,0,0,0,0,0,0,0,0,171,0,0,171,0,0,171
99999,460,0,0,0,0,0,0,0,0,0,13,0,13,0,13,0,13
99999,460,0,0,0,0,0,0,332,0,0,0,0,0,0,0,0,332
99999,460,0,0,0,0,111,0,0,0,0,111,0,0,0,0,0,111
99999,461,0,0,0,0,0,0,0,0,0,714,0,0,0,0,0,714
99999,461,0,0,0,0,0,0,0,0,0,56,0,0,56,0,0,56
99999,461,0,0,0,0,0,0,0,0,0,24,0,0,24,24,0,24
99999,462,0,0,0,0,48,0,0,0,0,0,0,0,0,0,0,48
99999,463,0,0,0,0,0,0,0,0,0,20,0,0,20,0,0,20
99999,463,0,0,0,0,0,0,0,0,0,89,0,0,89,89,0,89
99999,463,0,0,0,0,0,0,0,0,0,26,0,26,26,0,0,26
99999,463,0,0,0,0,30,0,0,0,0,30,0,0,0,0,0,30
99999,464,0,0,0,0,0,0,0,0,0,15,0,0,0,0,0,15
99999,464,0,0,0,0,0,0,0,0,0,17,0,0,17,0,0,17
99999,464,0,0,0,0,0,0,0,0,0,49,49,0,0,0,49,49
99999,464,0,0,0,0,0,0,0,0,0,13,13,13,0,0,0,13
99999,464,0,0,0,1,42,0,0,0,0,0,0,42,42,42,0,42
99999,464,0,1,0,0,0,0,0,0,0,97,0,0,97,0,0,97
99999,465,0,0,0,0,0,0,0,0,0,291,0,0,0,0,0,291
99999,465,0,0,0,0,0,0,0,0,0,71,0,0,0,71,0,71
99999,465,0,0,0,0,0,0,0,0,0,26,0,0,26,0,0,26
99999,466,0,0,0,0,0,0,0,0,0,325,0,0,0,0,0,325
99999,466,0,0,0,0,0,37,0,0,0,37,0,0,0,0,0,37
99999,466,0,0,0,0,43,0,0,0,0,0,0,0,0,0,0,43
99999,466,0,0,0,0,26,0,0,0,0,26,0,0,0,0,0,26
99999,467,0,0,0,0,0,0,0,0,0,70,0,0,0,70,0,70
99999,467,0,0,0,0,0,0,0,0,0,49,0,0,49,0,0,49
99999,468,0,0,0,0,0,0,0,0,0,22,0,0,0,0,0,22
99999,468,0,0,0,0,0,0,0,0,0,34,0,0,34,0,0,34
99999,468,0,0,0,0,0,0,0,0,0,13,0,13,0,0,0,13
99999,468,0,0,0,0,0,0,0,0,0,140,0,140,0,140,0,140
99999,468,0,0,0,0,0,0,0,0,0,212,0,212,212,0,0,212
99999,469,0,0,0,0,0,0,0,0,0,31,0,0,31,0,0,31
99999,469,0,0,0,0,0,0,0,0,0,79,0,0,79,79,0,79
99999,470,0,0,0,0,0,0,0,0,0,174,0,0,0,0,0,174
99999,470,0,0,0,0,0,0,0,0,0,176,0,0,176,0,0,176
99999,470,0,0,0,0,0,0,0,0,0,13,0,0,13,13,0,13
99999,470,0,0,0,0,0,0,0,0,0,42,0,42,42,42,0,42
99999,470,0,0,1,0,0,0,0,0,0,55,55,0,0,55,0,55
99999,471,0,0,0,0,0,0,0,0,0,17,0,0,0,0,0,17
99999,471,0,0,0,0,0,0,0,0,0,59,0,59,59,0,0,59
99999,471,0,0,0,0,0,0,0,0,0,11,0,11,11,11,0,11
99999,472,0,0,0,0,0,0,0,0,0,30,0,0,0,0,0,30
99999,472,0,0,0,0,0,0,0,0,0,209,0,0,0,209,0,209
99999,472,0,0,0,0,0,0,0,0,0,47,0,0,47,0,0,47
99999,472,0,0,1,0,0,0,0,0,0,33,0,0,33,33,0,33
99999,473,0,0,0,0,0,0,0,0,0,254,0,0,0,0,0,254
99999,473,0,0,0,0,0,0,0,0,0,331,0,0,0,331,0,331
99999,473,0,0,0,0,0,0,0,0,0,98,0,0,98,0,0,98
99999,473,0,0,0,0,0,0,0,0,0,180,0,0,180,180,0,180
99999,473,0,0,0,0,0,0,0,0,0,92,0,92,92,0,0,92
99999,473,0,0,0,0,0,19,0,0,0,19,0,0,0,0,0,19
99999,474,0,0,0,0,0,0,0,0,0,137,0,0,0,0,0,137
99999,474,0,0,0,0,0,0,0,0,0,18,0,0,18,0,0,18
99999,474,0,0,1,0,0,0,0,0,0,9,0,0,0,0,0,9
99999,475,0,0,0,0,0,0,0,0,0,107,0,0,107,0,0,107
99999,475,0,0,0,0,0,0,0,0,0,190,0,190,190,190,0,190
99999,476,0,0,0,0,0,0,0,0,0,8,0,0,0,8,0,8
99999,476,0,0,0,0,0,0,0,0,0,156,0,0,156,0,0,156
99999,476,1,0,0,1,0,0,0,0,0,228,228,0,0,0,0,228
99999,477,0,0,0,0,0,0,0,0,0,233,0,0,0,0,0,233
99999,477,0,0,0,0,0,0,0,0,0,17,0,0,17,0,0,17
99999,477,0,0,0,0,0,0,0,0,0,56,0,56,56,0,0,56
99999,477,0,0,0,0,0,0,0,0,0,25,0,25,25,25,0,25
99999,478,0,0,0,0,0,0,0,0,0,323,0,0,323,0,0,323
99999,479,0,0,0,0,0,0,0,0,0,179,0,0,0,0,0,179
99999,479,0,0,0,0,0,0,0,0,0,33,0,0,33,0,0,33
99999,479,0,0,0,0,0,0,0,0,0,148,0,0,148,148,0,148
99999,479,0,0,0,0,0,0,0,0,0,31,31,0,0,0,0,31
99999,480,0,0,0,0,0,0,0,0,0,203,0,0,0,0,0,203
99999,480,0,0,0,0,0,0,0,0,0,35,0,35,35,35,0,35
99999,480,0,1,0,0,0,0,0,0,0,42,0,42,42,0,0,42
99999,481,0,0,0,0,0,0,0,0,0,483,0,0,483,483,0,483
99999,482,0,0,0,0,0,0,0,0,0,21,0,0,0,0,0,21
99999,482,0,0,0,0,0,0,0,0,0,259,0,259,259,0,0,259
99999,483,0,0,0,0,0,0,0,0,0,268,0,0,0,0,0,268
99999,484,0,0,0,0,0,0,0,0,0,32,0,0,32,0,0,32
99999,485,0,0,0,0,0,0,0,0,0,224,0,0,0,0,0,224
99999,485,0,0,0,0,0,0,0,0,0,26,0,0,26,26,0,26
99999,485,0,1,0,0,0,0,0,0,0,106,0,106,0,106,0,106
99999,487,0,0,0,0,0,0,0,0,0,140,0,0,0,0,0,140
99999,487,0,0,0,0,0,0,0,0,0,61,0,0,0,61,0,61
99999,487,0,0,0,0,0,0,0,0,0,74,0,74,74,0,0,74
99999,487,0,1,0,0,0,0,0,0,0,41,0,0,41,41,0,41
99999,488,0,0,0,0,0,0,0,0,0,101,0,0,0,0,0,101
99999,488,0,0,0,0,0,0,0,0,0,76,0,0,76,0,0,76
99999,489,0,0,0,0,0,0,0,0,0,168,0,0,0,0,0,168
99999,489,0,0,0,0,0,0,0,0,0,14,0,0,14,14,0,14
99999,489,0,0,0,0,0,0,0,0,0,73,0,73,73,0,0,73
99999,489,0,0,0,0,33,0,0,0,0,33,0,0,0,0,0,33
99999,490,0,0,0,0,0,0,0,0,0,705,0,0,0,0,0,705
99999,490,0,0,0,0,0,0,0,0,0,26,0,0,26,0,0,26
99999,490,0,0,0,0,0,0,0,0,0,25,0,25,0,0,0,25
99999,491,0,0,0,0,0,0,0,0,0,175,0,0,0,0,0,175
99999,491,0,0,0,0,0,0,0,0,0,58,0,0,0,58,0,58
99999,491,0,0,0,0,0,0,0,0,0,20,0,20,0,0,0,20
99999,492,0,0,0,0,0,0,0,0,0,532,0,0,0,0,0,532
99999,492,0,0,0,0,0,0,0,0,0,35,0,0,35,35,0,35
99999,492,0,0,1,1,43,0,0,0,0,0,0,0,0,0,0,43
99999,493,0,0,0,0,0,0,0,0,0,42,0,0,0,0,0,42
99999,493,0,0,0,0,0,0,0,0,0,149,0,0,149,0,0,149
99999,493,0,0,0,0,0,0,0,0,0,179,0,0,179,179,0,179
99999,493,0,0,0,0,0,0,0,0,0,54,54,0,0,0,0,54
99999,493,0,0,0,0,26,0,0,0,0,0,26,0,26,0,0,26
99999,493,0,1,1,1,114,0,0,0,0,0,0,0,0,114,0,114
99999,494,0,0,0,0,0,0,0,0,0,41,0,0,0,0,0,41
99999,494,0,0,0,0,0,0,0,0,0,132,0,0,132,0,0,132
99999,494,0,0,0,0,0,0,0,0,0,35,0,0,35,35,0,35
99999,494,0,0,0,0,0,0,0,188,0,188,0,188,0,0,0,188
99999,495,0,0,0,0,0,0,0,0,0,386,0,0,0,0,0,386
99999,495,0,0,0,0,0,0,0,0,0,86,0,0,86,0,0,86
99999,495,0,0,0,0,0,0,0,0,0,23,0,23,23,0,0,23
99999,495,0,1,0,0,0,0,0,0,0,13,0,0,13,0,0,13
99999,496,0,0,0,0,0,0,0,0,0,17,0,0,0,0,0,17
99999,497,0,0,0,0,0,0,0,0,0,67,0,0,0,0,0,67
99999,497,0,0,0,0,0,0,0,0,0,21,0,21,21,0,0,21
99999,497,0,0,0,0,114,0,0,0,0,114,0,0,0,0,0,114
99999,498,0,0,0,0,0,0,0,0,0,63,0,0,0,0,0,63
99999,498,0,0,1,0,0,0,0,0,0,18,0,0,0,0,0,18
99999,499,0,0,0,0,0,0,0,0,0,12,0,0,0,0,0,12
99999,499,0,0,0,0,0,0,0,0,0,110,0,0,110,0,0,110
99999,499,0,0,0,0,0,0,0,0,0,249,0,0,249,249,0,249
99999,500,0,0,0,0,0,0,0,0,0,277,0,0,0,0,0,277
99999,500,0,0,0,0,0,0,0,0,0,122,0,0,122,0,0,122
99999,500,0,0,1,0,145,0,0,0,0,0,0,0,145,0,0,145
99999,501,0,0,0,0,0,0,0,0,0,0,0,0,0,0,0,105
99999,501,0,0,0,0,0,0,0,0,0,0,1009,0,0,0,1009,1009
99999,501,0,0,0,0,0,0,0,0,0,42239,0,0,0,0,0,42239
99999,501,0,0,0,0,0,0,0,0,0,568,0,0,0,0,568,568
99999,501,0,0,0,0,0,0,0,0,0,4047,0,0,0,4047,0,4047
99999,501,0,0,0,0,0,0,0,0,0,80,0,0,0,80,80,80
99999,501,0,0,0,0,0,0,0,0,0,22025,0,0,22025,0,0,22025
99999,501,0,0,0,0,0,0,0,0,0,57,0,0,57,0,57,57
99999,501,0,0,0,0,0,0,0,0,0,4111,0,0,4111,4111,0,4111
99999,501,0,0,0,0,0,0,0,0,0,3693,0,3693,0,0,0,3693
99999,501,0,0,0,0,0,0,0,0,0,24,0,24,0,0,24,24
99999,501,0,0,0,0,0,0,0,0,0,598,0,598,0,598,0,598
99999,501,0,0,0,0,0,0,0,0,0,4348,0,4348,4348,0,0,4348
99999,501,0,0,0,0,0,0,0,0,0,1863,0,1863,1863,1863,0,1863
99999,501,0,0,0,0,0,0,0,0,0,961,961,0,0,0,0,961
99999,501,0,0,0,0,0,0,0,0,0,321,321,0,321,0,0,321
99999,501,0,0,0,0,0,0,0,0,0,479,479,0,479,479,0,479
99999,501,0,0,0,0,0,0,0,0,0,549,549,549,0,0,0,549
99999,501,0,0,0,0,0,0,0,0,0,40,40,40,40,40,0,40
99999,501,0,0,0,0,0,0,0,0,290,0,0,0,0,290,0,290
99999,501,0,0,0,0,0,0,0,18,0,18,0,0,0,0,0,18
99999,501,0,0,0,0,0,0,599,0,0,0,0,0,0,0,0,599
99999,501,0,0,0,0,0,0,1451,0,0,1451,0,0,0,0,0,1451
99999,501,0,0,0,0,0,0,93,0,0,93,0,93,0,0,0,93
99999,501,0,0,0,0,0,0,16,0,16,16,0,16,16,16,0,16
99999,501,0,0,0,0,0,416,0,0,0,0,0,0,0,0,0,416
99999,501,0,0,0,0,0,139,0,0,0,0,0,0,0,0,139,139
99999,501,0,0,0,0,0,257,0,0,0,0,0,0,0,257,257,257
99999,501,0,0,0,0,0,35,0,0,0,0,0,0,35,35,0,35
99999,501,0,0,0,0,0,1416,0,0,0,1416,0,0,0,0,0,1416
99999,501,0,0,0,0,0,41,0,0,0,41,0,0,41,0,0,41
99999,501,0,0,0,0,0,164,0,0,0,164,0,0,164,0,164,164
99999,501,0,0,0,0,0,19,0,0,0,19,0,19,0,19,0,19
99999,501,0,0,0,0,0,7,7,0,0,7,0,0,0,7,0,7
99999,501,0,0,0,0,259,0,0,0,0,0,0,0,0,0,0,259
99999,501,0,0,0,0,52,0,0,0,0,0,0,0,52,0,0,52
99999,501,0,0,0,0,37,0,0,0,0,0,0,0,37,37,0,37
99999,501,0,0,0,0,56,0,0,0,0,0,0,0,56,56,56,56
99999,501,0,0,0,0,32,0,0,0,0,0,0,32,32,32,0,32
99999,501,0,0,0,0,434,0,0,0,0,434,0,0,0,0,0,434
99999,501,0,0,0,0,183,0,0,0,0,183,0,0,0,183,0,183
99999,501,0,0,0,0,459,0,0,0,0,459,0,0,459,0,0,459
99999,501,0,0,0,0,180,0,0,0,0,180,0,0,180,180,0,180
99999,501,0,0,0,0,102,0,0,0,0,102,0,102,0,0,0,102
99999,501,0,0,0,0,30,0,0,0,0,30,0,30,30,0,0,30
99999,501,0,0,0,0,197,0,0,0,0,197,0,197,197,197,0,197
99999,501,0,0,0,0,225,0,0,0,225,0,0,225,0,225,0,225
99999,501,0,0,0,0,547,547,0,0,0,547,0,547,0,0,0,547
99999,501,0,0,0,1,0,0,0,0,0,15,0,0,15,0,0,15
99999,501,0,0,0,1,0,0,0,0,0,74,0,74,74,0,0,74
99999,501,0,0,1,0,0,0,0,0,0,411,0,0,0,0,0,411
99999,501,0,0,1,0,0,0,0,0,0,318,0,0,0,318,0,318
99999,501,0,0,1,0,0,0,0,0,0,708,0,0,708,0,0,708
99999,501,0,0,1,0,0,0,0,0,0,550,0,0,550,550,0,550
99999,501,0,0,1,0,0,0,0,0,0,79,0,79,79,0,0,79
99999,501,0,0,1,0,0,0,0,0,0,43,0,43,43,43,0,43
99999,501,0,0,1,0,0,106,0,0,0,0,0,0,0,0,0,106
99999,501,0,0,1,0,103,0,0,0,0,103,0,0,0,0,0,103
99999,501,0,0,1,0,59,0,0,0,0,59,0,0,59,0,0,59
99999,501,0,0,1,1,0,0,0,0,0,412,0,0,0,0,0,412
99999,501,0,0,1,1,0,0,0,0,0,115,0,0,0,115,0,115
99999,501,0,0,1,1,0,0,0,0,0,19,0,0,19,19,0,19
99999,501,0,0,1,1,119,0,0,0,0,119,0,119,119,119,0,119
99999,501,0,1,0,0,0,0,0,0,0,189,0,0,0,189,0,189
99999,501,0,1,0,0,0,0,0,0,0,461,0,0,461,0,0,461
99999,501,0,1,0,0,0,0,0,0,0,13,0,0,13,13,0,13
99999,501,0,1,0,0,0,0,0,0,0,104,0,104,104,0,104,104
99999,501,0,1,0,0,0,170,0,0,0,0,0,0,170,170,0,170
99999,501,0,1,0,0,103,0,0,0,0,103,0,0,0,0,0,103
99999,501,0,1,1,0,0,0,0,0,0,32,0,0,32,0,0,32
99999,501,0,1,1,1,0,0,0,0,0,72,0,0,72,0,0,72
99999,501,1,0,0,0,0,0,0,0,0,14,0,0,0,0,0,14
99999,501,1,0,0,0,0,0,0,0,0,26,0,0,26,26,0,26
99999,501,1,0,0,0,0,137,0,0,0,137,0,137,137,0,0,137
