cd118,POVPIP,has_pap,has_ssip,has_hins4,has_snap,American Indian and Alaska Native,Asian,Black or African American,Native Hawaiian,Pacific Islander,White,Hispanic or Latino,Veteran,Elderly,DIS,English less than very well,WGTP
5600,0,0,0,0,0,0,0,0,0,0,557,0,0,0,0,0,557
5600,0,0,0,0,0,0,0,0,0,0,83,0,0,0,83,0,83
5600,0,0,0,0,0,0,0,0,0,0,466,0,0,466,0,0,466
5600,0,0,0,0,0,0,0,0,0,0,88,0,0,88,88,0,88
5600,0,0,0,0,0,0,0,0,0,0,67,0,67,67,67,0,67
5600,0,0,0,0,0,0,184,0,0,0,184,0,0,0,0,0,184
5600,0,0,0,0,0,68,0,0,0,0,68,0,68,0,68,0,68
5600,0,0,0,0,1,0,0,0,0,0,91,0,0,0,0,0,91
5600,0,0,0,0,1,0,0,0,0,0,132,0,0,0,132,0,132
5600,0,0,0,1,0,0,0,0,0,0,127,0,0,0,0,0,127
5600,0,0,0,1,0,0,0,0,0,0,49,0,0,49,0,0,49
5600,0,0,0,1,0,0,0,0,0,0,129,0,0,129,129,0,129
5600,0,0,0,1,0,0,0,0,0,0,31,0,31,31,0,0,31
5600,0,0,0,1,0,0,0,0,0,0,112,112,0,0,0,0,112
5600,0,0,0,1,0,0,44,0,0,0,0,0,0,0,0,0,44
5600,0,0,0,1,0,0,166,0,166,0,166,0,0,0,166,0,166
5600,0,0,0,1,0,138,0,0,0,0,138,0,0,0,138,0,138
5600,0,0,0,1,1,0,0,0,0,0,102,102,0,0,0,0,102
5600,2,0,0,0,0,0,0,0,0,0,287,0,0,0,0,0,287
5600,4,0,0,0,0,0,0,0,0,0,276,0,0,0,0,0,276
5600,4,0,0,0,0,0,0,0,0,0,109,0,0,0,109,0,109
5600,4,0,0,0,0,0,0,0,0,0,45,0,45,45,0,0,45
5600,5,0,0,0,0,0,0,0,0,0,214,0,0,0,0,0,214
5600,5,0,0,1,0,0,0,0,0,0,0,207,0,0,207,207,207
5600,5,0,0,1,0,0,0,0,0,0,60,0,0,0,0,0,60
5600,6,0,0,0,0,0,0,0,0,0,68,0,0,0,0,0,68
5600,6,0,0,0,0,26,0,0,0,0,0,0,0,0,0,0,26
5600,7,0,0,0,0,0,0,0,0,0,59,0,0,0,0,0,59
5600,7,0,0,1,0,0,0,0,0,0,138,0,0,138,138,0,138
5600,7,0,0,1,1,0,0,0,0,0,403,0,0,0,403,0,403
5600,8,0,0,0,0,0,0,0,0,0,74,0,0,0,74,0,74
5600,8,0,0,0,0,0,0,0,0,0,64,0,0,64,0,0,64
5600,8,0,0,0,0,23,0,0,0,0,0,0,0,0,0,0,23
5600,8,0,0,0,1,29,0,0,0,0,0,0,0,0,0,0,29
5600,9,0,0,0,0,14,0,0,0,0,0,0,0,0,0,0,14
5600,10,0,0,0,0,0,0,0,0,0,35,0,0,0,0,0,35
5600,10,0,0,0,0,0,0,0,0,0,72,0,0,72,72,0,72
5600,10,0,0,0,0,0,0,0,0,0,34,34,0,0,0,0,34
5600,10,0,0,0,1,0,0,0,0,0,152,0,0,0,152,0,152
5600,10,0,1,1,0,0,0,0,0,0,144,0,0,0,0,0,144
5600,11,0,0,0,0,0,0,0,0,0,28,28,0,0,0,0,28
5600,11,0,0,1,0,0,0,0,0,0,88,0,0,88,0,0,88
5600,12,0,0,0,0,0,0,0,0,0,18,0,18,18,0,0,18
5600,12,0,0,1,0,0,0,0,0,0,83,83,0,0,83,0,83
5600,12,0,0,1,0,206,0,0,0,0,0,206,0,0,0,0,206
5600,13,0,0,0,0,0,0,0,0,0,291,0,0,0,0,0,291
5600,13,0,0,0,0,0,0,0,0,0,20,0,0,20,0,0,20
5600,13,0,0,0,0,0,0,0,0,0,17,0,0,17,17,0,17
5600,13,0,0,0,1,0,0,0,0,0,49,0,49,49,0,0,49
5600,14,0,0,0,0,0,0,0,0,0,488,0,0,0,0,0,488
5600,14,0,0,0,0,0,0,0,0,0,75,0,0,0,75,0,75
5600,14,0,0,0,0,0,0,0,0,0,75,75,0,0,0,0,75
5600,14,0,0,0,0,18,0,0,0,0,18,0,0,18,0,0,18
5600,14,0,0,1,0,0,0,0,0,0,64,0,0,64,64,0,64
5600,14,0,1,1,1,24,0,24,0,0,24,24,0,0,0,0,24
5600,15,0,0,0,0,0,0,0,0,0,38,0,0,38,0,0,38
5600,15,0,0,0,0,0,0,0,0,0,99,0,99,99,99,0,99
5600,15,0,0,1,1,0,0,66,0,0,66,0,0,0,66,0,66
5600,16,0,0,0,0,0,0,0,0,0,66,0,0,0,0,0,66
5600,16,0,0,0,0,23,0,0,0,0,23,0,23,23,23,0,23
5600,16,0,0,1,0,0,0,0,0,0,212,0,0,0,212,0,212
5600,16,0,0,1,1,0,0,0,0,0,254,0,0,0,0,0,254
5600,16,0,0,1,1,0,0,0,0,0,81,0,81,0,0,0,81
5600,17,0,0,0,0,28,0,0,0,0,28,0,0,0,28,0,28
5600,17,0,0,0,1,0,0,0,0,0,70,0,70,0,70,0,70
5600,18,0,0,0,0,0,0,75,0,0,0,0,0,0,0,0,75
5600,19,0,0,0,0,0,494,0,0,0,494,0,0,0,0,0,494
5600,20,0,0,0,0,0,0,0,0,0,425,0,0,0,0,0,425
5600,21,0,0,0,0,0,0,0,0,0,53,0,53,53,53,0,53
5600,21,0,0,0,0,17,0,0,0,0,0,0,0,0,0,0,17
5600,21,0,0,1,1,80,0,80,0,80,80,80,0,0,0,0,80
5600,22,0,0,0,0,0,0,0,0,0,130,0,130,130,0,0,130
5600,22,0,0,1,0,0,44,0,0,0,0,0,0,44,0,0,44
5600,24,0,0,0,0,0,0,0,0,0,161,0,0,0,0,0,161
5600,24,0,0,0,0,0,0,0,0,0,96,0,0,96,0,0,96
5600,27,0,0,0,0,0,0,0,0,0,100,0,0,100,0,0,100
5600,27,0,0,1,0,0,0,0,0,0,17,0,0,0,0,0,17
5600,28,0,0,1,0,0,0,0,0,0,68,0,0,0,0,0,68
5600,29,0,0,0,0,0,0,0,0,0,33,0,0,0,33,0,33
5600,29,0,0,0,1,0,230,0,0,0,230,0,0,0,0,0,230
5600,30,0,0,0,0,0,0,0,0,0,17,0,0,0,0,0,17
5600,31,0,0,0,0,0,0,0,0,0,38,0,0,0,38,0,38
5600,33,0,0,0,0,0,0,0,0,0,72,0,0,0,0,0,72
5600,33,0,0,0,0,0,0,0,0,0,128,128,0,128,128,0,128
5600,33,1,0,1,1,22,0,0,0,0,0,0,0,22,22,0,22
5600,35,0,0,0,0,0,0,0,0,0,188,0,0,188,0,0,188
5600,35,0,0,1,0,0,0,0,0,0,128,0,0,0,0,0,128
5600,35,0,1,1,0,0,0,101,0,0,101,0,0,101,101,0,101
5600,36,0,0,0,1,0,0,0,0,0,362,0,362,0,0,0,362
5600,37,0,0,0,0,0,0,0,0,0,157,157,0,157,0,0,157
5600,38,0,0,0,0,0,0,0,0,0,37,0,37,0,0,0,37
5600,39,0,1,1,1,0,0,0,0,0,8,0,8,0,8,0,8
5600,40,0,0,0,0,0,0,0,0,0,22,0,0,0,0,0,22
5600,42,0,0,1,1,0,0,0,0,0,121,121,0,0,0,0,121
5600,42,0,1,1,1,0,0,0,0,0,56,0,0,0,56,0,56
5600,43,0,1,1,0,0,0,0,0,0,24,0,0,0,24,0,24
5600,44,0,0,0,0,0,0,0,0,0,234,0,0,0,0,0,234
5600,44,0,0,0,1,0,0,0,0,0,135,0,0,0,0,0,135
5600,45,0,0,0,1,0,0,0,0,0,0,24,0,0,0,0,24
5600,46,0,0,0,0,0,0,0,0,0,24,0,0,24,0,0,24
5600,46,1,0,0,0,0,0,0,0,0,98,0,0,0,98,0,98
5600,47,0,0,0,0,0,0,0,0,0,105,0,0,0,0,0,105
5600,47,0,0,0,1,0,0,0,0,0,204,0,0,0,0,0,204
5600,47,0,0,1,1,27,0,0,0,0,0,0,0,0,27,0,27
5600,47,0,1,1,0,20,0,0,0,0,0,0,0,20,20,0,20
5600,48,0,0,0,0,0,0,0,0,0,97,0,0,0,0,0,97
5600,48,0,0,0,0,0,0,0,0,0,80,0,0,80,80,0,80
5600,48,0,0,0,0,0,0,147,0,0,147,0,0,0,0,0,147
5600,48,0,1,1,1,0,0,0,0,0,171,0,0,0,0,0,171
5600,49,0,0,0,0,0,0,0,0,0,113,0,0,0,0,0,113
5600,49,0,0,1,0,0,0,0,0,0,71,0,0,71,0,0,71
5600,50,0,0,0,0,0,0,0,0,0,221,0,0,0,0,0,221
5600,50,0,0,0,0,0,0,0,0,0,260,0,0,0,260,0,260
5600,50,0,0,0,0,0,0,0,0,0,195,0,195,0,195,0,195
5600,51,0,0,0,0,0,0,0,0,0,200,0,0,0,0,0,200
5600,51,0,0,0,0,0,0,0,0,0,15,0,0,15,0,0,15
5600,51,0,0,0,0,0,0,0,0,0,96,0,96,0,96,0,96
5600,51,0,0,0,1,0,0,0,0,0,445,445,0,0,0,0,445
5600,51,0,0,0,1,22,0,0,0,0,0,0,0,22,0,0,22
5600,52,0,0,0,0,0,0,0,0,0,63,0,63,63,63,0,63
5600,52,1,0,0,1,0,0,46,0,0,46,46,0,0,0,0,46
5600,52,1,0,1,1,0,0,0,0,0,60,60,0,0,0,0,60
5600,53,0,0,0,0,0,0,0,0,0,237,0,0,0,0,0,237
5600,53,0,0,0,0,0,0,0,0,0,180,0,0,0,180,0,180
5600,53,0,0,1,0,14,0,0,0,0,14,14,0,0,14,0,14
5600,53,0,0,1,1,11,0,0,0,0,0,0,0,0,0,0,11
5600,54,0,0,0,0,0,0,0,0,0,24,0,0,0,24,0,24
5600,54,1,0,1,0,20,0,0,0,0,0,0,0,20,20,0,20
5600,55,0,0,1,0,0,0,0,0,0,16,16,0,16,0,0,16
5600,55,0,0,1,1,0,0,0,0,0,503,503,0,0,0,0,503
5600,55,0,1,1,1,109,0,0,0,0,109,0,0,0,109,0,109
5600,56,0,0,0,0,24,0,0,0,0,0,0,0,24,0,0,24
5600,57,0,0,0,0,0,0,0,0,0,895,0,0,0,0,0,895
5600,57,0,1,1,1,0,0,0,0,0,119,0,0,0,119,0,119
5600,57,1,0,0,0,0,0,0,0,0,52,0,0,52,0,0,52
5600,57,1,0,1,1,88,0,0,0,0,0,0,0,0,0,0,88
5600,58,0,0,0,0,0,0,0,0,0,45,0,0,0,0,0,45
5600,59,0,0,0,0,0,0,0,0,0,0,64,0,64,64,0,64
5600,59,0,0,0,0,16,0,0,0,0,0,0,0,0,0,0,16
5600,59,0,0,1,0,0,0,0,0,0,370,0,0,0,0,0,370
5600,59,0,1,1,1,0,0,0,0,0,24,24,0,0,24,0,24
5600,60,0,0,0,0,0,0,0,0,0,25,25,0,0,0,0,25
5600,60,0,0,0,0,0,33,33,0,0,33,0,0,0,0,0,33
5600,61,0,0,1,1,80,0,0,0,0,80,0,0,0,80,0,80
5600,63,0,0,1,0,0,0,0,0,0,218,0,0,0,0,0,218
5600,64,0,0,0,0,0,0,0,0,0,103,0,0,103,0,0,103
5600,64,0,1,1,0,0,0,0,0,0,93,0,0,0,0,0,93
5600,65,0,0,0,0,0,0,0,0,0,0,108,0,0,0,0,108
5600,65,0,0,0,1,0,0,0,0,0,45,0,0,0,0,0,45
5600,65,1,0,1,0,45,0,0,0,0,45,0,0,0,0,0,45
5600,67,0,0,0,0,0,0,0,0,0,116,0,0,0,0,0,116
5600,67,0,0,0,0,0,0,0,0,0,610,0,0,0,610,0,610
5600,67,0,0,0,0,0,0,0,0,0,86,0,0,86,86,0,86
5600,68,0,0,0,0,0,0,0,0,0,26,0,0,26,0,0,26
5600,68,0,1,1,0,18,0,0,0,0,0,0,0,0,0,18,18
5600,68,0,1,1,1,0,0,0,0,0,21,0,0,0,0,0,21
5600,69,0,0,1,1,0,0,0,0,0,66,0,0,0,0,0,66
5600,69,0,1,1,1,36,0,0,0,0,36,0,0,0,36,0,36
5600,70,0,0,1,1,0,0,0,0,0,465,0,0,0,0,0,465
5600,70,0,0,1,1,18,0,0,0,0,0,0,0,0,0,0,18
5600,70,0,0,1,1,38,0,0,0,0,0,0,0,38,38,0,38
5600,71,0,0,0,0,0,0,0,0,0,89,0,89,0,0,0,89
5600,71,0,1,1,0,23,0,0,0,0,0,0,0,23,23,0,23
5600,71,0,1,1,1,0,0,0,0,0,15,0,0,0,15,0,15
5600,71,1,1,1,0,127,0,0,0,0,127,0,0,127,127,0,127
5600,72,0,0,0,0,0,0,0,0,0,79,0,0,79,0,0,79
5600,72,0,0,0,0,0,0,0,0,0,10,0,0,10,10,0,10
5600,72,0,0,0,0,0,0,0,0,0,79,0,79,79,0,0,79
5600,72,0,0,0,0,0,0,0,0,0,172,172,0,0,0,0,172
5600,73,0,0,0,0,0,0,0,0,0,52,0,0,0,0,0,52
5600,73,0,0,0,0,0,0,0,0,0,107,0,0,0,107,0,107
5600,73,0,0,0,0,0,0,0,0,0,42,0,0,42,42,0,42
5600,73,1,0,0,1,0,0,0,0,0,37,0,37,37,37,0,37
5600,74,0,0,0,0,0,0,0,0,0,286,0,0,0,0,0,286
5600,74,0,1,1,1,0,0,0,0,0,145,0,0,0,145,0,145
5600,75,0,1,1,1,0,0,0,0,0,135,0,0,135,135,0,135
5600,75,1,0,1,1,0,0,0,0,0,118,0,0,0,0,0,118
5600,76,0,0,0,0,0,0,0,0,0,253,0,0,253,253,253,253
5600,76,0,0,1,1,0,0,0,0,0,81,0,0,81,81,0,81
5600,76,0,1,1,0,0,0,0,0,0,64,0,0,0,64,0,64
5600,76,0,1,1,1,0,0,0,0,0,43,0,0,43,43,0,43
5600,78,0,0,1,0,0,0,0,0,0,83,0,0,0,0,0,83
5600,78,0,0,1,0,0,0,0,0,0,85,0,0,85,85,0,85
5600,78,0,0,1,1,0,0,0,0,0,86,0,0,86,86,0,86
5600,79,0,0,0,0,0,0,0,0,0,44,0,44,44,0,0,44
5600,79,0,0,0,0,20,0,0,0,0,0,0,0,20,0,0,20
5600,79,0,0,0,0,43,0,0,0,0,0,0,0,43,43,0,43
5600,79,0,0,1,0,0,0,0,0,0,95,0,0,95,0,0,95
5600,80,0,0,0,0,0,0,0,0,0,120,120,0,120,120,120,120
5600,80,0,0,0,0,23,0,0,0,0,0,0,0,0,0,0,23
5600,80,0,0,0,1,163,0,0,0,0,0,0,0,0,0,0,163
5600,80,0,0,1,0,0,0,0,0,0,211,0,0,0,0,0,211
5600,80,0,0,1,0,0,0,0,0,0,43,0,0,43,43,0,43
5600,80,0,1,1,1,0,0,0,0,0,20,0,20,20,0,0,20
5600,81,0,0,1,0,0,0,0,0,0,42,0,0,42,42,0,42
5600,81,0,1,1,1,0,0,0,0,19,19,0,0,19,19,0,19
5600,82,0,0,0,0,0,0,0,0,0,108,0,108,108,108,0,108
5600,82,0,0,0,0,0,0,340,0,0,0,0,0,0,0,0,340
5600,82,0,0,1,0,0,0,0,0,0,77,0,0,0,77,0,77
5600,83,0,0,0,0,0,0,0,0,0,25,0,0,0,0,0,25
5600,83,0,0,1,0,42,0,0,0,0,42,42,0,42,0,0,42
5600,83,0,0,1,1,0,0,0,0,0,86,0,0,0,86,0,86
5600,83,0,0,1,1,10,0,0,0,0,0,0,0,10,10,0,10
5600,84,0,0,0,0,0,0,0,0,0,31,0,0,0,31,0,31
5600,84,0,0,1,0,0,0,0,0,0,67,0,0,67,0,0,67
5600,84,0,1,1,1,0,0,0,0,0,27,0,0,27,0,0,27
5600,85,0,0,1,0,0,0,0,0,0,0,202,0,202,202,0,202
5600,86,0,0,0,0,0,0,0,0,0,104,0,0,0,0,0,104
5600,86,0,0,0,0,0,0,0,0,0,13,0,0,13,0,0,13
5600,86,0,0,0,1,0,0,0,0,0,254,0,0,0,254,0,254
5600,86,0,0,0,1,0,0,0,0,0,245,0,245,0,245,0,245
5600,86,0,0,1,1,0,0,0,0,0,171,0,0,171,171,0,171
5600,86,1,0,1,0,0,0,0,0,0,14,0,0,14,14,0,14
5600,87,0,0,0,0,0,0,0,0,0,76,0,0,0,76,0,76
5600,87,0,0,0,0,0,0,0,0,0,123,0,0,123,123,0,123
5600,87,0,1,1,0,0,0,0,0,0,65,0,0,65,65,0,65
5600,87,0,1,1,1,0,0,0,0,0,37,0,0,37,37,0,37
5600,87,1,1,1,1,20,0,0,0,0,0,0,0,0,20,0,20
5600,88,0,0,0,0,0,0,0,0,0,73,0,0,73,73,0,73
5600,88,0,0,0,0,0,0,0,0,0,261,261,0,0,0,0,261
5600,89,0,0,0,0,0,0,0,0,0,52,0,0,52,0,0,52
5600,89,0,0,0,0,0,54,0,0,0,0,54,0,0,0,0,54
5600,90,0,0,1,1,18,0,0,0,0,18,0,0,18,18,0,18
5600,91,0,0,0,0,0,0,0,0,0,89,0,0,89,89,0,89
5600,92,0,0,0,0,0,0,0,0,0,0,146,0,146,0,0,146
5600,92,0,0,0,0,0,0,0,0,0,21,0,0,21,21,0,21
5600,92,0,0,0,0,0,0,0,0,0,61,0,61,61,0,0,61
5600,92,0,0,1,0,0,0,0,0,0,12,0,0,0,12,0,12
5600,93,0,0,0,0,0,0,0,0,0,62,62,0,62,62,0,62
5600,94,0,0,0,0,0,0,0,0,0,346,0,0,0,0,0,346
5600,94,0,0,0,1,0,0,0,0,0,126,0,0,0,0,126,126
5600,94,1,1,1,1,89,0,0,0,0,89,0,0,0,89,0,89
5600,95,0,0,0,0,0,0,0,0,0,32,0,0,32,32,0,32
5600,95,0,0,1,0,0,0,0,0,0,230,0,0,0,230,0,230
5600,95,0,1,1,0,0,0,0,0,0,57,0,0,57,57,0,57
5600,95,1,0,1,1,96,0,0,0,0,0,0,0,96,96,0,96
5600,96,0,0,0,0,0,0,0,0,0,96,0,0,96,96,0,96
5600,96,0,0,0,0,72,0,0,0,0,72,0,0,0,0,0,72
5600,96,0,0,1,0,0,0,0,0,0,44,0,44,44,0,0,44
5600,96,0,0,1,1,0,0,144,0,0,0,0,0,0,0,0,144
5600,96,0,1,1,0,0,0,0,0,0,36,0,0,0,0,0,36
5600,97,0,0,0,0,0,0,0,0,0,88,0,0,88,88,0,88
5600,97,0,0,0,0,0,0,0,0,0,110,0,110,110,110,0,110
5600,97,0,0,0,1,0,0,0,0,0,557,0,0,0,0,0,557
5600,97,0,0,1,1,0,0,0,0,0,165,0,0,165,165,0,165
5600,98,0,0,0,0,0,0,0,0,0,468,0,0,0,0,0,468
5600,99,0,0,0,0,0,0,0,0,0,47,0,0,47,0,0,47
5600,99,0,0,1,0,0,0,0,0,0,112,0,0,0,0,0,112
5600,99,0,0,1,0,0,0,0,0,0,73,0,0,73,73,0,73
5600,100,0,0,0,0,0,0,0,0,0,250,0,0,250,250,0,250
5600,100,0,0,0,0,0,0,0,0,0,59,0,59,59,0,0,59
5600,100,0,0,0,0,32,0,0,0,0,32,0,0,32,32,0,32
5600,101,0,0,0,0,0,0,0,0,0,185,0,0,185,185,0,185
5600,101,0,0,0,0,0,37,0,0,0,0,0,0,37,0,37,37
5600,101,0,0,1,0,21,0,0,0,0,0,0,0,0,0,0,21
5600,102,0,0,0,0,0,0,0,0,0,206,0,0,0,0,0,206
5600,102,0,0,0,0,0,0,0,0,0,106,0,0,106,0,0,106
5600,102,0,0,0,0,0,0,0,0,0,83,0,0,83,83,0,83
5600,102,0,0,0,1,0,0,0,0,0,188,0,0,188,188,0,188
5600,102,0,0,1,1,0,0,0,0,0,109,0,0,0,0,0,109
5600,103,0,0,0,0,0,0,0,0,0,63,0,0,0,0,0,63
5600,103,0,0,0,0,0,0,0,0,0,83,0,0,83,0,0,83
5600,103,0,0,0,0,0,0,0,0,0,78,0,0,78,78,0,78
5600,103,0,0,0,0,0,0,0,0,0,43,0,43,43,43,0,43
5600,103,0,0,1,0,0,0,0,0,0,79,0,0,79,79,0,79
5600,104,0,0,0,0,0,0,0,0,0,178,0,0,0,0,0,178
5600,104,0,0,0,0,0,0,0,0,0,11,0,0,0,11,0,11
5600,104,0,0,0,0,0,0,0,0,0,268,0,0,268,0,0,268
5600,105,0,0,0,0,0,0,0,0,0,127,0,0,0,0,0,127
5600,105,0,0,0,0,0,0,0,0,0,36,0,0,36,36,0,36
5600,106,0,0,0,0,0,0,0,0,0,137,0,0,0,0,0,137
5600,106,0,0,0,0,0,0,0,0,0,220,220,0,220,0,0,220
5600,106,0,0,1,0,0,0,0,0,0,10,0,10,10,10,0,10
5600,106,0,0,1,1,0,0,0,0,0,17,0,0,17,17,0,17
5600,106,0,0,1,1,0,0,0,0,0,92,92,0,92,0,92,92
5600,106,1,0,0,1,0,0,0,0,0,38,0,0,0,0,0,38
5600,107,0,0,0,0,0,0,0,0,0,231,0,0,0,0,0,231
5600,107,0,0,0,0,0,0,0,0,0,53,0,53,53,53,0,53
5600,107,0,0,0,0,243,0,0,0,0,243,0,0,0,0,0,243
5600,107,0,0,1,0,0,0,0,0,0,0,0,0,0,0,0,147
5600,107,0,0,1,0,0,0,0,0,0,55,0,0,0,0,0,55
5600,107,0,0,1,0,0,0,100,0,0,100,0,0,100,100,0,100
5600,108,0,0,0,0,0,0,0,0,0,61,0,0,0,0,0,61
5600,108,0,0,0,0,0,0,0,0,0,105,0,0,105,0,0,105
5600,108,0,0,0,0,0,0,0,0,0,12,0,0,12,12,0,12
5600,108,0,0,0,0,0,0,0,0,0,38,0,38,38,38,0,38
5600,108,0,1,1,0,0,0,0,0,0,109,0,0,109,109,0,109
5600,109,0,0,0,0,0,0,0,0,0,90,0,0,0,0,0,90
5600,109,0,0,0,0,0,0,0,0,0,213,0,0,0,213,0,213
5600,109,0,0,0,0,0,0,0,0,0,63,0,0,63,0,0,63
5600,110,0,0,0,0,0,0,0,0,0,103,0,0,0,0,0,103
5600,110,0,0,0,0,0,0,0,0,0,152,0,0,0,152,0,152
5600,110,0,0,0,0,0,0,0,0,0,122,0,0,122,0,0,122
5600,110,0,0,0,0,0,0,0,0,0,82,82,0,0,0,0,82
5600,110,0,1,1,0,0,0,0,0,0,115,0,0,115,115,0,115
5600,111,0,0,0,0,0,0,0,0,0,58,0,0,58,0,0,58
5600,111,0,0,0,0,0,0,0,0,0,22,0,0,22,22,0,22
5600,111,0,0,0,0,49,0,0,0,0,49,0,0,49,49,0,49
5600,111,0,0,0,1,0,0,0,0,0,177,0,177,0,0,0,177
5600,111,0,0,1,0,0,0,0,0,0,106,106,0,0,0,0,106
5600,112,0,0,1,0,0,0,0,0,0,50,0,0,0,0,0,50
5600,112,0,0,1,1,0,0,0,0,0,58,0,0,0,58,0,58
5600,113,0,0,0,0,0,0,0,0,0,0,0,0,0,15,0,15
5600,113,0,0,0,0,0,0,0,0,0,84,0,0,84,84,0,84
5600,113,0,0,1,0,0,0,0,0,0,209,0,0,0,0,0,209
5600,113,0,0,1,0,0,0,0,0,0,119,0,0,119,0,0,119
5600,114,0,0,0,0,0,0,0,0,0,9,0,0,9,0,0,9
5600,114,0,0,0,0,0,0,0,0,0,242,242,0,242,0,0,242
5600,115,0,0,0,0,0,0,0,0,0,7,0,0,0,0,0,7
5600,115,0,0,0,0,0,0,0,0,0,95,0,0,95,95,0,95
5600,115,0,0,0,0,0,0,0,0,0,14,0,14,14,14,0,14
5600,115,0,0,0,0,22,0,0,0,0,22,0,0,22,22,0,22
5600,115,0,0,1,0,0,0,0,0,0,92,0,0,92,92,0,92
5600,115,0,0,1,1,0,0,0,0,0,305,0,0,305,305,0,305
5600,116,0,0,0,0,0,0,0,0,0,53,0,0,53,0,0,53
5600,116,0,0,0,0,0,0,0,0,0,40,0,0,40,40,0,40
5600,116,0,0,0,0,0,0,0,0,0,194,194,0,0,0,0,194
5600,116,0,0,0,0,0,0,272,0,0,272,0,0,0,0,0,272
5600,116,0,0,1,0,0,0,0,0,0,175,175,175,0,175,175,175
5600,117,0,0,0,0,0,0,0,0,0,93,0,0,93,0,0,93
5600,117,0,0,0,1,0,0,0,0,0,45,0,0,45,0,0,45
5600,117,0,0,1,1,0,0,0,0,0,57,0,0,57,57,0,57
5600,118,0,0,0,0,0,0,0,0,0,362,0,0,0,0,0,362
5600,118,0,0,0,0,0,0,0,0,0,6,0,6,6,0,0,6
5600,119,0,0,0,0,0,0,0,0,0,245,0,0,0,0,0,245
5600,119,0,0,0,0,0,0,0,0,0,87,0,0,0,87,0,87
5600,119,0,0,0,0,0,0,0,0,0,104,0,0,104,104,0,104
5600,119,0,0,0,0,0,0,0,0,0,20,20,0,20,0,0,20
5600,119,0,0,0,0,23,0,0,0,0,0,0,0,0,0,0,23
5600,119,0,0,0,0,104,0,0,0,0,104,104,0,0,0,0,104
5600,119,0,0,1,0,0,0,0,0,0,42,0,0,0,0,0,42
5600,119,0,0,1,0,0,0,0,0,0,92,0,0,92,92,0,92
5600,120,0,0,0,0,0,0,0,0,0,94,0,0,0,0,0,94
5600,120,0,0,0,0,0,0,0,0,0,65,0,0,65,65,0,65
5600,120,0,0,0,0,0,0,0,0,0,47,47,0,47,0,0,47
5600,120,0,0,0,0,20,0,0,0,0,0,0,0,20,20,0,20
5600,120,0,0,1,0,0,0,0,0,0,86,0,0,86,0,0,86
5600,120,0,0,1,0,0,0,0,0,0,70,0,0,70,70,0,70
5600,121,0,0,0,0,0,59,0,0,0,0,0,0,0,59,0,59
5600,121,0,1,1,0,0,0,0,0,0,0,0,0,0,32,0,32
5600,122,0,0,0,0,0,0,0,0,0,38,0,0,38,0,0,38
5600,122,0,0,1,0,0,0,0,87,0,87,0,0,0,87,0,87
5600,122,0,0,1,1,0,0,0,0,0,80,0,0,80,80,0,80
5600,123,0,0,0,0,0,0,0,0,0,73,0,0,73,0,0,73
5600,123,0,0,0,0,0,0,0,0,0,58,0,0,58,58,0,58
5600,123,0,0,0,0,150,0,0,0,0,0,0,0,0,150,0,150
5600,124,0,0,0,0,0,0,0,0,0,110,0,0,0,0,0,110
5600,124,0,0,0,0,0,0,0,0,0,20,0,0,20,0,0,20
5600,124,0,0,0,0,0,0,0,0,0,10,0,0,10,10,0,10
5600,124,0,0,0,0,0,0,0,0,0,152,152,152,0,0,0,152
5600,124,0,0,1,0,0,0,0,0,0,159,0,0,0,0,0,159
5600,124,0,0,1,0,0,0,0,0,0,19,0,0,19,19,0,19
5600,124,0,1,1,0,0,0,0,0,0,100,0,0,100,100,0,100
5600,125,0,0,0,0,0,0,0,0,0,227,0,0,227,0,0,227
5600,125,0,0,0,0,0,0,0,0,0,44,0,44,44,0,0,44
5600,125,0,0,0,0,0,49,0,0,0,49,0,49,49,0,0,49
5600,125,0,1,1,0,0,0,0,0,0,112,0,0,0,0,0,112
5600,126,0,0,1,0,0,0,0,0,0,63,0,0,0,63,0,63
5600,126,0,0,1,0,0,0,0,0,0,63,63,0,0,0,0,63
5600,126,1,0,1,0,22,0,0,0,0,0,0,0,22,0,0,22
5600,127,0,0,0,0,0,0,0,0,0,21,0,0,21,21,0,21
5600,127,0,0,0,0,0,0,0,0,0,190,0,190,190,0,0,190
5600,127,0,0,1,0,0,0,0,0,0,276,0,0,0,0,0,276
5600,128,0,0,0,0,0,0,0,0,0,97,0,0,97,97,0,97
5600,128,0,0,0,0,0,0,0,0,0,179,179,0,0,0,179,179
5600,129,0,0,0,0,0,0,0,0,0,10,0,0,10,0,0,10
5600,129,0,0,1,0,0,0,0,0,0,68,0,0,0,0,0,68
5600,129,0,0,1,0,0,0,0,0,0,452,0,0,0,452,0,452
5600,129,0,0,1,0,0,0,0,0,0,71,0,0,71,0,0,71
5600,129,0,1,1,0,0,0,0,0,0,47,0,0,47,47,0,47
5600,129,1,1,1,1,0,0,0,0,0,35,0,0,0,35,0,35
5600,130,0,0,0,0,0,0,0,0,0,247,0,0,247,0,0,247
5600,130,0,0,0,0,30,0,0,0,0,30,0,0,0,0,0,30
5600,130,0,0,1,0,0,0,0,0,0,210,210,210,210,210,0,210
5600,131,0,0,0,0,0,0,0,0,0,96,0,0,96,0,0,96
5600,131,0,0,0,0,0,0,0,0,0,60,0,60,60,0,0,60
5600,132,0,0,1,0,0,0,0,0,0,42,0,0,0,42,0,42
5600,133,0,0,0,0,0,0,0,0,0,51,0,0,0,0,0,51
5600,133,0,0,0,0,0,0,0,0,0,59,0,0,59,0,0,59
5600,134,0,0,0,0,0,0,0,0,0,69,0,0,0,0,0,69
5600,134,0,0,0,0,0,0,0,0,0,128,0,0,0,128,0,128
5600,134,0,0,1,0,0,0,0,0,0,187,0,0,0,187,0,187
5600,134,0,0,1,0,41,0,0,0,0,0,0,0,0,41,0,41
5600,134,0,1,1,0,0,0,0,0,0,0,63,0,63,63,63,63
5600,135,0,0,0,0,0,0,0,0,0,0,11,0,0,0,11,11
5600,135,0,0,0,0,0,0,0,0,0,9,0,0,9,0,0,9
5600,135,0,0,1,0,0,0,0,0,0,86,0,0,0,0,0,86
5600,135,0,0,1,1,132,0,0,0,0,132,132,0,0,0,0,132
5600,136,1,0,0,0,0,0,0,0,0,13,0,0,13,13,0,13
5600,137,0,0,1,0,0,0,0,0,0,123,0,0,0,0,0,123
5600,138,0,0,0,0,0,0,0,0,0,53,0,0,0,0,0,53
5600,138,0,0,0,0,0,0,0,0,0,91,0,0,91,0,0,91
5600,138,0,0,0,0,0,0,0,0,0,10,0,0,10,10,0,10
5600,138,0,0,0,0,0,0,0,0,0,95,0,95,0,0,0,95
5600,138,0,0,0,0,37,0,0,0,0,37,0,37,37,37,0,37
5600,138,0,0,1,0,0,0,0,0,0,239,0,0,0,239,0,239
5600,138,0,0,1,0,21,0,0,0,0,0,0,0,0,0,0,21
5600,138,0,1,1,0,0,0,0,0,0,25,0,0,25,25,0,25
5600,139,0,0,0,0,0,0,0,0,0,146,0,0,0,0,0,146
5600,139,0,0,0,0,0,0,0,0,0,297,0,0,0,297,0,297
5600,139,0,0,0,0,56,0,0,0,0,56,0,0,0,56,0,56
5600,139,0,0,1,0,0,0,0,0,0,147,0,147,147,0,0,147
5600,139,0,0,1,1,0,0,0,0,0,524,0,0,0,0,0,524
5600,140,0,0,0,0,0,0,0,0,0,113,0,0,0,0,0,113
5600,140,0,0,0,0,0,0,0,0,0,186,0,0,0,186,0,186
5600,140,0,0,0,0,0,0,0,0,0,68,0,0,68,68,0,68
5600,140,0,0,0,0,0,0,0,0,0,54,0,54,54,0,0,54
5600,140,0,0,0,0,33,0,0,0,0,33,0,0,33,33,0,33
5600,140,0,0,0,1,0,0,0,0,0,87,0,0,0,0,0,87
5600,140,0,1,1,0,0,0,0,102,0,102,0,0,0,102,0,102
5600,141,0,0,0,0,0,0,0,0,0,92,0,0,0,0,0,92
5600,141,0,0,0,0,0,0,0,0,0,45,0,0,45,45,0,45
5600,141,0,0,0,0,0,0,0,0,0,86,0,86,86,86,0,86
5600,141,0,0,0,0,0,0,0,0,0,29,29,0,0,0,0,29
5600,142,0,0,0,0,0,0,0,0,0,158,0,0,158,158,0,158
5600,142,0,1,1,0,0,0,0,0,0,291,0,0,0,291,0,291
5600,143,0,0,0,0,0,0,0,0,0,218,0,0,0,218,0,218
5600,143,0,0,0,0,0,0,0,0,0,76,0,0,76,76,0,76
5600,143,0,0,1,1,0,0,0,0,0,64,0,0,0,0,0,64
5600,144,0,0,0,0,0,0,0,0,0,319,0,0,0,319,0,319
5600,144,0,0,0,0,0,0,0,0,0,73,0,0,73,0,0,73
5600,144,0,0,0,0,0,0,0,0,0,57,0,0,57,57,0,57
5600,144,0,0,0,0,0,0,0,0,0,506,0,506,506,0,0,506
5600,144,0,0,0,0,0,0,0,0,0,186,186,0,0,0,0,186
5600,144,0,0,1,1,0,0,0,0,0,223,0,223,0,223,0,223
5600,145,0,0,0,0,0,0,0,0,0,31,0,0,0,0,0,31
5600,145,0,0,0,0,0,0,0,0,0,19,0,0,19,0,0,19
5600,145,0,0,0,0,0,0,0,0,0,19,0,0,19,19,0,19
5600,146,0,0,0,0,0,0,0,0,0,69,0,0,69,69,0,69
5600,146,0,0,0,0,0,0,0,0,0,259,0,259,259,259,0,259
5600,146,0,0,0,0,0,101,0,0,0,101,0,0,101,101,0,101
5600,146,0,1,1,0,0,0,0,0,0,57,0,57,57,57,0,57
5600,147,0,0,0,0,0,0,17,0,0,17,0,0,0,0,17,17
5600,147,0,0,0,0,49,0,0,0,0,49,0,0,0,0,0,49
5600,147,0,1,1,0,0,0,0,0,0,153,0,0,0,153,0,153
5600,148,0,0,0,0,0,0,0,0,0,340,0,0,0,0,0,340
5600,148,0,0,0,0,0,0,0,0,0,101,0,0,101,101,0,101
5600,148,0,0,0,0,24,0,0,0,0,0,0,0,24,0,0,24
5600,148,0,0,1,0,0,0,0,0,0,50,0,0,0,0,0,50
5600,148,1,0,1,0,0,0,0,0,0,95,0,0,95,95,0,95
5600,149,0,0,0,0,0,0,0,0,0,250,0,0,0,0,0,250
5600,149,0,0,0,0,0,0,0,0,0,145,0,0,145,0,0,145
5600,149,0,0,1,0,97,0,0,0,0,0,0,0,0,0,0,97
5600,150,0,0,0,0,0,0,0,0,0,14,0,0,0,0,0,14
5600,150,0,0,0,0,0,0,0,0,0,510,0,0,510,510,0,510
5600,150,0,0,0,0,0,54,0,0,0,54,0,0,54,54,54,54
5600,150,0,1,1,0,0,0,0,0,0,41,0,0,41,41,0,41
5600,151,0,0,0,0,0,0,0,0,0,144,0,0,0,0,0,144
5600,151,0,1,1,0,0,0,0,0,0,53,0,0,0,0,0,53
5600,152,0,0,0,0,0,0,0,0,0,40,0,0,40,0,0,40
5600,152,0,0,0,0,0,0,0,0,0,124,0,124,124,0,0,124
5600,152,0,0,1,1,0,0,0,0,0,72,72,0,0,72,0,72
5600,153,0,0,0,0,0,0,0,0,0,275,0,0,0,0,0,275
5600,154,0,0,0,0,0,0,0,0,0,631,0,0,631,0,0,631
5600,154,0,0,0,0,0,0,0,0,0,99,0,0,99,99,0,99
5600,154,0,0,0,0,0,0,0,0,0,76,0,76,76,76,0,76
5600,154,0,0,1,0,361,0,0,0,0,361,0,0,0,361,0,361
5600,154,0,0,1,1,22,0,0,0,0,0,0,0,22,0,0,22
5600,155,0,0,0,0,0,0,0,0,0,47,0,0,0,0,0,47
5600,155,0,0,0,0,0,0,0,0,0,95,0,0,95,0,0,95
5600,155,0,0,0,0,0,284,0,0,0,284,284,0,0,284,0,284
5600,155,0,0,1,0,0,0,0,0,0,186,0,0,0,0,0,186
5600,155,1,1,1,1,10,0,0,0,0,0,0,0,0,10,0,10
5600,156,0,0,0,0,0,0,0,0,0,73,0,0,0,0,0,73
5600,156,0,0,0,0,0,0,0,0,0,20,20,0,20,0,0,20
5600,156,0,0,0,0,55,0,0,0,0,0,55,0,0,0,0,55
5600,156,0,0,1,0,0,0,0,0,0,11,0,11,11,0,0,11
5600,157,0,0,0,0,0,0,0,0,0,76,0,0,76,0,0,76
5600,157,0,0,0,0,0,0,0,0,0,17,17,0,0,0,0,17
5600,158,0,0,0,0,0,0,0,0,0,98,0,0,0,98,0,98
5600,158,0,0,0,0,0,0,0,0,0,15,0,0,15,15,0,15
5600,158,0,0,0,0,0,0,0,0,0,36,0,36,36,36,0,36
5600,159,0,0,0,0,0,0,0,0,0,54,0,0,0,0,0,54
5600,159,0,0,0,0,134,0,0,0,0,134,134,0,134,134,0,134
5600,159,0,0,1,0,0,0,0,0,0,54,0,0,0,0,0,54
5600,160,0,1,1,0,0,0,0,0,0,69,0,0,0,69,0,69
5600,161,0,0,0,0,0,0,0,0,0,127,0,0,0,0,0,127
5600,161,0,0,0,0,0,0,0,0,0,31,0,31,31,0,0,31
5600,161,0,0,0,0,0,0,565,0,0,565,565,0,0,565,0,565
5600,162,0,0,0,0,0,0,0,0,0,231,0,0,231,231,0,231
5600,162,0,0,0,0,0,0,0,0,0,59,0,59,59,0,0,59
5600,162,0,0,1,0,0,0,0,0,0,275,0,0,275,275,0,275
5600,162,0,0,1,1,0,0,0,0,0,66,0,0,66,0,0,66
5600,163,0,0,1,0,0,0,0,0,0,54,0,0,0,54,0,54
5600,163,1,0,0,0,0,59,0,0,0,59,0,0,0,0,0,59
5600,163,1,1,1,1,0,0,0,0,0,91,0,0,91,91,0,91
5600,164,0,0,0,0,0,0,0,0,0,59,0,0,59,59,0,59
5600,164,0,0,0,0,0,0,0,0,0,237,237,0,0,0,237,237
5600,164,0,0,1,0,0,0,0,0,0,58,0,0,0,0,0,58
5600,165,0,0,0,0,0,0,0,0,0,257,0,0,0,0,0,257
5600,165,0,0,0,0,0,0,0,0,0,108,108,0,0,0,0,108
5600,166,0,0,0,0,0,0,0,0,0,41,0,0,0,0,0,41
5600,166,0,0,0,0,0,0,0,0,0,41,41,0,0,0,0,41
5600,166,0,0,1,0,0,0,0,0,0,119,0,0,0,0,0,119
5600,166,0,0,1,1,0,0,0,0,0,187,0,0,0,187,0,187
5600,167,0,0,0,0,0,0,0,0,0,249,0,0,0,0,0,249
5600,167,0,0,0,0,0,0,0,0,0,64,0,0,64,64,0,64
5600,167,0,0,0,0,0,0,0,0,0,65,65,0,0,0,0,65
5600,167,0,0,0,0,27,0,0,0,0,0,0,0,27,0,0,27
5600,167,0,0,1,0,0,0,0,0,0,143,0,0,0,143,0,143
5600,167,0,0,1,0,0,0,0,0,0,32,32,0,32,0,0,32
5600,168,0,0,1,0,0,0,0,0,0,109,0,0,109,0,0,109
5600,168,1,0,1,0,0,8,0,0,0,8,0,0,8,8,0,8
5600,169,0,0,0,0,0,0,0,0,0,10,0,0,10,0,0,10
5600,169,0,0,0,0,58,0,0,0,0,58,0,0,0,0,0,58
5600,169,0,0,1,0,0,0,0,0,0,94,0,0,94,94,0,94
5600,169,0,1,1,1,0,0,0,0,0,162,0,0,0,0,0,162
5600,170,0,0,0,0,0,0,0,0,0,57,0,0,0,57,0,57
5600,170,0,0,1,0,0,0,0,0,0,144,0,144,144,144,0,144
5600,171,0,0,0,0,0,0,0,0,0,59,0,0,59,0,0,59
5600,171,0,0,0,0,0,0,0,0,0,54,0,54,54,54,0,54
5600,171,0,0,1,0,0,67,0,0,0,67,67,0,67,0,0,67
5600,172,0,0,0,0,0,0,0,0,0,44,0,0,0,0,0,44
5600,172,0,0,0,0,0,0,0,0,0,37,0,37,0,0,0,37
5600,172,0,0,0,0,0,0,0,0,0,37,0,37,37,37,0,37
5600,172,0,0,0,0,0,0,0,0,0,86,86,86,0,0,0,86
5600,173,0,0,0,0,0,0,0,0,0,291,0,0,0,0,0,291
5600,173,0,0,1,0,0,0,0,0,0,117,0,117,117,117,0,117
5600,174,0,0,0,0,0,0,0,0,0,10,0,0,10,0,0,10
5600,174,0,0,0,0,0,0,0,0,0,38,0,0,38,38,0,38
5600,174,0,0,0,0,0,0,0,0,0,61,61,0,0,0,0,61
5600,174,0,0,0,0,268,0,0,0,0,268,268,0,268,268,0,268
5600,174,0,0,0,1,0,0,0,0,0,414,414,0,0,414,0,414
5600,174,0,0,1,0,0,0,0,0,0,0,155,0,0,0,0,155
5600,175,0,0,0,0,0,0,0,0,0,81,0,0,81,81,0,81
5600,175,0,0,0,0,0,0,0,0,0,65,65,65,65,0,0,65
5600,176,0,0,0,0,0,0,0,0,0,501,0,0,0,0,0,501
5600,176,0,0,0,0,0,0,0,0,0,58,0,0,58,0,0,58
5600,176,0,0,1,0,0,0,0,0,0,117,117,0,0,117,0,117
5600,176,0,1,1,0,0,0,0,0,0,26,0,0,0,26,0,26
5600,177,0,0,0,0,0,0,0,0,0,284,284,0,0,0,0,284
5600,178,0,0,0,0,0,0,0,0,0,93,0,93,93,93,0,93
5600,178,0,0,1,0,0,0,0,0,0,187,0,0,0,0,0,187
5600,178,1,1,1,0,0,0,0,0,0,32,0,0,0,0,0,32
5600,179,0,0,0,0,0,0,0,0,0,84,0,84,84,0,0,84
5600,179,0,0,0,0,0,0,0,0,0,72,0,72,72,72,0,72
5600,179,0,0,0,0,90,0,0,0,0,90,0,0,0,0,0,90
5600,180,0,0,0,0,0,0,0,0,0,48,0,0,0,0,0,48
5600,180,0,0,0,0,0,0,0,0,0,60,0,0,60,0,0,60
5600,180,0,0,0,0,0,0,0,0,0,64,0,0,64,64,0,64
5600,180,0,0,0,0,45,0,0,0,0,0,0,0,0,0,0,45
5600,180,0,0,0,0,21,0,0,0,0,0,0,0,0,21,0,21
5600,181,0,0,0,0,0,0,0,0,0,98,0,0,0,0,0,98
5600,181,0,0,0,0,0,0,0,0,0,139,0,0,139,139,0,139
5600,181,0,0,0,1,0,0,0,0,0,59,0,0,0,0,0,59
5600,181,0,0,1,0,0,0,0,0,0,127,0,0,127,0,0,127
5600,182,0,0,0,0,0,0,0,0,0,58,0,58,58,58,0,58
5600,182,0,0,0,0,0,0,0,0,0,77,77,0,77,77,0,77
5600,183,0,0,0,0,0,0,0,0,0,54,0,0,0,0,0,54
5600,183,0,0,0,0,0,0,0,0,0,196,0,0,196,0,0,196
5600,183,0,0,1,0,63,0,0,0,0,63,0,63,0,63,0,63
5600,183,1,0,1,0,38,0,0,0,0,38,38,38,0,0,0,38
5600,184,0,0,0,0,0,0,0,0,0,765,0,0,0,0,0,765
5600,184,0,0,0,0,0,0,0,0,0,19,0,0,19,0,0,19
5600,184,0,0,0,0,0,0,0,0,0,142,0,0,142,142,0,142
5600,184,0,0,0,0,29,0,0,0,0,29,0,29,0,0,0,29
5600,184,0,0,1,0,47,0,47,0,0,47,0,0,0,0,0,47
5600,185,0,0,0,0,0,0,0,0,0,212,0,0,0,0,0,212
5600,185,0,0,0,0,0,0,0,0,0,14,0,0,14,0,0,14
5600,185,0,0,0,0,0,0,0,0,0,52,0,52,52,0,0,52
5600,185,0,0,0,0,0,43,0,0,0,43,0,43,0,0,0,43
5600,185,0,0,1,1,0,0,0,0,0,98,0,0,0,0,0,98
5600,186,0,0,0,0,0,0,0,0,0,0,49,0,49,49,0,49
5600,186,0,0,0,0,0,0,0,0,0,79,79,0,79,79,0,79
5600,186,0,0,1,0,0,0,0,0,0,84,0,0,0,0,0,84
5600,186,0,0,1,0,0,0,0,0,0,54,0,0,54,54,0,54
5600,187,0,0,0,0,0,0,0,0,0,183,0,0,0,0,0,183
5600,187,0,0,0,0,0,0,0,0,0,303,0,0,303,0,0,303
5600,188,0,0,0,0,0,0,0,0,0,64,0,0,64,0,0,64
5600,188,0,0,0,0,0,0,0,0,0,88,0,88,88,0,0,88
5600,188,0,0,0,0,0,0,0,0,0,15,0,15,15,15,0,15
5600,189,0,0,0,0,0,0,0,0,0,13,0,0,0,13,0,13
5600,189,0,0,0,0,0,0,0,0,0,79,0,0,79,0,0,79
5600,189,0,0,0,0,0,0,0,0,0,123,0,123,123,0,0,123
5600,189,0,0,0,0,0,0,31,0,0,0,0,0,0,0,0,31
5600,190,0,0,0,0,0,0,0,0,0,56,0,0,56,0,0,56
5600,190,0,0,0,0,0,0,0,0,0,97,0,0,97,97,0,97
5600,190,0,0,0,0,28,0,0,0,0,28,0,0,0,28,0,28
5600,190,0,0,1,0,17,0,0,0,0,0,0,0,0,0,0,17
5600,191,0,0,0,0,0,0,0,0,0,273,0,0,273,0,0,273
5600,191,0,0,0,0,0,0,0,0,0,304,0,0,304,304,0,304
5600,191,0,0,1,0,0,0,0,0,0,11,0,0,11,0,0,11
5600,191,0,0,1,0,120,0,0,0,0,120,0,0,120,120,0,120
5600,192,0,0,0,0,0,0,0,0,0,36,0,0,0,0,0,36
5600,192,0,0,0,0,0,0,0,0,0,58,0,58,58,58,0,58
5600,192,0,0,0,0,42,0,0,0,0,42,0,0,0,0,0,42
5600,193,0,0,0,0,0,0,0,0,0,167,0,0,167,167,0,167
5600,193,0,0,0,0,0,0,0,0,0,67,0,67,67,67,0,67
5600,193,0,0,1,0,0,0,0,0,0,109,0,0,0,0,0,109
5600,193,0,0,1,0,0,0,46,0,0,46,0,0,0,0,0,46
5600,193,0,1,1,0,0,0,0,0,0,102,0,0,102,102,0,102
5600,194,0,0,1,0,0,0,0,0,0,35,0,0,0,0,0,35
5600,194,0,0,1,0,0,0,0,0,0,15,0,0,15,15,0,15
5600,195,0,0,0,0,0,0,0,0,0,147,0,0,0,0,0,147
5600,195,0,0,0,0,0,0,0,0,0,22,0,0,22,22,0,22
5600,195,0,1,1,0,0,0,0,0,0,106,0,0,106,106,0,106
5600,196,0,0,0,0,0,0,0,0,0,91,0,0,91,91,0,91
5600,196,0,0,0,0,0,0,0,0,0,168,168,0,0,0,0,168
5600,196,0,0,0,0,0,0,0,0,0,210,210,0,0,0,210,210
5600,196,0,0,0,0,0,0,0,0,0,8,8,0,0,8,0,8
5600,196,0,0,1,0,0,0,0,0,0,89,0,0,89,0,0,89
5600,197,0,0,0,0,0,0,0,0,0,0,38,0,38,38,0,38
5600,197,0,0,0,0,0,0,0,0,0,86,0,86,86,86,0,86
5600,197,0,0,1,0,0,0,0,0,0,360,360,0,0,0,0,360
5600,198,0,0,0,0,0,0,0,0,0,59,0,0,59,0,0,59
5600,198,0,0,0,0,0,0,0,0,0,58,0,0,58,58,0,58
5600,198,0,0,0,0,0,0,0,0,0,66,0,66,66,66,0,66
5600,199,0,0,0,0,0,0,0,0,0,67,0,0,67,0,0,67
5600,199,0,0,0,0,0,0,0,0,0,16,0,0,16,16,0,16
5600,199,0,0,0,0,0,0,0,0,0,171,171,0,0,0,0,171
5600,200,0,0,0,0,0,0,0,0,0,57,0,0,57,0,0,57
5600,200,0,0,0,0,0,0,0,0,0,104,0,0,104,104,0,104
5600,200,0,0,0,0,0,0,0,0,0,28,0,28,28,28,0,28
5600,200,0,0,0,0,67,0,0,0,0,67,67,0,0,0,67,67
5600,200,0,0,1,0,0,0,0,0,0,11,0,0,0,0,0,11
5600,200,0,0,1,0,0,0,0,0,0,51,0,51,51,51,0,51
5600,201,0,0,0,0,0,0,0,0,0,88,0,0,88,0,0,88
5600,201,0,0,0,0,0,0,0,0,0,37,0,37,0,37,0,37
5600,201,0,0,0,0,0,0,0,0,0,100,0,100,100,100,0,100
5600,201,0,0,0,0,0,8,0,0,0,8,0,0,8,0,8,8
5600,201,0,0,0,0,21,0,0,0,0,0,0,0,21,21,0,21
5600,201,0,0,1,0,0,0,0,0,0,149,0,149,149,149,0,149
5600,202,0,0,0,0,0,0,0,0,0,87,0,0,0,0,0,87
5600,203,0,0,0,0,0,0,0,0,0,258,0,0,0,0,0,258
5600,203,0,0,0,0,0,0,0,0,0,67,0,0,67,0,0,67
5600,203,0,0,0,0,0,0,0,0,0,188,0,188,188,188,0,188
5600,203,0,0,0,0,0,0,0,0,0,194,194,0,0,0,0,194
5600,204,0,0,0,0,0,0,0,0,0,99,0,0,99,99,0,99
5600,204,0,0,0,0,0,0,0,0,0,75,0,75,75,0,0,75
5600,205,0,0,0,0,0,0,0,0,0,150,0,0,0,0,0,150
5600,205,0,0,0,0,0,0,0,0,0,223,0,223,0,223,0,223
5600,205,0,0,0,0,0,83,0,0,0,83,0,0,0,0,0,83
5600,205,0,0,1,0,0,0,0,0,0,17,0,17,0,0,0,17
5600,205,1,0,1,0,0,0,0,0,0,60,0,0,60,0,0,60
5600,206,0,0,0,0,0,0,0,0,0,226,0,0,0,0,0,226
5600,206,0,0,0,0,0,0,0,0,0,369,0,0,369,0,0,369
5600,206,0,0,0,0,0,0,0,0,0,199,0,199,199,199,0,199
5600,206,0,0,0,0,0,0,125,0,0,125,0,0,0,0,0,125
5600,206,0,0,1,0,0,0,263,0,0,0,263,0,263,263,0,263
5600,207,0,0,0,0,0,0,0,0,0,194,0,0,0,0,0,194
5600,207,0,0,0,0,0,0,0,0,0,16,16,16,16,0,16,16
5600,207,0,0,1,0,0,0,0,0,0,109,0,0,109,0,0,109
5600,207,0,0,1,0,0,0,0,0,0,39,0,0,39,39,0,39
5600,208,0,0,0,0,0,0,0,0,0,114,0,0,0,0,0,114
5600,208,0,0,0,0,0,0,0,0,0,10,0,10,10,10,0,10
5600,208,0,0,0,0,13,0,0,0,0,0,0,0,13,0,0,13
5600,209,0,0,0,0,0,0,0,0,0,310,0,0,0,0,0,310
5600,209,0,0,0,0,0,0,0,0,0,63,0,0,63,63,0,63
5600,210,0,0,0,0,0,0,0,0,0,433,0,0,0,0,0,433
5600,210,0,0,0,0,19,0,0,0,0,19,19,0,0,19,0,19
5600,210,0,0,1,0,52,0,0,0,0,0,0,0,52,52,0,52
5600,211,0,0,0,0,0,0,0,0,0,79,0,0,0,0,0,79
5600,211,0,0,0,0,0,0,0,0,0,173,0,173,0,0,0,173
5600,212,0,0,0,0,0,0,0,0,0,21,0,0,0,21,0,21
5600,212,0,0,0,0,0,0,0,0,0,134,0,0,134,134,0,134
5600,212,1,0,0,0,0,0,0,0,0,84,0,0,0,84,0,84
5600,212,1,0,0,0,11,0,0,0,0,11,0,0,0,0,0,11
5600,213,0,0,0,0,0,0,0,0,0,339,0,0,0,0,0,339
5600,213,0,0,0,0,0,0,15,0,0,15,0,0,0,0,0,15
5600,213,0,0,0,0,23,0,0,0,0,23,0,0,0,0,0,23
5600,213,0,0,1,0,0,0,0,0,0,0,58,0,58,0,58,58
5600,214,0,0,0,0,0,0,0,0,0,0,82,0,82,0,0,82
5600,214,0,0,0,0,0,0,0,0,0,274,0,0,0,0,0,274
5600,214,0,0,0,0,0,0,0,0,0,11,0,11,11,0,0,11
5600,214,0,0,1,0,0,0,17,0,0,17,0,0,0,17,0,17
5600,215,0,0,0,0,0,0,0,0,0,126,0,0,0,0,0,126
5600,215,0,0,0,0,0,0,0,0,0,141,0,0,141,141,0,141
5600,216,0,0,0,0,0,0,0,0,0,268,0,0,0,0,0,268
5600,216,0,0,0,0,0,0,0,0,0,212,0,0,212,0,0,212
5600,216,0,0,0,0,0,0,0,0,0,11,0,11,0,0,11,11
5600,216,0,0,0,0,0,0,0,0,0,96,0,96,96,96,0,96
5600,216,0,0,1,0,0,0,0,0,0,187,0,0,0,187,0,187
5600,217,0,0,0,0,0,0,0,0,0,141,0,0,0,141,0,141
5600,217,0,0,0,0,0,0,0,0,0,271,0,0,271,0,0,271
5600,217,0,0,0,0,0,0,0,0,0,34,0,34,34,0,0,34
5600,217,0,0,0,0,0,0,89,0,0,89,0,89,0,0,0,89
5600,217,0,0,0,0,0,52,0,0,0,52,0,0,52,0,0,52
5600,217,0,0,1,0,0,0,0,0,0,12,0,0,0,12,0,12
5600,217,0,0,1,0,0,0,0,0,0,65,0,0,65,65,0,65
5600,218,0,0,0,0,0,0,0,0,0,91,0,0,0,0,0,91
5600,218,0,0,0,0,0,0,0,0,0,150,0,0,0,150,0,150
5600,218,0,0,0,0,0,0,0,0,0,91,0,91,91,0,0,91
5600,218,0,0,0,0,7,0,0,0,0,7,0,0,7,0,0,7
5600,219,0,0,0,0,0,0,0,0,0,32,0,0,0,32,0,32
5600,219,0,0,0,0,0,0,0,0,0,43,0,0,43,0,0,43
5600,219,0,0,0,0,0,0,0,0,0,79,79,0,0,0,79,79
5600,219,0,0,0,0,0,0,120,0,0,120,120,0,120,120,0,120
5600,220,0,0,0,0,0,0,0,0,0,0,164,0,0,0,164,164
5600,220,0,0,0,0,0,0,0,0,0,198,0,198,0,0,0,198
5600,220,0,0,0,0,0,0,0,0,0,56,56,0,0,0,0,56
5600,220,0,0,1,0,0,0,0,0,0,106,0,0,106,0,0,106
5600,221,0,0,0,0,0,0,0,0,0,114,0,0,0,114,0,114
5600,221,0,0,0,0,0,0,0,0,0,159,0,0,0,159,159,159
5600,221,0,0,0,0,0,0,0,0,0,310,0,0,310,0,0,310
5600,221,0,0,0,0,60,0,0,0,0,60,0,0,0,0,0,60
5600,222,0,0,0,0,0,0,0,0,0,247,0,0,0,0,0,247
5600,222,0,0,0,0,0,0,0,0,0,131,0,0,0,131,0,131
5600,222,0,0,0,0,0,0,0,0,0,20,0,0,20,0,0,20
5600,222,0,0,0,0,0,0,0,0,0,99,0,0,99,99,0,99
5600,222,0,0,0,0,0,0,0,0,0,210,210,0,0,210,210,210
5600,222,0,0,0,0,0,0,0,0,0,155,155,155,155,155,155,155
5600,222,0,0,1,0,0,0,0,0,0,44,44,0,44,0,44,44
5600,222,0,0,1,0,63,0,0,0,0,63,0,0,0,63,0,63
5600,222,0,1,1,0,0,0,0,0,0,140,0,0,0,140,0,140
5600,223,0,0,0,0,0,0,0,0,0,122,0,0,0,0,0,122
5600,223,0,0,0,0,0,0,0,0,0,110,0,0,0,110,0,110
5600,223,0,0,0,0,0,0,0,0,0,331,0,0,331,0,0,331
5600,223,0,0,0,0,0,0,0,0,0,43,0,0,43,43,0,43
5600,223,0,0,0,0,0,0,0,0,0,71,71,0,71,71,0,71
5600,223,0,0,0,0,0,38,0,0,0,38,0,0,0,0,0,38
5600,225,0,0,0,0,0,0,0,0,0,0,85,0,0,85,0,85
5600,225,0,0,0,0,0,0,0,0,0,89,0,0,0,0,0,89
5600,225,0,0,0,0,0,0,0,0,0,98,0,98,98,0,0,98
5600,226,0,0,0,0,0,0,0,0,0,194,0,0,0,194,0,194
5600,226,0,0,0,0,0,0,0,0,0,29,0,0,29,29,0,29
5600,226,0,0,0,0,0,0,0,0,0,174,0,174,0,0,0,174
5600,226,0,0,0,0,0,0,0,0,0,145,0,145,145,145,0,145
5600,226,0,0,1,0,0,0,0,0,0,0,0,0,0,0,0,226
5600,227,0,0,0,0,0,0,0,0,0,37,0,0,0,0,0,37
5600,227,0,0,0,0,0,0,0,0,0,168,0,0,168,0,0,168
5600,227,0,0,0,0,0,0,0,0,0,60,0,60,60,60,0,60
5600,228,0,0,0,0,0,0,0,0,0,222,0,0,0,0,0,222
5600,228,0,0,0,0,0,0,0,0,0,15,0,0,15,0,0,15
5600,229,0,0,0,0,0,0,0,0,0,147,0,0,0,0,0,147
5600,229,0,0,0,0,0,0,0,0,0,89,0,0,89,0,0,89
5600,229,0,0,0,0,20,0,0,0,0,0,0,0,0,0,0,20
5600,229,0,0,1,0,0,0,0,0,0,10,0,0,0,10,0,10
5600,230,0,0,0,0,0,0,0,0,0,31,0,31,31,31,0,31
5600,230,0,0,0,0,0,0,68,0,0,68,0,68,68,68,0,68
5600,230,0,0,1,0,0,0,0,0,0,36,0,0,0,0,0,36
5600,230,0,1,1,0,245,0,0,0,0,245,245,0,245,245,0,245
5600,231,0,0,0,0,0,0,0,0,0,98,0,0,98,0,0,98
5600,231,0,0,0,0,0,0,0,0,0,11,0,11,11,0,0,11
5600,231,0,0,0,0,0,0,0,0,0,495,0,495,495,495,0,495
5600,231,0,0,0,0,0,46,0,0,0,0,0,0,0,0,0,46
5600,231,0,0,1,0,59,0,0,0,0,59,0,0,0,0,0,59
5600,231,1,0,1,0,0,0,0,0,0,154,0,0,0,0,0,154
5600,232,0,0,0,0,0,0,0,0,0,160,0,0,160,0,0,160
5600,232,0,0,0,0,0,0,0,0,0,84,0,84,84,84,0,84
5600,232,0,0,0,0,0,0,0,0,0,112,112,0,112,0,0,112
5600,232,0,0,0,0,45,0,0,0,0,0,45,0,0,45,0,45
5600,232,0,0,0,0,13,0,0,0,0,13,0,13,13,0,0,13
5600,232,0,0,1,1,0,0,0,0,0,0,323,0,0,0,0,323
5600,233,0,0,0,0,0,0,0,0,0,0,198,0,0,0,0,198
5600,233,0,0,0,0,0,0,0,0,0,114,0,0,0,0,0,114
5600,233,0,0,0,0,0,0,0,0,0,206,0,206,206,0,0,206
5600,233,0,0,0,0,0,0,0,0,0,342,342,0,0,0,0,342
5600,233,0,0,0,0,0,0,0,0,0,60,60,0,60,0,0,60
5600,234,0,0,0,0,0,0,0,0,0,26,0,26,26,26,0,26
5600,235,0,0,0,0,0,0,0,0,0,715,0,0,0,0,0,715
5600,235,0,0,0,0,0,0,0,0,0,54,0,0,54,0,0,54
5600,236,0,0,0,0,0,0,0,0,0,144,0,0,0,0,0,144
5600,236,0,0,0,0,0,0,0,0,0,101,0,101,101,101,0,101
5600,236,0,0,1,0,0,0,0,0,0,94,0,0,0,0,0,94
5600,237,0,0,0,0,0,0,0,0,0,35,0,0,0,0,0,35
5600,237,0,0,0,0,0,0,0,0,0,66,0,0,66,0,0,66
5600,237,0,0,0,0,0,0,0,0,0,255,255,0,0,0,0,255
5600,237,0,0,0,0,88,0,0,0,0,88,0,0,0,0,0,88
5600,237,0,0,1,0,0,0,0,0,0,53,0,0,53,53,0,53
5600,237,0,0,1,0,138,0,0,0,0,138,138,138,0,138,0,138
5600,238,0,0,0,0,0,0,0,0,0,259,0,0,0,0,0,259
5600,238,0,0,0,0,0,0,0,0,0,29,0,29,29,29,0,29
5600,238,0,1,1,0,0,0,0,0,0,21,0,21,21,21,0,21
5600,239,0,0,0,0,0,0,0,0,0,35,0,0,35,35,0,35
5600,240,0,1,1,0,0,0,0,0,0,72,0,0,72,72,0,72
5600,241,0,0,0,0,0,0,0,0,0,26,0,0,0,0,0,26
5600,242,0,0,0,0,0,0,0,0,0,73,0,0,0,0,0,73
5600,242,0,0,0,0,0,0,0,0,0,45,0,0,45,0,0,45
5600,242,0,0,0,0,0,0,0,0,0,220,220,0,0,0,0,220
5600,242,0,0,0,0,181,0,0,0,0,181,0,0,0,0,0,181
5600,243,0,0,0,0,0,0,0,0,0,29,0,0,29,0,0,29
5600,243,0,0,0,0,0,0,0,0,0,192,192,0,0,0,0,192
5600,243,0,0,0,0,97,0,0,0,0,97,0,0,97,0,0,97
5600,244,0,0,0,0,0,0,0,0,0,24,0,0,0,0,0,24
5600,244,0,0,0,0,0,0,0,0,0,117,0,0,117,0,0,117
5600,244,0,0,0,0,0,0,0,0,0,45,45,0,0,0,0,45
5600,245,0,0,0,0,0,0,0,0,0,44,0,0,0,0,0,44
5600,245,0,0,0,0,0,0,0,0,0,69,0,69,69,69,0,69
5600,245,0,0,0,0,0,69,0,0,0,69,0,0,0,0,0,69
5600,246,0,0,0,0,0,0,0,0,0,148,0,0,0,0,0,148
5600,246,0,0,0,0,0,0,0,0,0,82,0,0,82,0,0,82
5600,246,0,0,0,0,0,0,0,0,0,114,0,114,114,114,0,114
5600,246,0,1,1,0,0,0,0,0,0,185,0,185,0,185,0,185
5600,247,0,0,0,0,0,0,0,0,0,131,0,0,0,0,0,131
5600,247,0,0,0,0,0,0,0,0,0,39,0,0,39,0,0,39
5600,247,0,0,0,0,0,0,0,0,0,99,0,0,99,99,0,99
5600,247,0,0,0,0,0,0,0,0,0,9,0,9,9,9,0,9
5600,247,0,0,1,0,0,0,0,0,0,27,0,27,27,0,0,27
5600,247,0,1,1,0,0,0,0,0,0,136,0,0,0,136,0,136
5600,248,0,0,0,0,0,0,0,0,0,195,0,0,195,195,0,195
5600,248,0,0,0,0,0,0,0,0,0,98,0,98,98,98,0,98
5600,249,0,0,0,0,0,0,0,0,0,102,0,0,0,0,0,102
5600,249,0,0,0,0,0,0,0,0,0,24,0,0,0,24,0,24
5600,249,0,0,0,0,0,0,0,0,0,78,0,0,78,0,0,78
5600,249,0,0,0,0,0,0,0,0,0,251,0,0,251,251,0,251
5600,250,0,0,0,0,0,0,0,0,0,0,0,0,47,0,0,47
5600,250,0,0,0,0,0,0,0,0,0,113,0,0,113,0,0,113
5600,251,0,0,0,0,0,0,0,0,0,0,728,728,0,0,0,728
5600,252,0,0,0,0,0,0,0,0,0,16,0,0,16,16,0,16
5600,252,0,0,0,0,0,0,0,0,0,54,0,54,0,54,0,54
5600,252,0,0,0,0,0,0,0,0,0,271,271,0,0,271,0,271
5600,252,0,0,1,0,0,0,0,0,0,45,0,0,0,0,0,45
5600,252,0,0,1,0,0,0,0,0,0,152,0,0,0,152,0,152
5600,253,0,0,0,0,0,0,0,0,0,81,0,0,81,0,0,81
5600,253,0,0,0,1,16,0,0,0,0,0,0,0,0,0,0,16
5600,254,0,0,0,0,0,0,0,0,0,640,0,0,0,0,0,640
5600,254,0,0,0,0,0,0,0,0,0,75,0,0,75,0,0,75
5600,254,0,0,0,0,0,0,0,0,0,50,50,0,0,0,0,50
5600,254,1,1,1,0,0,0,0,0,0,7,0,0,7,7,0,7
5600,255,0,0,0,0,0,0,0,0,0,303,0,0,0,0,0,303
5600,255,0,0,0,0,0,0,0,0,0,72,0,0,72,0,0,72
5600,255,0,0,0,0,0,0,0,0,0,151,0,0,151,151,0,151
5600,256,0,0,0,0,0,0,0,0,0,157,0,0,0,0,0,157
5600,256,0,0,0,0,0,0,0,0,0,19,0,0,19,19,0,19
5600,256,0,0,0,0,0,0,0,0,0,113,0,113,0,0,0,113
5600,257,0,0,0,0,0,0,0,0,0,18,0,18,18,18,0,18
5600,258,0,0,0,0,0,0,0,0,0,383,0,0,0,0,0,383
5600,258,0,0,0,0,0,0,0,0,0,189,0,0,189,0,0,189
5600,258,0,0,0,0,0,0,0,0,0,82,0,82,0,82,0,82
5600,258,0,0,0,0,0,0,0,0,0,158,0,158,158,158,0,158
5600,259,0,0,0,0,0,0,0,0,0,372,0,0,0,0,0,372
5600,259,0,0,0,0,0,0,0,0,0,172,0,0,172,0,0,172
5600,259,0,0,0,0,265,265,0,0,0,265,265,0,0,0,0,265
5600,259,1,0,1,1,0,0,0,0,0,50,0,0,0,0,0,50
5600,260,0,0,0,0,0,0,0,0,0,138,0,0,0,0,0,138
5600,260,0,0,0,0,0,0,0,0,0,11,0,0,11,11,0,11
5600,260,0,0,0,0,0,0,0,0,0,604,604,0,0,0,0,604
5600,260,0,0,0,0,42,0,0,0,0,42,0,0,0,0,0,42
5600,261,0,0,0,0,0,0,0,0,0,52,0,0,52,0,0,52
5600,261,0,0,0,0,0,0,0,0,0,172,0,0,172,172,0,172
5600,262,0,0,0,0,0,0,0,0,0,160,0,0,0,0,0,160
5600,263,0,0,0,0,0,0,0,0,0,105,0,0,0,0,0,105
5600,263,0,0,0,0,0,0,0,0,0,60,0,0,60,0,0,60
5600,263,0,0,0,0,0,0,0,0,0,344,0,0,344,344,0,344
5600,263,0,0,0,0,0,0,0,0,0,60,0,60,60,0,0,60
5600,263,0,0,1,0,0,0,195,0,0,195,0,0,0,0,0,195
5600,263,0,1,1,0,0,0,0,0,0,61,0,0,61,61,0,61
5600,263,0,1,1,0,0,0,0,0,0,72,72,0,0,72,0,72
5600,264,0,0,0,0,0,0,0,0,0,112,0,0,112,0,0,112
5600,264,0,0,0,0,0,0,0,0,0,131,0,131,131,0,0,131
5600,264,0,0,0,0,0,0,0,0,0,164,164,0,0,0,0,164
5600,265,0,0,0,0,0,0,0,0,0,121,0,0,0,121,0,121
5600,265,0,0,0,0,0,54,0,0,0,0,0,54,0,0,0,54
5600,266,0,0,0,0,0,0,0,0,0,231,0,0,0,0,0,231
5600,266,0,0,0,0,0,0,0,0,0,11,0,0,11,11,0,11
5600,266,0,0,0,0,0,0,0,0,0,393,393,0,0,0,0,393
5600,266,1,0,1,0,0,0,0,0,0,106,0,0,0,0,0,106
5600,267,0,0,0,0,0,0,0,0,0,122,0,0,0,0,0,122
5600,268,0,0,0,0,0,0,0,0,0,319,0,0,0,0,0,319
5600,268,0,0,0,0,0,0,0,0,0,64,0,0,64,0,0,64
5600,268,0,0,0,0,0,0,0,0,0,26,0,0,26,26,0,26
5600,268,0,1,1,0,0,0,0,0,0,18,0,0,18,18,0,18
5600,269,0,0,0,0,0,0,0,0,0,108,0,0,0,0,0,108
5600,269,0,0,0,0,0,0,0,0,0,42,0,0,42,0,0,42
5600,269,0,0,0,0,0,0,0,0,0,33,0,33,33,33,0,33
5600,269,0,0,0,0,0,66,0,0,0,0,0,0,0,0,66,66
5600,269,0,0,0,0,66,0,0,0,0,66,0,0,66,0,0,66
5600,269,0,0,1,0,0,0,0,0,0,0,56,0,0,0,56,56
5600,270,0,0,0,0,0,0,0,0,0,155,0,0,0,0,0,155
5600,270,0,0,0,0,0,0,0,0,0,88,0,0,88,0,0,88
5600,270,0,0,0,0,0,0,0,0,0,28,0,0,28,28,0,28
5600,270,0,0,0,0,0,0,0,0,0,49,49,0,0,0,0,49
5600,270,0,0,0,0,0,0,0,0,0,54,54,0,0,0,54,54
5600,270,0,0,1,0,0,0,0,0,0,74,0,74,74,0,0,74
5600,271,0,0,0,0,0,0,0,0,0,152,0,0,0,0,0,152
5600,271,0,0,0,0,0,0,0,0,0,111,0,111,111,0,0,111
5600,271,0,0,0,0,21,0,0,0,0,0,0,0,0,0,0,21
5600,271,0,1,1,0,0,0,0,0,0,96,0,0,0,0,0,96
5600,272,0,0,0,0,0,0,0,0,0,11,0,11,0,0,0,11
5600,272,0,0,0,0,263,0,0,0,0,263,0,0,0,0,0,263
5600,274,0,0,0,0,0,0,0,0,0,99,0,0,0,0,0,99
5600,274,0,0,0,0,0,0,0,0,0,24,0,0,24,24,0,24
5600,274,0,0,0,0,0,0,0,0,0,114,0,114,0,114,0,114
5600,274,0,1,1,0,0,0,0,0,0,89,0,89,89,89,0,89
5600,274,1,0,0,0,0,0,0,0,0,92,0,92,0,0,0,92
5600,275,0,0,0,0,0,0,0,0,0,92,0,92,92,92,0,92
5600,276,0,0,0,0,0,0,0,0,0,177,0,0,0,0,0,177
5600,276,0,0,0,0,0,0,0,0,0,71,0,0,0,71,0,71
5600,276,0,0,0,0,0,0,0,0,0,79,0,0,79,79,0,79
5600,276,0,0,1,0,0,0,0,0,0,47,0,0,0,0,0,47
5600,277,0,0,0,0,0,0,0,0,0,254,0,0,0,0,0,254
5600,277,0,0,0,0,0,0,0,0,0,86,0,0,0,86,0,86
5600,277,0,0,0,0,0,0,0,0,0,57,0,0,57,57,0,57
5600,277,0,0,0,0,0,0,0,0,0,31,0,31,31,0,0,31
5600,277,0,0,0,0,0,0,0,0,0,350,350,0,0,0,0,350
5600,278,0,0,0,0,0,0,0,0,0,29,0,0,0,0,0,29
5600,278,0,0,0,0,0,0,0,0,0,122,0,0,122,122,0,122
5600,278,0,0,0,0,0,0,0,0,0,56,0,56,0,0,0,56
5600,278,0,0,0,0,0,0,0,0,0,86,0,86,86,0,0,86
5600,279,0,0,0,0,0,0,0,0,0,6,0,0,6,0,0,6
5600,279,0,0,0,0,0,0,0,0,0,60,0,0,60,60,0,60
5600,279,0,0,0,0,0,0,0,0,0,50,0,50,50,50,0,50
5600,279,0,0,0,0,0,0,0,0,0,28,28,28,0,28,0,28
5600,279,1,0,0,1,0,0,0,0,0,186,0,0,0,0,0,186
5600,280,0,0,0,0,0,0,0,0,0,17,0,0,0,17,0,17
5600,280,0,0,0,0,0,0,0,0,0,61,0,0,61,0,0,61
5600,280,0,0,0,0,0,0,0,0,0,118,0,0,118,118,0,118
5600,280,0,0,0,0,0,0,0,0,0,72,72,0,0,0,0,72
5600,281,0,0,0,0,0,0,0,0,0,110,0,0,0,0,0,110
5600,281,0,0,0,0,0,0,0,0,0,228,0,0,228,0,0,228
5600,282,0,0,0,0,0,0,0,0,0,258,0,0,0,0,0,258
5600,282,0,0,0,0,0,0,0,0,0,121,0,0,121,0,0,121
5600,282,0,0,0,0,0,0,0,0,0,348,348,0,0,0,0,348
5600,282,0,0,0,0,212,0,0,0,0,212,0,212,0,212,0,212
5600,282,0,0,1,0,0,0,0,0,0,63,0,0,63,0,0,63
5600,283,0,0,0,0,0,0,0,0,0,45,0,0,45,45,0,45
5600,284,0,0,0,0,0,0,0,0,0,57,0,0,0,0,0,57
5600,284,0,0,0,0,0,0,0,0,0,39,0,0,39,0,0,39
5600,284,0,0,0,0,0,0,0,0,0,84,0,84,84,84,0,84
5600,284,0,0,0,0,0,0,0,0,0,52,52,0,52,52,0,52
5600,284,0,0,0,0,270,0,0,0,0,270,0,0,0,0,0,270
5600,284,0,0,0,0,48,0,0,0,0,48,0,48,0,0,0,48
5600,285,0,0,0,0,0,0,0,0,0,380,0,0,0,0,0,380
5600,285,0,0,0,0,0,0,0,0,0,264,0,0,264,0,0,264
5600,285,0,0,0,0,0,0,0,0,0,116,0,116,0,0,0,116
5600,285,0,0,0,0,0,0,0,0,0,113,113,0,0,0,0,113
5600,286,0,0,0,0,0,0,0,0,0,54,0,0,0,0,0,54
5600,286,0,0,0,0,0,0,0,0,0,28,0,0,28,28,0,28
5600,287,0,0,0,0,0,0,0,0,0,466,0,0,0,0,0,466
5600,287,0,0,0,0,0,0,0,0,0,80,0,0,80,0,0,80
5600,287,0,0,0,0,0,0,0,0,0,14,0,0,14,14,0,14
5600,288,0,0,0,0,0,0,0,0,0,11,0,0,11,0,0,11
5600,288,0,0,0,0,0,0,0,0,0,77,0,0,77,77,0,77
5600,288,0,0,0,0,0,37,0,0,0,0,0,0,37,0,0,37
5600,289,0,0,0,0,0,0,0,0,0,103,0,0,0,0,0,103
5600,289,0,0,0,0,0,0,0,0,0,88,0,0,88,0,0,88
5600,289,0,0,0,0,0,0,0,0,0,163,163,0,0,0,0,163
5600,290,0,0,0,0,0,0,0,0,0,467,0,0,0,0,0,467
5600,290,0,0,0,0,0,0,0,0,0,159,0,0,159,0,0,159
5600,290,0,0,0,0,0,0,0,0,0,164,0,0,164,164,0,164
5600,290,1,0,1,0,0,0,0,0,0,284,0,0,0,284,0,284
5600,291,0,0,0,0,0,0,0,0,0,289,0,0,0,0,0,289
5600,291,0,0,0,0,0,0,0,0,0,223,0,0,0,223,0,223
5600,291,0,0,0,0,0,0,0,0,0,15,0,0,15,15,0,15
5600,291,0,0,0,0,0,0,0,0,0,272,0,272,0,0,0,272
5600,291,0,0,1,0,0,0,0,0,0,87,0,0,0,0,0,87
5600,291,0,1,1,0,0,0,0,0,0,79,0,0,79,79,0,79
5600,292,0,0,0,0,0,0,0,0,0,182,0,0,0,0,0,182
5600,292,0,0,0,0,0,0,0,0,0,58,0,0,58,0,0,58
5600,292,0,0,0,0,40,0,0,0,0,0,0,0,0,0,0,40
5600,293,0,0,0,0,0,0,0,0,0,76,0,0,76,0,0,76
5600,293,0,0,0,0,0,0,0,0,0,124,0,124,124,0,0,124
5600,294,0,0,0,0,0,0,0,0,0,843,0,0,0,0,0,843
5600,294,0,0,0,0,0,0,0,0,0,251,0,0,251,0,0,251
5600,294,0,0,0,0,0,0,0,0,0,84,0,84,84,0,0,84
5600,294,0,0,1,0,0,0,0,0,0,48,0,0,48,0,0,48
5600,295,0,0,0,0,0,0,0,0,0,49,0,0,0,0,0,49
5600,295,0,0,0,0,0,0,0,0,0,110,0,0,110,110,0,110
5600,295,0,0,0,0,0,0,0,0,0,26,0,26,26,0,0,26
5600,295,0,0,0,0,0,0,0,0,0,140,140,140,0,140,0,140
5600,295,1,0,0,0,0,0,0,0,0,7,0,0,7,7,0,7
5600,296,0,0,0,0,0,0,0,0,0,250,0,0,0,0,0,250
5600,296,0,0,0,0,0,0,0,0,0,24,0,0,24,24,0,24
5600,296,0,1,1,0,0,0,0,0,0,104,0,0,104,0,0,104
5600,297,0,0,0,0,0,0,0,0,0,569,0,0,0,0,0,569
5600,297,0,0,0,0,0,0,0,0,0,51,0,0,51,0,0,51
5600,297,0,0,0,0,0,0,0,0,0,104,0,0,104,104,0,104
5600,298,0,0,0,0,0,0,0,0,0,0,0,0,0,0,0,119
5600,298,0,0,0,0,0,0,0,0,0,535,0,0,535,0,0,535
5600,298,0,0,0,0,0,0,0,0,0,37,0,0,37,37,0,37
5600,299,0,0,0,0,0,0,0,0,0,312,0,0,0,0,0,312
5600,299,0,0,0,0,0,0,0,0,0,57,0,0,57,57,0,57
5600,299,0,0,0,0,0,0,0,0,0,119,0,119,0,0,0,119
5600,299,0,0,1,0,0,0,0,0,0,22,0,0,0,0,0,22
5600,300,0,0,0,0,0,0,0,0,0,150,0,0,0,0,0,150
5600,300,0,0,0,0,0,0,0,0,0,239,0,0,239,0,0,239
5600,300,0,0,0,0,0,0,0,0,0,32,0,32,32,0,0,32
5600,300,0,0,0,0,0,0,0,0,0,81,81,81,81,81,0,81
5600,300,0,0,0,0,16,0,0,0,0,16,0,16,16,16,0,16
5600,301,0,0,0,0,0,0,0,0,0,251,0,0,0,0,0,251
5600,301,0,0,0,0,0,0,0,0,0,39,0,0,0,39,0,39
5600,301,0,0,0,0,0,0,0,0,0,48,0,48,48,0,0,48
5600,301,0,0,0,0,0,0,0,0,0,20,0,20,20,20,0,20
5600,302,0,0,0,0,0,0,0,0,0,51,0,0,0,0,0,51
5600,302,0,0,0,0,0,0,0,0,0,26,0,26,26,26,0,26
5600,303,0,0,0,0,0,0,0,0,0,491,0,0,0,0,0,491
5600,303,0,0,0,0,0,0,0,0,0,80,0,0,80,80,0,80
5600,303,0,0,0,0,0,0,0,0,0,107,107,0,107,0,0,107
5600,303,0,0,0,0,121,0,0,0,0,121,0,0,0,0,0,121
5600,304,0,0,0,0,0,0,0,0,0,67,0,0,0,0,0,67
5600,304,0,0,0,0,0,0,0,0,0,323,0,0,323,0,0,323
5600,304,0,0,0,0,0,0,0,0,0,16,0,16,16,0,0,16
5600,304,0,0,0,0,0,0,0,0,0,128,0,128,128,128,0,128
5600,305,0,0,0,0,0,0,0,0,0,54,0,0,0,0,0,54
5600,305,0,0,0,0,0,0,0,0,0,171,0,0,171,0,0,171
5600,305,0,0,0,0,0,0,0,0,0,53,53,0,0,0,0,53
5600,305,0,0,0,0,0,0,0,0,0,26,26,26,26,26,0,26
5600,305,1,0,1,1,19,0,0,0,0,0,0,0,0,0,0,19
5600,306,0,0,0,0,0,0,0,0,0,86,0,0,0,0,0,86
5600,306,0,0,0,0,0,0,0,0,0,190,0,0,190,0,0,190
5600,306,0,0,0,0,60,0,0,0,0,60,60,0,0,0,0,60
5600,307,0,0,0,0,0,0,0,0,0,11,0,0,0,0,0,11
5600,307,0,0,0,0,0,0,0,0,0,158,0,0,158,0,0,158
5600,307,0,0,0,0,0,0,0,0,0,105,0,0,105,105,0,105
5600,307,0,0,1,0,43,0,0,0,0,0,0,0,0,43,0,43
5600,307,0,1,1,0,0,0,0,0,0,100,0,0,100,100,0,100
5600,308,0,0,0,0,0,0,0,0,0,60,0,0,60,0,0,60
5600,308,0,0,0,0,0,0,0,0,0,93,0,0,93,93,0,93
5600,308,0,0,0,0,0,0,0,0,0,169,0,169,0,0,0,169
5600,308,0,0,0,0,0,0,0,0,0,61,61,0,0,0,0,61
5600,309,0,0,0,0,0,0,0,0,0,119,0,0,0,0,0,119
5600,309,0,0,0,0,0,0,0,0,0,122,0,0,122,0,0,122
5600,309,0,0,0,0,0,0,0,0,0,58,0,58,58,58,0,58
5600,310,0,0,0,0,0,0,0,0,0,141,0,0,0,0,0,141
5600,310,0,0,0,0,0,0,0,0,0,144,0,144,144,144,0,144
5600,310,0,0,0,0,0,0,0,0,0,15,15,0,0,0,0,15
5600,310,0,0,0,0,0,0,0,0,0,45,45,0,45,0,0,45
5600,310,0,0,0,0,111,0,0,0,0,111,0,0,0,0,0,111
5600,310,0,0,1,0,0,0,0,0,0,279,0,0,0,0,0,279
5600,310,0,1,1,0,0,0,0,0,0,85,0,0,0,0,0,85
5600,311,0,0,0,0,0,0,0,0,0,66,0,66,66,66,0,66
5600,311,0,0,0,0,0,0,0,0,0,87,87,0,0,87,87,87
5600,312,0,0,0,0,0,0,0,0,0,119,0,119,119,119,0,119
5600,313,0,0,0,0,0,0,0,0,0,76,0,0,76,0,0,76
5600,313,0,0,0,0,0,0,0,0,0,102,0,0,102,102,0,102
5600,313,0,0,0,0,0,0,0,0,0,41,41,41,41,0,0,41
5600,314,0,0,0,0,0,0,0,0,0,50,0,0,50,0,0,50
5600,314,0,0,0,0,46,0,0,0,0,46,0,0,0,0,0,46
5600,314,0,0,0,0,22,0,0,0,0,22,22,0,22,22,0,22
5600,315,0,0,0,0,0,0,0,0,0,255,0,0,0,0,0,255
5600,315,0,0,0,0,0,0,0,0,0,379,0,0,379,0,0,379
5600,315,0,0,0,1,0,0,0,0,0,240,240,0,0,0,0,240
5600,315,0,0,1,0,0,0,0,0,0,28,0,0,28,0,0,28
5600,316,0,0,0,0,0,0,0,0,0,0,623,0,0,0,0,623
5600,316,0,0,0,0,0,0,0,0,0,84,0,0,0,0,0,84
5600,316,0,0,0,0,37,0,0,0,0,37,0,0,0,0,0,37
5600,317,0,0,0,0,0,0,0,0,0,15,0,15,15,15,0,15
5600,317,0,0,0,0,0,0,0,0,0,52,52,0,0,52,0,52
5600,318,0,0,0,0,0,0,0,0,0,22,0,0,0,0,0,22
5600,318,0,0,0,0,0,0,0,0,0,61,0,0,61,61,0,61
5600,318,0,0,0,0,54,0,0,0,0,54,0,0,54,54,0,54
5600,319,0,0,0,0,0,0,0,0,0,144,0,0,0,0,0,144
5600,319,0,0,0,0,0,0,0,0,0,12,0,12,12,0,0,12
5600,320,0,0,0,0,0,0,0,0,0,81,0,0,0,0,0,81
5600,320,0,0,0,0,0,0,0,0,0,203,0,0,203,0,0,203
5600,320,0,0,0,0,0,0,0,0,0,120,0,120,120,0,0,120
5600,320,0,0,0,0,0,0,65,0,0,65,0,0,65,0,0,65
5600,320,0,0,0,0,25,0,0,0,0,25,0,0,0,0,0,25
5600,321,0,0,0,0,0,0,0,0,0,78,0,78,78,78,0,78
5600,322,0,0,0,0,0,0,0,0,0,113,0,0,0,0,0,113
5600,322,0,0,0,0,0,0,0,0,0,34,0,0,34,0,0,34
5600,322,0,0,0,0,23,0,0,0,0,23,23,0,0,0,0,23
5600,322,0,1,1,0,0,0,0,0,0,117,0,0,0,117,0,117
5600,323,0,0,0,0,0,0,0,0,0,61,0,0,61,0,0,61
5600,323,0,0,0,0,0,0,0,0,0,124,0,0,124,124,0,124
5600,323,0,0,0,0,0,0,0,0,0,270,0,270,270,0,0,270
5600,323,0,0,0,0,0,0,0,0,0,86,0,86,86,86,0,86
5600,323,0,0,0,0,103,0,0,0,0,103,103,103,103,103,0,103
5600,323,0,0,1,0,0,0,0,0,0,72,0,0,0,0,0,72
5600,324,0,0,0,0,0,0,0,0,0,95,0,0,0,0,0,95
5600,324,0,0,0,0,0,0,0,0,0,28,0,28,28,0,0,28
5600,324,0,0,1,0,0,0,0,0,0,94,0,0,0,0,0,94
5600,325,0,0,0,0,0,0,0,0,0,40,0,0,0,0,0,40
5600,325,0,0,0,0,0,0,0,0,0,12,0,0,12,0,0,12
5600,325,0,0,0,0,0,0,0,0,0,68,0,68,0,0,0,68
5600,325,0,0,0,0,0,0,0,0,0,50,0,50,50,0,0,50
5600,326,0,0,0,0,0,0,0,0,0,111,0,0,0,0,0,111
5600,326,0,0,1,0,0,0,0,0,0,43,0,0,0,0,0,43
5600,327,0,0,0,0,0,0,0,0,0,390,0,0,0,0,0,390
5600,327,0,0,0,0,0,0,0,0,0,94,0,0,94,0,0,94
5600,327,0,0,0,0,53,0,0,0,0,0,53,0,0,0,53,53
5600,328,0,0,0,0,0,0,0,0,0,296,0,0,0,0,0,296
5600,328,0,0,0,0,0,0,0,0,0,99,0,99,0,0,0,99
5600,329,0,0,0,0,0,0,0,0,0,52,0,0,0,0,0,52
5600,329,0,0,0,0,0,0,0,0,0,90,0,0,90,90,0,90
5600,329,0,0,0,0,0,0,0,0,0,11,0,11,11,11,0,11
5600,330,0,0,0,0,0,0,0,0,0,12,0,0,0,0,0,12
5600,330,0,0,0,0,0,0,0,0,0,87,0,0,87,0,0,87
5600,330,0,0,0,0,0,0,0,0,0,79,0,79,0,0,0,79
5600,330,0,0,0,0,0,0,0,0,0,184,0,184,184,184,0,184
5600,330,0,0,0,0,0,0,0,0,0,160,160,0,0,0,0,160
5600,331,0,0,0,0,0,0,0,0,0,155,0,0,0,0,0,155
5600,331,0,0,0,0,0,0,0,0,0,72,0,0,0,72,0,72
5600,331,0,0,0,0,0,0,0,0,0,124,0,0,124,0,0,124
5600,331,0,0,0,0,0,9,0,0,0,9,0,0,0,0,0,9
5600,331,0,0,1,0,0,0,0,0,0,57,0,0,0,57,0,57
5600,332,0,0,0,0,0,0,0,0,0,102,0,0,0,0,0,102
5600,333,0,0,0,0,0,0,0,0,0,863,0,0,0,0,0,863
5600,333,0,0,0,0,0,0,0,0,0,52,0,0,52,0,0,52
5600,333,0,0,0,0,0,0,53,0,0,53,0,0,0,0,0,53
5600,334,0,0,0,0,0,0,0,0,0,46,0,0,46,0,0,46
5600,334,0,0,0,0,0,0,610,0,0,0,0,0,0,0,0,610
5600,334,0,0,0,0,0,0,575,0,0,0,0,575,0,575,0,575
5600,335,0,0,1,1,0,0,0,0,0,109,0,0,109,109,0,109
5600,336,0,0,0,0,0,0,0,0,0,68,0,0,0,0,0,68
5600,336,0,0,0,0,131,0,0,0,0,131,0,0,0,0,0,131
5600,337,0,0,0,0,0,0,0,0,0,25,0,0,25,0,0,25
5600,337,0,0,0,0,0,0,0,0,0,362,0,362,362,362,0,362
5600,338,0,0,0,0,0,0,0,0,0,604,0,0,0,0,0,604
5600,338,0,1,1,1,0,0,0,0,0,34,0,0,0,34,0,34
5600,339,0,0,0,0,0,0,0,0,0,0,57,0,0,0,57,57
5600,339,0,0,0,0,0,0,0,0,0,383,0,0,383,0,0,383
5600,340,0,0,0,0,0,0,0,0,0,467,0,0,0,0,0,467
5600,340,0,0,0,0,0,0,0,0,0,52,0,0,52,0,0,52
5600,340,0,0,0,0,0,0,0,0,0,66,0,66,66,0,0,66
5600,340,0,0,1,0,0,0,0,0,0,18,0,0,0,18,0,18
5600,341,0,0,0,0,0,0,0,0,0,166,0,0,166,0,0,166
5600,342,0,0,0,0,0,0,0,0,0,153,0,0,0,0,0,153
5600,342,0,0,0,0,0,0,0,0,0,435,0,0,0,435,0,435
5600,342,0,0,0,0,0,0,0,0,0,74,0,74,74,74,0,74
5600,342,0,0,1,0,0,0,0,0,0,16,0,0,16,0,0,16
5600,343,0,0,0,0,0,0,0,0,0,59,0,0,0,0,0,59
5600,344,0,0,0,0,0,0,0,0,0,66,0,0,66,0,0,66
5600,344,0,0,0,0,0,0,0,0,0,33,0,33,0,0,0,33
5600,344,0,0,0,0,0,0,0,0,0,43,0,43,43,0,0,43
5600,344,0,0,0,0,0,0,0,0,0,84,0,84,84,84,0,84
5600,345,0,0,0,0,0,0,0,0,0,107,0,107,107,107,0,107
5600,345,0,0,1,0,0,0,0,0,0,71,0,0,0,0,0,71
5600,346,0,0,0,0,0,0,0,0,0,191,0,0,0,0,0,191
5600,347,0,0,0,0,0,0,0,0,0,118,118,0,0,0,118,118
5600,347,0,0,1,0,0,0,0,0,0,74,0,0,0,0,0,74
5600,348,0,0,0,0,0,0,0,0,0,0,12,0,0,0,12,12
5600,348,0,0,0,0,0,0,0,0,0,316,0,0,0,0,0,316
5600,348,0,0,0,0,0,0,0,0,0,92,0,0,92,0,0,92
5600,348,0,0,0,0,0,0,0,0,0,161,0,161,161,0,0,161
5600,348,0,0,1,0,0,0,0,0,0,72,0,0,0,0,0,72
5600,349,0,0,0,0,0,0,0,0,0,188,0,0,0,0,0,188
5600,349,0,0,1,0,0,0,0,0,0,79,0,79,79,79,0,79
5600,350,0,0,0,0,0,0,0,0,0,21,0,0,21,0,0,21
5600,351,0,0,0,0,0,61,0,0,0,61,61,0,61,61,0,61
5600,352,0,0,0,0,0,0,0,0,0,0,0,0,117,117,0,117
5600,352,0,0,0,0,0,0,0,0,0,31,0,0,31,0,0,31
5600,353,0,0,0,0,0,0,0,0,0,146,0,0,0,0,0,146
5600,353,0,0,0,0,0,0,0,0,0,71,71,71,71,71,0,71
5600,353,0,0,0,0,224,0,224,0,0,224,224,0,0,0,0,224
5600,354,0,0,0,0,0,0,0,0,0,73,0,0,0,0,0,73
5600,354,0,0,1,0,0,0,0,0,0,63,0,0,0,0,0,63
5600,355,0,0,0,0,0,0,0,0,0,369,0,0,0,369,0,369
5600,356,0,0,0,0,0,0,0,0,0,106,0,0,0,0,0,106
5600,357,0,0,0,0,0,0,0,0,0,405,0,0,405,0,0,405
5600,357,0,0,0,0,0,0,0,0,0,157,0,157,0,0,0,157
5600,357,0,0,0,0,0,0,0,0,0,95,0,95,95,95,0,95
5600,357,0,0,0,0,121,0,0,0,0,121,0,0,121,121,0,121
5600,357,0,1,1,0,0,0,0,0,0,66,0,0,66,66,0,66
5600,358,0,0,0,0,0,0,0,0,0,108,0,0,0,0,0,108
5600,358,0,0,0,0,0,0,0,0,0,60,0,60,60,0,0,60
5600,359,0,0,0,0,0,0,0,0,0,295,0,0,0,0,0,295
5600,360,0,0,0,0,0,0,0,0,0,222,0,0,0,0,0,222
5600,360,0,0,0,0,0,0,0,0,0,57,0,0,0,57,0,57
5600,360,0,0,0,0,0,0,0,0,0,156,0,0,156,156,0,156
5600,360,0,0,0,0,0,0,84,0,0,84,0,0,0,0,0,84
5600,361,0,0,0,0,0,0,0,0,0,137,0,0,137,0,0,137
5600,361,0,0,0,0,0,0,0,0,0,150,0,150,150,150,0,150
5600,361,0,0,0,0,19,0,0,0,0,0,0,0,0,0,0,19
5600,361,0,0,0,0,28,0,0,0,0,28,0,28,28,28,0,28
5600,362,0,0,0,0,0,0,0,0,0,44,44,44,44,0,0,44
5600,363,0,0,0,0,0,0,0,0,0,318,0,0,0,0,0,318
5600,363,0,0,0,0,0,0,0,0,0,205,0,0,205,0,0,205
5600,363,0,0,0,0,0,0,0,0,0,82,0,0,82,82,0,82
5600,363,0,0,0,0,0,0,0,0,0,140,140,0,0,0,0,140
5600,363,0,0,0,0,104,0,0,0,0,104,0,0,0,104,0,104
5600,363,0,0,1,0,0,0,0,0,0,106,0,106,106,0,0,106
5600,364,0,0,0,0,0,0,0,0,0,104,0,0,104,0,0,104
5600,365,0,0,0,0,0,0,0,0,0,117,0,0,0,0,0,117
5600,365,0,0,0,0,0,0,0,0,0,99,0,0,99,0,0,99
5600,366,0,0,0,0,0,0,0,0,0,123,0,0,123,0,0,123
5600,367,0,0,0,0,0,0,0,0,0,77,0,0,0,0,0,77
5600,367,0,0,0,0,0,0,0,0,0,50,0,50,50,0,0,50
5600,367,0,0,0,0,0,0,0,0,0,41,0,41,41,41,0,41
5600,368,0,0,0,0,0,0,0,0,0,0,0,0,0,0,0,137
5600,368,0,0,0,0,0,0,0,0,0,186,0,0,0,0,0,186
5600,369,0,0,0,0,0,0,0,0,0,213,0,0,0,0,0,213
5600,369,0,0,0,0,0,0,0,0,0,74,0,0,74,0,0,74
5600,369,0,0,0,0,0,0,0,0,0,132,0,0,132,132,0,132
5600,369,0,0,0,0,0,112,0,0,0,112,0,0,0,0,112,112
5600,370,0,0,0,0,0,0,0,0,0,152,0,0,0,152,0,152
5600,370,0,0,0,0,0,0,0,0,0,34,0,0,34,0,0,34
5600,370,0,0,0,0,0,0,0,0,0,152,0,152,152,152,0,152
5600,371,0,0,0,0,0,0,0,0,0,343,0,0,0,0,0,343
5600,371,0,0,0,0,0,0,0,0,0,77,0,0,77,0,0,77
5600,371,0,0,0,0,0,0,0,0,0,44,44,0,44,0,44,44
5600,371,0,0,0,0,44,0,0,0,0,0,0,0,0,0,0,44
5600,372,0,0,0,0,0,0,0,0,0,0,115,0,115,0,0,115
5600,372,0,0,0,0,0,0,0,0,0,141,141,0,0,0,0,141
5600,372,0,0,0,1,0,0,0,0,0,82,0,0,0,0,0,82
5600,372,0,0,0,1,0,0,0,0,0,396,396,0,0,0,0,396
5600,373,0,0,0,0,0,0,0,0,0,100,0,0,100,0,0,100
5600,373,0,1,1,0,0,0,0,0,0,17,0,0,17,0,0,17
5600,373,0,1,1,1,284,0,0,0,0,284,0,0,284,284,0,284
5600,374,0,0,0,0,0,0,0,0,0,24,0,0,0,24,0,24
5600,374,0,0,0,0,0,0,0,0,0,113,0,0,113,113,0,113
5600,374,0,0,1,0,0,0,0,0,0,173,0,0,0,173,0,173
5600,374,1,0,1,0,0,0,0,0,0,480,0,0,0,0,0,480
5600,375,0,0,0,0,0,0,0,0,0,509,0,0,0,0,0,509
5600,375,0,0,0,0,0,0,0,0,0,140,0,0,140,0,0,140
5600,375,0,0,0,0,0,0,0,0,0,11,0,11,11,0,0,11
5600,375,0,0,0,0,0,0,0,0,0,80,80,80,0,0,0,80
5600,375,0,0,0,0,0,111,0,0,0,111,0,0,111,0,0,111
5600,376,0,0,0,0,0,0,0,0,0,345,0,0,0,0,0,345
5600,376,0,0,0,0,0,0,0,0,0,162,0,0,162,0,0,162
5600,377,0,0,0,0,0,0,0,0,0,102,0,0,0,102,0,102
5600,378,0,0,0,0,0,0,0,0,0,77,0,0,0,0,0,77
5600,378,0,0,0,0,0,0,0,0,0,57,0,57,57,57,0,57
5600,378,0,0,0,0,56,0,0,0,0,0,0,0,56,56,0,56
5600,378,0,0,0,0,68,0,0,0,0,68,0,0,0,0,0,68
5600,379,0,0,0,0,0,0,0,0,0,98,0,0,0,0,0,98
5600,379,0,0,0,0,0,0,0,0,0,44,0,44,44,0,0,44
5600,380,0,0,0,0,0,0,0,0,0,70,0,70,70,0,0,70
5600,381,0,0,0,0,0,0,0,0,0,138,0,0,0,0,0,138
5600,381,0,0,0,0,0,0,0,0,0,78,0,0,0,78,0,78
5600,381,0,0,0,0,0,0,0,0,0,216,0,216,0,0,0,216
5600,382,0,0,0,0,0,0,0,0,0,278,0,0,0,0,0,278
5600,382,0,0,0,0,0,0,0,0,0,182,0,0,182,0,0,182
5600,382,0,0,0,0,0,63,0,0,0,63,0,63,63,0,0,63
5600,383,0,0,0,0,0,0,0,0,0,84,0,84,84,0,0,84
5600,383,0,0,0,1,0,0,0,0,0,196,0,0,0,196,0,196
5600,384,0,0,0,0,0,0,0,0,0,90,0,0,0,0,0,90
5600,384,0,0,1,0,0,0,0,0,0,103,0,0,103,103,0,103
5600,385,0,0,0,0,0,0,0,0,0,70,0,0,0,70,0,70
5600,385,0,0,0,0,0,0,0,0,0,94,0,0,94,0,0,94
5600,385,0,0,0,0,0,0,0,0,0,65,0,0,65,65,0,65
5600,385,0,0,0,0,0,0,0,0,0,245,0,245,0,0,0,245
5600,386,0,0,0,0,0,0,0,0,0,71,0,0,71,0,0,71
5600,386,0,0,0,0,0,0,0,0,0,81,0,81,0,0,0,81
5600,386,0,0,0,0,135,0,0,0,0,135,135,0,0,0,0,135
5600,388,0,0,0,0,0,0,0,0,0,0,65,0,65,65,0,65
5600,388,0,0,0,0,0,0,0,0,0,12,0,0,12,0,0,12
5600,388,0,0,0,0,58,0,0,0,0,58,0,58,0,58,0,58
5600,388,1,0,0,0,0,0,0,0,0,18,0,18,0,0,0,18
5600,389,0,0,0,0,0,0,0,0,0,86,0,0,86,0,0,86
5600,390,0,0,0,0,0,0,0,0,0,263,0,0,263,0,0,263
5600,390,0,0,0,0,0,0,0,0,0,69,0,0,69,69,0,69
5600,390,0,0,1,0,24,0,0,0,0,0,0,0,24,24,0,24
5600,391,0,0,0,0,0,0,0,0,0,23,0,0,0,0,0,23
5600,391,0,0,0,0,0,0,0,0,0,87,0,0,87,0,0,87
5600,391,0,1,1,0,0,0,0,0,0,109,0,109,109,109,0,109
5600,392,0,0,0,0,0,0,0,0,0,93,0,0,0,0,0,93
5600,392,0,0,0,0,0,0,0,0,0,89,0,0,89,0,0,89
5600,392,0,0,0,0,0,0,0,0,0,41,0,41,41,0,0,41
5600,392,0,0,1,0,0,0,0,0,0,71,71,71,71,71,0,71
5600,393,0,0,0,0,0,0,0,0,0,152,0,0,0,0,0,152
5600,393,0,0,0,0,0,0,0,0,0,39,0,0,39,0,0,39
5600,393,0,0,0,0,0,0,0,0,0,40,0,40,0,0,0,40
5600,393,0,0,0,0,0,0,0,0,0,226,226,226,226,0,0,226
5600,393,0,0,1,0,0,0,0,0,0,157,0,0,0,0,0,157
5600,394,0,0,0,0,0,0,0,0,0,63,0,0,0,0,0,63
5600,394,0,0,0,0,0,0,0,0,0,65,0,0,65,0,0,65
5600,394,0,0,0,0,0,0,0,0,0,74,0,0,74,74,0,74
5600,395,0,0,0,0,0,0,0,0,0,50,0,0,50,50,0,50
5600,395,1,0,1,0,0,0,0,0,0,67,0,0,0,67,0,67
5600,395,1,1,1,0,0,0,0,0,0,136,0,136,0,136,0,136
5600,396,0,0,0,0,0,0,0,0,0,62,0,0,0,0,0,62
5600,396,0,0,0,0,0,0,0,0,0,101,0,0,101,0,0,101
5600,396,0,0,0,0,0,0,0,0,0,19,19,0,19,0,0,19
5600,397,0,0,0,0,0,0,0,0,0,271,0,0,0,0,0,271
5600,397,0,0,0,0,0,0,0,0,0,35,0,0,35,0,0,35
5600,397,0,0,0,0,0,0,0,0,0,43,0,43,43,0,0,43
5600,397,0,0,1,0,0,0,0,0,0,16,0,0,16,16,0,16
5600,397,0,1,1,0,0,0,0,0,0,61,0,61,61,61,0,61
5600,398,0,0,0,0,0,0,0,0,0,111,0,0,0,0,0,111
5600,398,0,0,0,0,100,0,0,0,0,100,0,0,0,0,0,100
5600,399,0,0,0,0,0,0,0,0,0,237,0,0,0,0,0,237
5600,399,0,0,1,0,0,0,0,0,0,118,0,0,118,0,0,118
5600,400,0,0,0,0,0,0,0,0,0,62,0,0,0,0,0,62
5600,400,0,0,0,0,0,0,0,0,0,83,0,0,83,83,0,83
5600,400,0,0,0,0,0,0,0,0,0,72,0,72,72,72,0,72
5600,400,0,1,1,0,0,0,0,0,0,35,35,0,0,35,0,35
5600,401,0,0,0,0,0,0,0,0,0,83,0,0,0,0,0,83
5600,401,0,0,0,0,0,0,0,0,0,101,0,0,101,101,0,101
5600,401,0,0,0,0,0,0,0,0,0,63,0,63,63,63,0,63
5600,402,0,0,0,0,0,0,0,0,0,125,0,0,0,0,0,125
5600,403,0,0,0,0,0,0,0,0,0,104,0,0,104,0,0,104
5600,403,0,0,0,0,0,0,0,0,0,54,54,0,0,0,0,54
5600,404,0,0,0,0,0,0,0,0,0,159,0,0,0,159,0,159
5600,404,0,0,0,0,0,0,0,0,0,90,0,0,90,0,0,90
5600,404,0,0,0,0,0,0,0,0,0,65,0,65,65,65,0,65
5600,405,0,0,0,0,0,0,0,0,0,45,0,45,0,0,0,45
5600,405,0,0,0,0,68,0,0,0,0,68,68,68,68,68,0,68
5600,406,0,0,0,0,0,0,0,0,0,91,0,0,91,0,0,91
5600,406,0,0,1,0,0,0,0,0,0,43,0,0,43,43,0,43
5600,407,0,0,0,0,0,0,0,0,0,47,0,0,0,0,0,47
5600,407,0,0,0,0,0,0,0,0,0,194,0,194,0,0,0,194
5600,407,0,0,0,0,0,0,0,0,0,187,187,0,0,0,0,187
5600,408,0,0,0,0,0,0,0,0,0,82,0,0,0,0,0,82
5600,408,0,0,0,0,0,0,0,0,0,102,0,0,102,0,0,102
5600,409,0,0,0,0,0,0,0,0,0,70,0,0,0,0,0,70
5600,409,0,0,0,0,0,0,0,0,0,118,0,0,118,0,0,118
5600,409,0,0,0,0,20,0,0,0,0,0,0,0,0,20,0,20
5600,409,1,1,1,0,0,0,0,0,0,120,0,120,120,120,0,120
5600,410,0,0,0,0,0,0,0,0,0,183,0,0,0,0,0,183
5600,410,0,0,0,0,0,0,0,0,0,58,0,0,0,0,58,58
5600,411,0,0,0,0,0,0,0,0,0,153,0,0,0,0,0,153
5600,411,0,0,0,0,0,0,0,0,0,103,0,103,103,103,0,103
5600,412,0,0,0,0,0,0,0,0,0,106,0,0,0,0,0,106
5600,412,0,0,1,0,0,47,0,0,0,47,0,0,47,47,0,47
5600,413,0,0,0,0,0,0,0,0,0,307,0,0,0,0,0,307
5600,413,0,0,0,0,0,0,0,0,0,54,0,0,54,0,0,54
5600,413,0,0,0,0,0,0,0,0,0,197,0,197,0,0,0,197
5600,413,0,0,1,0,0,0,0,0,0,25,0,0,25,25,0,25
5600,414,0,0,0,0,0,0,0,0,0,259,0,0,0,0,0,259
5600,415,0,0,0,0,0,0,0,0,0,36,0,0,0,0,0,36
5600,415,0,0,0,0,0,0,0,0,0,116,0,0,116,0,0,116
5600,415,0,1,1,0,0,0,0,0,0,102,0,102,102,102,0,102
5600,415,1,0,0,0,0,0,0,0,0,147,0,0,0,147,0,147
5600,416,0,0,0,0,0,0,0,0,0,413,0,413,0,0,0,413
5600,417,0,0,0,0,0,0,0,0,0,151,0,0,0,0,0,151
5600,417,0,0,0,0,0,31,0,0,0,31,0,31,0,0,0,31
5600,418,0,0,0,0,0,0,0,0,0,189,0,0,0,0,0,189
5600,418,0,0,0,0,0,0,0,0,0,124,0,0,124,124,0,124
5600,418,0,0,0,0,0,0,0,0,0,116,0,116,116,116,0,116
5600,419,0,0,0,0,0,0,0,0,0,151,0,151,151,0,0,151
5600,419,0,0,0,0,24,0,0,0,0,0,0,0,24,0,0,24
5600,419,0,1,1,0,21,0,0,0,0,0,0,0,0,21,0,21
5600,420,0,0,0,0,0,0,0,0,0,29,0,0,0,0,0,29
5600,420,0,0,0,0,0,0,0,0,0,66,0,0,66,0,0,66
5600,420,0,0,0,0,0,0,0,0,0,12,0,12,12,0,0,12
5600,420,0,0,0,0,0,0,0,0,0,54,0,54,54,54,0,54
5600,421,0,0,0,0,0,0,0,0,0,298,0,0,0,0,0,298
5600,421,0,0,0,0,0,0,0,0,0,23,0,0,23,0,0,23
5600,422,0,0,0,0,0,0,0,0,0,210,0,0,0,0,0,210
5600,422,0,0,0,0,0,0,0,0,0,254,0,0,254,0,0,254
5600,422,0,0,0,0,0,0,0,0,0,100,100,0,100,0,0,100
5600,423,0,0,0,0,0,0,0,0,0,219,0,0,0,0,0,219
5600,424,0,0,0,0,0,0,0,0,0,76,0,0,0,0,0,76
5600,424,0,0,0,0,0,0,0,0,0,110,110,0,0,110,0,110
5600,424,0,0,0,0,0,0,0,0,0,377,377,377,377,0,0,377
5600,424,0,1,1,0,0,0,0,0,0,144,0,144,144,144,0,144
5600,425,0,0,0,0,0,0,0,0,0,128,0,0,128,0,0,128
5600,425,0,0,0,0,0,0,0,0,0,139,139,0,139,0,0,139
5600,425,0,0,0,0,51,0,0,0,0,51,0,51,0,0,0,51
5600,426,0,0,0,0,0,0,0,0,0,91,0,91,0,0,0,91
5600,426,0,0,0,0,12,0,0,0,0,0,0,0,0,12,0,12
5600,427,0,0,0,0,0,0,0,0,0,40,0,0,0,0,0,40
5600,427,0,0,0,0,105,0,0,0,0,105,0,0,0,0,0,105
5600,428,0,0,0,0,0,0,0,0,0,210,0,0,0,0,0,210
5600,428,0,0,0,0,0,0,0,0,0,98,0,0,98,98,0,98
5600,428,0,0,0,0,0,0,0,0,0,121,0,121,121,121,0,121
5600,429,0,0,0,0,0,0,0,0,0,110,0,0,110,0,0,110
5600,429,0,0,0,0,0,0,0,0,0,63,0,0,63,63,0,63
5600,429,0,0,0,0,0,0,0,0,0,47,0,47,47,0,0,47
5600,430,0,0,0,0,0,0,0,0,0,383,0,0,0,0,0,383
5600,430,0,0,0,0,0,0,0,0,0,518,0,0,0,518,0,518
5600,431,0,0,0,0,0,0,0,0,0,33,0,0,33,0,0,33
5600,431,0,0,0,0,0,0,0,0,0,72,0,0,72,72,0,72
5600,431,0,0,0,0,0,0,0,0,0,352,352,0,0,0,0,352
5600,432,0,0,0,0,0,0,0,0,0,127,0,0,0,0,0,127
5600,432,0,0,0,0,0,0,0,0,0,36,0,0,0,36,0,36
5600,432,0,0,1,0,0,0,0,0,0,82,82,82,82,0,0,82
5600,433,0,0,0,0,0,0,0,0,0,14,0,0,0,14,0,14
5600,433,0,0,0,0,0,0,0,0,0,89,0,0,89,89,0,89
5600,433,0,0,0,0,0,0,0,0,0,77,0,77,0,0,0,77
5600,433,0,0,0,0,0,0,0,0,0,173,0,173,173,0,0,173
5600,434,0,0,0,0,0,0,0,0,0,35,0,0,0,0,0,35
5600,434,0,0,0,0,0,189,0,0,0,189,0,189,189,189,0,189
5600,436,0,0,0,0,0,0,0,0,0,50,0,0,50,50,0,50
5600,436,0,0,1,0,0,0,102,0,0,102,0,102,0,102,0,102
5600,437,0,0,0,0,0,0,0,0,0,16,0,0,0,0,0,16
5600,437,0,0,0,0,0,0,0,0,0,327,0,0,327,0,0,327
5600,437,0,0,0,0,0,0,0,0,0,86,0,86,86,86,0,86
5600,437,0,0,0,0,0,0,0,0,0,68,68,0,0,0,0,68
5600,438,0,0,0,0,0,0,0,0,0,120,0,0,0,0,0,120
5600,438,0,0,0,0,0,0,0,0,0,86,0,0,0,86,0,86
5600,438,0,0,0,0,0,0,0,0,0,151,0,151,151,0,0,151
5600,439,0,0,0,0,0,0,0,0,0,37,0,0,0,0,0,37
5600,439,0,0,0,0,0,0,0,0,0,247,0,0,247,0,0,247
5600,440,0,0,0,0,0,0,0,0,0,87,0,0,0,0,0,87
5600,440,0,0,0,0,0,0,0,0,0,38,0,0,38,0,0,38
5600,440,0,0,0,0,0,0,0,0,0,75,0,0,75,75,0,75
5600,440,0,0,0,0,0,0,0,0,0,313,0,313,313,313,0,313
5600,441,0,0,0,0,0,0,0,0,0,66,0,0,0,0,0,66
5600,441,0,0,0,0,0,0,0,0,0,66,0,66,0,0,0,66
5600,441,0,0,0,0,0,0,0,0,0,57,57,0,0,0,0,57
5600,442,0,0,1,0,0,0,0,0,0,14,14,14,14,14,0,14
5600,442,0,1,1,0,0,0,0,0,0,44,0,0,44,44,0,44
5600,443,0,0,0,0,0,0,0,0,0,125,0,0,0,0,0,125
5600,443,0,0,0,0,0,0,0,0,0,59,0,0,0,59,0,59
5600,444,0,0,0,0,0,0,0,0,0,187,0,0,0,0,0,187
5600,444,0,0,0,0,0,0,0,0,0,110,0,0,110,0,0,110
5600,444,0,0,1,0,0,0,0,0,0,101,0,0,0,0,0,101
5600,445,0,0,0,0,0,0,0,0,0,229,0,0,0,0,0,229
5600,445,0,0,0,0,0,0,0,0,0,187,0,0,187,187,0,187
5600,445,0,0,1,0,0,0,0,0,0,260,0,0,0,0,0,260
5600,445,0,0,1,0,0,0,78,0,0,78,0,78,0,78,0,78
5600,446,0,0,1,0,0,0,0,0,0,29,0,29,29,29,0,29
5600,446,0,1,1,0,0,0,0,0,0,47,0,0,47,47,0,47
5600,446,1,0,0,0,0,0,0,0,0,0,268,268,0,0,0,268
5600,447,0,0,0,0,0,0,0,0,0,447,0,0,0,0,0,447
5600,447,0,0,0,0,0,0,0,0,0,84,0,84,0,0,0,84
5600,447,0,0,0,0,0,0,0,0,0,48,0,48,48,48,0,48
5600,448,0,0,0,0,0,0,0,0,0,172,0,0,0,0,0,172
5600,448,0,0,0,0,0,0,0,0,0,131,0,0,131,131,0,131
5600,448,0,0,0,0,0,0,0,0,0,18,18,0,0,18,0,18
5600,448,0,0,1,1,0,0,0,0,0,91,0,0,0,0,0,91
5600,449,0,0,0,0,0,0,0,0,0,468,0,0,0,0,0,468
5600,449,0,0,0,0,0,0,0,0,0,43,0,0,43,0,0,43
5600,449,0,0,0,0,0,0,0,0,0,128,0,128,0,0,0,128
5600,449,0,0,0,0,0,522,0,0,0,522,0,0,0,0,0,522
5600,449,0,0,0,0,62,0,0,0,0,62,0,62,62,0,0,62
5600,449,0,1,1,0,0,0,0,0,0,48,0,0,48,48,0,48
5600,449,0,1,1,0,0,0,0,0,0,116,0,116,116,116,0,116
5600,450,0,0,0,0,0,0,0,0,0,42,0,0,0,0,0,42
5600,450,0,0,0,0,0,0,0,0,0,155,0,0,155,0,0,155
5600,450,0,0,0,0,0,0,0,0,0,92,0,92,0,0,0,92
5600,452,0,0,0,0,56,0,0,0,0,56,0,0,0,56,0,56
5600,453,0,0,0,0,0,0,0,0,0,72,0,0,0,0,0,72
5600,454,0,0,0,0,0,0,0,0,0,179,0,0,0,0,0,179
5600,454,0,0,0,0,0,0,0,0,0,263,0,0,263,0,0,263
5600,454,0,0,0,0,0,0,0,0,0,94,0,94,0,0,0,94
5600,454,0,0,0,0,0,0,0,0,0,7,0,7,7,7,0,7
5600,454,0,0,0,0,93,0,0,0,0,93,0,93,93,93,0,93
5600,454,0,0,1,0,45,0,0,0,0,45,0,0,45,45,0,45
5600,455,0,0,0,0,0,0,0,0,0,77,0,0,77,0,0,77
5600,455,0,0,0,0,0,0,0,0,0,41,0,41,41,41,0,41
5600,456,0,0,0,0,0,0,0,0,0,44,0,0,0,0,0,44
5600,456,0,0,0,0,41,0,0,0,0,41,0,0,0,0,0,41
5600,457,0,0,0,0,0,0,0,0,0,178,0,0,0,0,0,178
5600,457,0,0,0,0,0,0,0,0,0,46,0,0,46,46,0,46
5600,457,0,0,0,0,0,0,0,0,0,29,0,29,29,29,0,29
5600,458,0,0,0,0,0,0,0,0,0,64,0,0,0,0,0,64
5600,458,0,0,0,0,0,0,0,0,0,102,0,102,102,102,0,102
5600,459,0,0,0,0,0,0,0,0,0,49,0,0,0,0,0,49
5600,459,0,0,0,0,0,0,0,0,0,162,0,0,162,0,0,162
5600,460,0,0,0,0,0,0,0,0,0,48,0,48,0,0,0,48
5600,460,0,0,0,0,0,0,0,0,0,106,0,106,106,106,0,106
5600,460,0,0,1,0,0,0,0,0,0,115,0,0,115,0,0,115
5600,461,0,0,0,0,0,0,0,0,0,107,0,0,0,0,0,107
5600,461,0,0,0,0,0,0,0,0,0,108,0,0,108,0,0,108
5600,461,0,0,0,0,0,0,0,0,0,49,0,0,49,49,0,49
5600,461,0,0,0,0,0,0,0,0,0,72,0,72,72,0,0,72
5600,462,0,0,0,0,0,0,0,0,0,107,0,0,0,0,0,107
5600,463,0,0,0,0,0,0,0,0,0,162,0,0,0,0,0,162
5600,463,0,0,0,0,0,0,0,0,0,28,0,0,28,0,0,28
5600,463,0,0,0,0,0,0,0,0,0,79,0,0,79,79,0,79
5600,463,0,0,0,0,0,0,0,0,0,130,0,130,130,0,0,130
5600,463,0,0,0,0,21,0,0,0,0,0,0,0,0,0,0,21
5600,463,0,0,1,0,0,0,0,0,0,70,0,0,0,0,0,70
5600,463,0,1,1,0,0,0,0,0,0,56,0,56,56,56,0,56
5600,464,0,0,0,0,0,0,0,0,0,67,0,0,67,0,0,67
5600,464,0,0,0,0,0,0,0,0,0,86,0,86,86,86,0,86
5600,465,0,0,1,1,108,0,0,0,0,0,0,0,108,0,0,108
5600,466,0,0,0,0,0,0,0,0,0,253,0,0,0,0,0,253
5600,466,0,0,0,0,0,0,0,0,0,59,0,0,59,0,0,59
5600,466,0,0,0,0,0,0,0,0,0,25,0,0,25,25,0,25
5600,466,0,0,0,0,39,0,0,0,0,39,0,0,0,39,0,39
5600,467,0,0,0,0,0,0,0,0,0,266,0,0,0,0,0,266
5600,467,0,0,0,0,0,0,0,0,0,17,0,0,17,0,0,17
5600,467,0,0,0,0,0,0,0,0,0,27,0,27,27,0,0,27
5600,467,0,0,0,0,0,0,0,0,0,130,130,0,130,0,0,130
5600,469,0,0,0,0,0,0,0,0,0,105,0,0,0,0,0,105
5600,469,0,1,1,0,10,0,0,0,0,10,0,0,10,10,0,10
5600,470,0,0,0,0,0,0,0,0,0,59,0,0,59,0,0,59
5600,470,0,1,1,0,0,0,0,0,0,117,0,117,0,0,0,117
5600,471,0,0,0,0,0,0,0,0,0,170,0,0,0,0,0,170
5600,471,0,0,0,0,0,0,0,0,0,342,0,0,342,0,0,342
5600,471,0,0,0,0,22,0,0,0,0,0,0,0,0,0,0,22
5600,472,0,0,0,0,0,0,0,0,0,283,0,0,0,0,0,283
5600,472,0,0,0,0,0,0,0,0,0,67,0,67,67,67,0,67
5600,473,0,0,0,0,0,0,0,0,0,253,0,0,0,0,0,253
5600,474,0,0,0,0,0,0,0,0,0,239,0,0,0,0,0,239
5600,474,0,0,0,0,0,0,0,0,0,139,0,0,139,0,0,139
5600,475,0,0,0,0,0,0,0,0,0,90,0,0,0,0,0,90
5600,475,0,0,1,0,18,0,0,0,0,18,0,0,0,18,0,18
5600,476,0,0,0,0,0,0,0,0,0,23,0,0,0,0,0,23
5600,476,0,0,0,0,0,0,0,0,0,300,0,0,300,0,0,300
5600,477,0,0,0,0,0,0,0,0,0,298,0,0,0,0,0,298
5600,477,0,0,0,0,0,0,0,0,0,59,0,0,59,59,0,59
5600,478,0,0,0,0,0,0,0,0,0,85,0,0,85,0,0,85
5600,479,0,0,0,0,0,0,0,0,0,110,0,0,110,0,0,110
5600,479,0,0,0,0,0,0,0,0,0,87,0,87,87,0,0,87
5600,479,0,1,1,0,0,105,0,0,0,105,0,0,105,0,0,105
5600,480,0,0,0,0,0,0,0,0,0,278,0,0,0,0,0,278
5600,480,0,0,0,0,0,0,0,0,0,15,0,0,15,0,0,15
5600,480,0,0,0,0,0,0,0,0,0,30,0,0,30,30,0,30
5600,481,0,0,0,0,0,0,0,0,0,149,0,0,149,0,0,149
5600,481,0,0,0,0,0,0,0,0,0,69,0,0,69,69,0,69
5600,481,0,0,0,0,0,0,0,0,0,35,0,35,0,35,0,35
5600,482,0,0,0,0,0,0,0,0,0,423,0,0,0,0,0,423
5600,482,0,0,0,0,0,0,0,0,0,94,0,94,94,0,0,94
5600,483,0,0,0,0,0,0,0,0,0,79,0,79,79,79,0,79
5600,485,0,0,0,0,0,0,0,0,0,41,0,0,41,0,0,41
5600,485,0,0,0,0,0,0,0,0,0,39,0,39,0,0,0,39
5600,486,0,0,0,0,0,0,0,0,0,0,0,0,0,0,0,112
5600,486,0,0,0,0,0,0,0,0,0,68,0,0,0,68,0,68
5600,486,0,0,0,0,0,0,0,0,0,85,0,0,85,0,0,85
5600,487,0,0,0,0,0,0,0,0,0,211,0,211,211,0,0,211
5600,488,0,0,0,0,0,0,0,0,0,102,0,0,0,0,0,102
5600,488,0,0,1,0,0,0,0,0,0,59,0,59,59,59,0,59
5600,489,0,0,0,0,0,0,0,0,0,74,0,0,0,0,0,74
5600,489,0,0,0,0,0,0,0,0,0,47,0,47,47,0,0,47
5600,490,0,0,0,0,0,0,0,0,0,425,0,0,0,0,0,425
5600,491,0,0,0,0,0,0,0,0,0,25,0,25,25,0,0,25
5600,491,0,0,0,1,0,0,373,0,0,373,0,373,373,0,0,373
5600,492,0,0,0,0,0,0,0,0,0,277,0,0,0,0,0,277
5600,493,0,0,0,0,0,0,0,0,0,80,0,0,0,0,0,80
5600,495,0,0,0,0,0,0,0,0,0,95,0,0,0,95,0,95
5600,495,0,0,0,0,0,0,0,0,0,61,0,0,61,0,0,61
5600,496,0,0,0,0,0,0,0,0,0,315,315,0,0,0,0,315
5600,496,0,0,0,0,0,0,63,0,0,63,0,0,63,0,0,63
5600,496,0,0,0,0,0,44,0,0,0,44,0,44,0,0,0,44
5600,497,0,0,0,0,0,0,0,0,0,93,0,0,93,0,0,93
5600,499,0,0,0,0,0,0,0,0,0,46,0,0,0,0,0,46
5600,499,0,0,0,0,0,0,0,0,0,126,0,0,126,0,0,126
5600,500,0,0,0,0,0,0,0,0,0,20,0,0,20,0,0,20
5600,501,0,0,0,0,0,0,0,0,0,0,0,0,76,0,0,76
5600,501,0,0,0,0,0,0,0,0,0,0,0,0,65,65,0,65
5600,501,0,0,0,0,0,0,0,0,0,0,0,130,0,0,0,130
5600,501,0,0,0,0,0,0,0,0,0,0,41,0,0,0,0,41
5600,501,0,0,0,0,0,0,0,0,0,0,49,0,49,0,0,49
5600,501,0,0,0,0,0,0,0,0,0,0,47,47,47,47,0,47
5600,501,0,0,0,0,0,0,0,0,0,23796,0,0,0,0,0,23796
5600,501,0,0,0,0,0,0,0,0,0,224,0,0,0,0,224,224
5600,501,0,0,0,0,0,0,0,0,0,1598,0,0,0,1598,0,1598
5600,501,0,0,0,0,0,0,0,0,0,14986,0,0,14986,0,0,14986
5600,501,0,0,0,0,0,0,0,0,0,57,0,0,57,0,57,57
5600,501,0,0,0,0,0,0,0,0,0,3302,0,0,3302,3302,0,3302
5600,501,0,0,0,0,0,0,0,0,0,2841,0,2841,0,0,0,2841
5600,501,0,0,0,0,0,0,0,0,0,866,0,866,0,866,0,866
5600,501,0,0,0,0,0,0,0,0,0,3720,0,3720,3720,0,0,3720
5600,501,0,0,0,0,0,0,0,0,0,88,0,88,88,0,88,88
5600,501,0,0,0,0,0,0,0,0,0,2785,0,2785,2785,2785,0,2785
5600,501,0,0,0,0,0,0,0,0,0,760,760,0,0,0,0,760
5600,501,0,0,0,0,0,0,0,0,0,162,162,0,0,0,162,162
5600,501,0,0,0,0,0,0,0,0,0,507,507,0,507,0,0,507
5600,501,0,0,0,0,0,0,0,0,0,97,97,0,97,0,97,97
5600,501,0,0,0,0,0,0,0,0,0,217,217,0,217,217,0,217
5600,501,0,0,0,0,0,0,0,0,0,99,99,99,0,0,0,99
5600,501,0,0,0,0,0,0,0,0,0,135,135,135,0,135,0,135
5600,501,0,0,0,0,0,0,0,0,0,206,206,206,206,0,0,206
5600,501,0,0,0,0,0,0,0,0,0,70,70,70,70,70,70,70
5600,501,0,0,0,0,0,0,104,0,0,0,0,0,104,0,0,104
5600,501,0,0,0,0,0,0,152,0,0,0,0,152,152,0,0,152
5600,501,0,0,0,0,0,0,135,0,0,135,0,135,135,0,0,135
5600,501,0,0,0,0,0,131,0,0,0,0,0,0,0,0,0,131
5600,501,0,0,0,0,0,45,0,0,0,0,0,0,0,0,45,45
5600,501,0,0,0,0,0,121,0,0,0,0,0,0,121,0,121,121
5600,501,0,0,0,0,0,337,0,0,0,337,0,0,0,0,0,337
5600,501,0,0,0,0,0,410,0,0,0,410,0,0,410,0,410,410
5600,501,0,0,0,0,0,101,0,0,0,101,0,0,101,101,0,101
5600,501,0,0,0,0,0,371,0,0,0,371,0,371,0,0,371,371
5600,501,0,0,0,0,0,81,0,0,0,81,0,81,81,0,0,81
5600,501,0,0,0,0,0,63,0,0,0,63,0,63,63,63,63,63
5600,501,0,0,0,0,0,296,0,0,296,296,0,0,296,0,0,296
5600,501,0,0,0,0,0,149,149,0,0,0,0,0,149,0,149,149
5600,501,0,0,0,0,57,0,0,0,0,0,0,0,0,0,0,57
5600,501,0,0,0,0,58,0,0,0,0,0,0,0,58,0,0,58
5600,501,0,0,0,0,140,0,0,0,0,0,0,140,0,0,0,140
5600,501,0,0,0,0,28,0,0,0,0,0,0,28,28,28,0,28
5600,501,0,0,0,0,55,0,0,0,0,0,55,0,55,55,0,55
5600,501,0,0,0,0,914,0,0,0,0,914,0,0,0,0,0,914
5600,501,0,0,0,0,163,0,0,0,0,163,0,0,0,163,0,163
5600,501,0,0,0,0,355,0,0,0,0,355,0,0,355,0,0,355
5600,501,0,0,0,0,253,0,0,0,0,253,0,0,253,253,0,253
5600,501,0,0,0,0,35,0,0,0,0,35,0,35,0,0,0,35
5600,501,0,0,0,0,482,0,0,0,0,482,0,482,482,0,0,482
5600,501,0,0,0,0,288,0,0,0,0,288,288,0,0,0,0,288
5600,501,0,0,0,0,316,0,0,0,0,316,316,0,316,0,0,316
5600,501,0,0,0,0,175,0,0,0,0,175,175,175,0,175,0,175
5600,501,0,0,0,0,375,0,375,0,0,375,0,0,0,0,0,375
5600,501,0,0,0,0,337,337,0,0,0,0,337,0,337,337,0,337
5600,501,0,0,0,0,193,193,0,0,0,193,193,0,0,0,0,193
5600,501,0,0,0,1,0,0,0,0,0,0,0,14,14,14,0,14
5600,501,0,0,0,1,0,0,0,0,0,62,0,0,62,0,0,62
5600,501,0,0,1,0,0,0,0,0,0,910,0,0,0,0,0,910
5600,501,0,0,1,0,0,0,0,0,0,324,0,0,0,324,0,324
5600,501,0,0,1,0,0,0,0,0,0,522,0,0,522,0,0,522
5600,501,0,0,1,0,0,0,0,0,0,93,0,0,93,0,93,93
5600,501,0,0,1,0,0,0,0,0,0,326,0,0,326,326,0,326
5600,501,0,0,1,0,0,0,0,0,0,115,0,115,0,0,0,115
5600,501,0,0,1,0,0,0,0,0,0,77,0,77,77,77,0,77
5600,501,0,0,1,0,0,0,0,0,0,24,24,0,0,0,0,24
5600,501,0,0,1,0,0,0,0,0,0,168,168,0,0,168,0,168
5600,501,0,0,1,0,0,185,0,0,0,0,0,0,185,0,185,185
5600,501,0,0,1,1,0,0,0,0,0,50,0,0,0,0,0,50
5600,501,0,0,1,1,0,0,0,0,0,11,0,0,11,0,0,11
5600,501,0,1,1,0,0,0,0,0,0,111,0,0,0,111,0,111
5600,501,0,1,1,0,0,0,0,0,0,147,0,0,147,0,0,147
5600,501,0,1,1,0,0,0,0,0,0,220,0,0,220,220,0,220
5600,501,0,1,1,0,0,0,0,0,0,99,0,99,0,99,0,99
5600,501,0,1,1,0,0,0,86,0,0,86,0,0,86,86,0,86
5600,501,0,1,1,0,0,0,158,0,0,158,0,158,158,158,0,158
5600,501,0,1,1,0,50,0,0,0,0,50,0,0,0,50,0,50
5600,501,0,1,1,1,30,0,30,0,0,30,0,30,0,0,0,30
5600,501,1,0,0,0,0,0,0,0,0,214,0,0,0,0,0,214
5600,501,1,0,0,0,0,0,0,0,0,108,0,0,0,108,0,108
5600,501,1,0,0,0,0,0,0,0,0,18,0,0,18,0,0,18
5600,501,1,0,0,0,0,0,0,0,0,151,0,0,151,151,0,151
5600,501,1,0,0,0,0,0,0,0,0,33,33,0,0,0,0,33
5600,501,1,0,0,0,58,0,0,0,0,58,0,0,58,0,0,58
5600,501,1,0,1,0,48,0,0,0,0,48,0,48,0,0,0,48
