county,Num Eligible,Num Ineligible,Percentage Eligible
01001,11376,10907,51.05
01003,31637,62468,33.62
01005,5091,4393,53.68
01007,4809,3698,56.53
01009,10532,11053,48.79
01011,2068,1840,52.92
01013,3846,3318,53.69
01015,25857,18774,57.94
01017,6942,6177,52.92
01019,4982,4383,53.2
01021,6242,11025,36.15
01023,2866,1856,60.69
01025,5226,3384,60.7
01027,3200,2583,55.33
01029,3386,2733,55.34
01031,10286,10411,49.7
01033,10735,11947,47.33
01035,2625,1700,60.69
01037,2075,1846,52.92
01039,7583,6542,53.68
01041,2662,2297,53.68
01043,15928,17932,47.04
01045,9491,9607,49.7
01047,7439,7133,51.05
01049,14294,12356,53.64
01051,13819,18986,42.12
01053,8318,5387,60.69
01055,20634,18153,53.2
01057,3519,2706,56.53
01059,6025,6704,47.33
01061,5418,5364,50.25
01063,1667,1282,56.53
01065,3188,2452,56.52
01067,3484,3449,50.25
01069,21793,21573,50.25
01071,10497,9073,53.64
01073,119914,150886,44.28
01075,3014,2318,56.53
01077,17549,19529,47.33
01079,5206,7640,40.53
01081,33157,34029,49.35
01083,12693,27623,31.48
01085,1994,1912,51.05
01087,3901,3471,52.92
01089,55152,108504,33.7
01091,4168,3205,56.53
01093,5319,5989,47.04
01095,16803,20398,45.17
01097,86502,76460,53.08
01099,4473,2897,60.69
01101,48147,44270,52.1
01103,19433,28517,40.53
01105,1646,1578,51.05
01107,4125,3172,56.53
01109,6663,5748,53.69
01111,4939,3987,55.33
01113,12235,10424,54.0
01115,16225,17030,48.79
01117,27139,58926,31.53
01119,2664,2049,56.52
01121,18467,14907,55.33
01123,8248,7339,52.92
01125,40510,46293,46.67
01127,11845,12513,48.63
01129,3483,2256,60.69
01131,2398,1553,60.69
01133,4268,4805,47.04
02013,518,480,51.9
02016,791,733,51.9
02020,37896,71642,34.6
02050,2823,2618,51.88
02060,128,119,51.82
02063,1000,1721,36.75
02066,368,633,36.76
02068,228,392,36.77
02070,734,681,51.87
02090,13470,23178,36.76
02100,292,503,36.73
02105,357,331,51.89
02110,4542,7816,36.75
02122,10184,13309,43.35
02130,1964,3380,36.75
02150,1981,1837,51.89
02158,1266,1174,51.89
02164,224,207,51.97
02170,18545,24233,43.35
02180,1519,1408,51.9
02185,1669,1547,51.9
02188,1179,1093,51.89
02195,514,477,51.87
02198,869,806,51.88
02220,1279,1186,51.89
02230,175,301,36.76
02240,959,1650,36.76
02275,321,298,51.86
02282,101,93,52.06
02290,808,749,51.89
04001,14797,8121,64.56
04003,24826,23794,51.06
04005,29053,26369,52.42
04007,12252,9420,56.53
04009,8862,6813,56.54
04011,2199,1690,56.54
04012,3504,2900,54.72
04013,644767,1063242,37.75
04015,55367,48286,53.42
04017,23919,13126,64.57
04019,190307,242036,44.02
04021,65631,89519,42.3
04023,9436,9044,51.06
04025,47586,64204,42.57
04027,42060,34560,54.89
05001,3423,2788,55.11
05003,3804,3098,55.11
05005,9691,7880,55.15
05007,36913,70159,34.47
05009,8701,7076,55.15
05011,2104,1714,55.11
05013,1010,772,56.68
05015,6578,5349,55.15
05017,2035,1658,55.1
05019,4616,4047,53.28
05021,3085,2546,54.79
05023,5845,3892,60.03
05025,1505,1226,55.11
05027,4863,3715,56.69
05029,4854,3267,59.77
05031,23471,18862,55.44
05033,13170,10605,55.39
05035,11290,6549,63.29
05037,3944,2288,63.29
05039,1383,1056,56.7
05041,2274,1852,55.11
05043,3461,2819,55.11
05045,22161,25722,46.28
05047,3745,3016,55.39
05049,2856,1902,60.03
05051,21570,18911,53.28
05053,2973,4211,41.38
05055,9698,8004,54.78
05057,4282,3271,56.69
05059,7113,6236,53.28
05061,2960,2126,58.2
05063,8974,5975,60.03
05065,3212,2139,60.03
05067,3456,2919,54.21
05069,13421,10932,55.11
05071,6034,4061,59.77
05073,1347,1029,56.69
05075,3438,2837,54.79
05077,2017,1170,63.29
05079,2582,2103,55.11
05081,2783,1999,58.2
05083,4893,3515,58.19
05085,13279,15413,46.28
05087,3845,3127,55.15
05089,3918,3186,55.15
05091,9861,7083,58.2
05093,9536,5532,63.29
05095,1403,1185,54.21
05097,1825,1600,53.28
05099,1772,1354,56.69
05101,1682,1367,55.17
05103,4833,3692,56.69
05105,1659,2351,41.37
05107,3882,2252,63.29
05109,2191,1921,53.28
05111,4845,3893,55.45
05113,4449,3196,58.19
05115,14851,9996,59.77
05117,1709,1443,54.22
05119,78366,93348,45.64
05121,3938,3250,54.79
05123,5412,3140,63.28
05125,20434,28947,41.38
05127,2277,1635,58.21
05129,1823,1482,55.16
05131,27989,22537,55.4
05133,3667,2634,58.2
05135,3662,3022,54.79
05137,2923,1946,60.03
05139,8332,6366,56.69
05141,3735,2487,60.03
05143,43225,50452,46.14
05145,15842,13381,54.21
05147,1292,1091,54.22
05149,4747,3195,59.77
06001,210706,378514,35.76
06003,224,289,43.66
06005,7511,9665,43.73
06007,40192,41161,49.4
06009,8405,10815,43.73
06011,4223,3162,57.18
06013,146962,264666,35.7
06015,5292,5091,50.97
06017,24554,50355,32.78
06019,185742,136899,57.57
06021,5590,4186,57.18
06023,31636,23547,57.33
06025,31686,16164,66.22
06027,3529,4541,43.73
06029,168617,114415,59.58
06031,24053,19090,55.75
06033,14392,11949,54.64
06035,6244,6006,50.97
06037,1702407,1673249,50.43
06039,25645,18410,58.21
06041,29547,73831,28.58
06043,3180,4092,43.73
06045,19344,16061,54.64
06047,53812,31154,63.33
06049,1660,1597,50.97
06051,2447,3148,43.74
06053,63592,72735,46.65
06055,18748,30662,37.94
06057,17281,24896,40.97
06059,425077,651698,39.48
06061,50109,105791,32.14
06063,3777,3633,50.97
06065,372728,393121,48.67
06067,255159,316812,44.61
06069,8146,9058,47.35
06071,360760,315119,53.38
06073,450287,712606,38.72
06075,124988,226238,35.59
06077,122297,119495,50.58
06079,42388,65183,39.4
06081,76363,187388,28.95
06083,68664,81894,45.61
06085,202549,447877,31.14
06087,38046,59308,39.08
06089,33977,37528,47.52
06091,547,789,40.94
06093,8409,8089,50.97
06095,65895,92303,41.65
06097,68722,121857,36.06
06099,87575,86584,50.28
06101,19122,14768,56.42
06103,12727,9531,57.18
06105,3115,2332,57.19
06107,88390,55122,61.59
06109,10321,13280,43.73
06111,105281,174052,37.69
06113,35409,41435,46.08
06115,15658,12093,56.42
08001,74882,108458,40.84
08003,3759,3383,52.63
08005,83078,162812,33.79
08007,2502,3327,42.92
08009,805,725,52.61
08011,1297,1167,52.64
08013,40532,93156,30.32
08014,6464,23326,21.7
08015,3351,4367,43.42
08017,270,391,40.85
08019,914,3025,23.2
08021,1712,1541,52.63
08023,803,723,52.62
08025,916,1327,40.84
08027,809,1055,43.4
08029,6718,6139,52.25
08031,122709,207300,37.18
08033,435,579,42.9
08035,24277,111773,17.84
08037,5883,14486,28.88
08039,4035,5840,40.86
08041,101281,185005,35.38
08043,8419,10972,43.42
08045,9674,15298,38.74
08047,565,1871,23.19
08049,1659,4084,28.89
08051,3168,4214,42.92
08053,147,196,42.86
08055,1173,1528,43.43
08057,146,359,28.91
08059,73325,168563,30.31
08061,224,324,40.88
08063,1097,1588,40.86
08065,1279,1667,43.41
08067,10418,13856,42.92
08069,50025,102096,32.89
08071,3342,3007,52.64
08073,879,1273,40.85
08075,3333,4824,40.86
08077,27775,36393,43.28
08079,198,179,52.52
08081,2085,3296,38.75
08083,4839,6436,42.92
08085,9191,8400,52.25
08087,4508,6525,40.86
08089,4293,3863,52.64
08091,1049,959,52.24
08093,2992,3899,43.42
08095,702,1017,40.84
08097,1833,4512,28.89
08099,2756,2480,52.64
08101,37298,31395,54.3
08103,1024,1619,38.74
08105,2649,2384,52.63
08107,3894,6158,38.74
08109,1463,1317,52.63
08111,132,176,42.86
08113,1738,1588,52.25
08115,373,539,40.9
08117,3278,8070,28.89
08119,3389,5260,39.18
08121,745,1079,40.84
08123,48798,72784,40.14
08125,1546,2238,40.86
09001,132049,226234,36.86
09003,145368,213680,40.49
09005,26361,48790,35.08
09007,20475,49340,29.33
09009,153453,196665,43.83
09011,45550,65326,41.08
09013,23792,35482,40.14
09015,21585,24170,47.18
10001,31079,39218,44.21
10003,77138,143501,34.96
10005,42525,62207,40.6
12001,46458,61729,42.94
12003,4777,6890,40.94
12005,33523,43245,43.67
12007,5593,5112,52.25
12009,102785,151802,40.37
12011,328575,419214,43.94
12013,2554,2448,51.06
12015,35670,53318,40.08
12017,30467,37801,44.63
12019,29978,50502,37.25
12021,54726,109206,33.38
12023,13768,12585,52.24
12027,7681,6252,55.13
12029,3309,3025,52.24
12031,178905,227386,44.03
12033,58459,68520,46.04
12035,17205,29895,36.53
12037,2329,2233,51.05
12039,8201,7863,51.05
12041,3529,3226,52.24
12043,2744,1656,62.36
12045,2655,2546,51.05
12047,2826,2121,57.13
12049,5726,4660,55.13
12051,8967,5412,62.36
12053,37445,44052,45.95
12055,22892,18110,55.83
12057,231660,345904,40.11
12059,3760,4850,43.67
12061,25653,44321,36.66
12063,8855,8489,51.06
12065,2715,2603,51.05
12067,1660,1246,57.12
12069,59268,102188,36.71
12071,130938,189500,40.86
12073,52940,68484,43.6
12075,8478,7750,52.24
12077,1493,1431,51.06
12079,3626,2722,57.12
12081,53734,109786,32.86
12083,71659,85691,45.54
12085,25783,43382,37.28
12086,530574,438106,54.77
12087,12941,18048,41.76
12089,15277,22035,40.94
12091,29785,54712,35.25
12093,8971,5414,62.36
12095,238282,274107,46.5
12097,64109,68940,48.18
12099,236272,359382,39.67
12101,94387,135397,41.08
12103,158302,262488,37.62
12105,137455,139018,49.72
12107,15272,14868,50.67
12109,28897,79868,26.57
12111,56779,74612,43.21
12113,21453,50269,29.91
12115,63822,140197,31.28
12117,65139,122936,34.63
12119,20914,43140,32.65
12121,8771,6585,57.12
12123,4398,3302,57.12
12125,3188,2914,52.25
12127,111392,133039,45.57
12129,6319,6058,51.05
12131,14405,18583,43.67
12133,4843,6248,43.67
13001,3775,2560,59.59
13003,1634,1238,56.89
13005,2198,1666,56.88
13007,642,417,60.62
13009,7710,8472,47.65
13011,3297,3272,50.19
13013,12591,16380,43.46
13015,14283,24285,37.03
13017,3704,2800,56.95
13019,3912,2957,56.95
13021,29596,28268,51.15
13023,2623,1711,60.52
13025,3555,2694,56.89
13027,3512,2655,56.95
13029,7815,8339,48.38
13031,14298,15176,48.51
13033,5023,4074,55.22
13035,4575,4908,48.24
13037,1244,808,60.62
13039,9673,12698,43.24
13043,2287,1492,60.52
13045,19062,24797,43.46
13047,12160,14416,45.76
13049,2469,1871,56.89
13051,52224,68804,43.15
13053,1804,1903,48.66
13055,4474,5305,45.75
13057,24306,75687,24.31
13059,26161,29171,47.28
13061,567,488,53.74
13063,60139,46103,56.61
13065,1333,1010,56.89
13067,93534,199283,31.94
13069,8503,6445,56.88
13071,9324,7780,54.51
13073,15172,35847,29.74
13075,3712,2806,56.95
13077,16433,38976,29.66
13079,2135,2346,47.65
13081,4002,3446,53.73
13083,2910,3450,45.75
13085,4632,6185,42.82
13087,6548,4254,60.62
13089,96790,179497,35.03
13091,4150,2708,60.51
13093,2229,1919,53.74
13095,17995,16171,52.67
13097,20205,31248,39.27
13099,2420,1572,60.62
13101,728,552,56.88
13103,11419,12121,48.51
13105,2812,4863,36.64
13107,4743,3095,60.51
13109,2204,1495,59.58
13111,4253,5509,43.57
13113,12588,31379,28.63
13115,16767,19213,46.6
13117,17375,69113,20.09
13119,4283,4251,50.19
13121,156219,308229,33.64
13123,5267,6822,43.57
13125,588,477,55.21
13127,14926,19592,43.24
13129,9668,12522,43.57
13131,5849,3800,60.62
13133,2709,4686,36.63
13135,129903,194070,40.1
13137,8417,8355,50.18
13139,33021,39337,45.64
13141,1784,1447,55.22
13143,5089,5831,46.6
13145,6895,5937,53.73
13147,4724,4689,50.19
13149,2182,2202,49.77
13151,30245,54740,35.59
13153,25211,34536,42.2
13155,2082,1574,56.95
13157,11447,14892,43.46
13159,2475,2908,45.98
13161,3026,2052,59.59
13163,3208,2602,55.22
13165,1771,1437,55.21
13167,1913,1248,60.52
13169,4989,5482,47.65
13171,3328,3571,48.24
13173,1948,1476,56.89
13175,10328,6739,60.51
13177,6957,6252,52.67
13179,11398,12164,48.37
13181,1570,1274,55.2
13183,2825,3015,48.37
13185,24682,20457,54.68
13187,5788,7729,42.82
13189,4417,3583,55.21
13191,1937,2543,43.24
13193,2401,2068,53.73
13195,4313,7461,36.63
13197,1492,1284,53.75
13199,3941,3978,49.77
13201,1338,869,60.63
13205,4851,3152,60.61
13207,4919,5406,47.64
13209,1761,1194,59.59
13211,3409,4005,45.98
13213,6715,8698,43.57
13215,39018,41143,48.67
13217,17698,23057,43.43
13219,5986,10353,36.64
13221,2123,3671,36.64
13223,20586,37629,35.36
13225,4925,5413,47.64
13227,5579,7226,43.57
13229,3889,2948,56.88
13231,3399,3647,48.24
13233,7289,8353,46.6
13235,1518,2080,42.19
13237,3882,4266,47.64
13239,446,384,53.73
13241,2917,3896,42.82
13243,1277,1099,53.75
13245,39784,34880,53.28
13247,14722,19180,43.43
13249,904,778,53.75
13251,2481,2634,48.5
13253,2040,1325,60.62
13255,12109,12992,48.24
13257,4898,4862,50.18
13259,1058,911,53.73
13261,5888,5070,53.73
13263,1140,982,53.72
13265,317,257,55.23
13267,4674,3170,59.59
13269,1555,1339,53.73
13271,2554,1732,59.59
13273,2048,1330,60.63
13275,9304,7763,54.51
13277,8905,6731,56.95
13279,5533,3752,59.59
13281,2160,2884,42.82
13283,1335,871,60.52
13285,13271,13395,49.77
13287,1941,1467,56.95
13289,1413,1552,47.66
13291,4258,5686,42.82
13293,4984,5347,48.24
13295,12122,14371,45.76
13297,16397,19268,45.98
13299,7153,5422,56.88
13301,1065,864,55.21
13303,4082,3311,55.21
13305,6170,4184,59.59
13307,467,402,53.74
13309,1530,1037,59.6
13311,4841,6464,42.82
13313,17800,17946,49.8
13315,1826,1191,60.52
13317,1955,1585,55.23
13319,1561,1715,47.65
13321,4222,3523,54.51
15001,34847,37347,48.27
15003,134343,203751,39.74
15005,11,13,45.83
15007,11646,12914,47.42
15009,26179,29030,47.42
16001,70527,124873,36.09
16003,789,959,45.14
16005,15192,17344,46.69
16007,1113,1270,46.71
16009,1711,2274,42.94
16011,6911,7966,46.45
16013,3824,5002,43.33
16015,1371,1667,45.13
16017,8462,11249,42.93
16019,17084,25761,39.87
16021,2164,2877,42.93
16023,463,563,45.13
16025,169,221,43.33
16027,37798,47560,44.28
16029,1226,1400,46.69
16031,4390,4844,47.54
16033,143,174,45.11
16035,1574,1914,45.13
16037,771,937,45.14
16039,4516,5907,43.33
16041,2477,2828,46.69
16043,1900,2191,46.44
16045,2896,4209,40.76
16047,2457,3213,43.33
16049,2980,3624,45.12
16051,4384,5057,46.44
16053,3819,4995,43.33
16055,25668,42623,37.59
16057,7098,9436,42.93
16059,1437,1747,45.13
16061,636,773,45.14
16063,807,1056,43.32
16065,7511,8664,46.44
16067,3405,4453,43.33
16069,7586,9225,45.13
16071,797,910,46.69
16073,2100,2185,49.01
16075,3844,5586,40.76
16077,1376,1571,46.69
16079,2365,3144,42.93
16081,1651,1904,46.44
16083,16030,17684,47.55
16085,2116,2573,45.13
16087,1590,2311,40.76
17001,12051,15728,43.38
17003,958,1116,46.19
17005,2700,3927,40.74
17007,8087,12392,39.49
17009,1145,1494,43.39
17011,5625,8305,40.38
17013,719,950,43.08
17015,2605,3897,40.06
17017,2110,2790,43.06
17019,36933,47271,43.86
17021,6600,7670,46.25
17023,2920,3538,45.22
17025,2262,2928,43.58
17027,5956,8663,40.74
17029,8855,10728,45.22
17031,905127,1166580,43.69
17033,3530,4276,45.22
17035,1974,2392,45.21
17037,16262,23526,40.87
17039,2509,3793,39.81
17041,3731,4520,45.22
17043,97342,253151,27.77
17045,3186,3860,45.22
17047,1142,1330,46.2
17049,5899,7635,43.59
17051,3656,4732,43.59
17053,2581,2938,46.77
17055,8442,7608,52.6
17057,6160,8040,43.38
17059,903,1052,46.19
17061,1939,2564,43.06
17063,7624,11926,39.0
17065,1460,1700,46.2
17067,3245,4243,43.34
17069,667,776,46.22
17071,1176,1538,43.33
17073,9079,11869,43.34
17075,5164,5880,46.76
17077,11830,10661,52.6
17079,1580,2046,43.57
17081,5992,8716,40.74
17083,3480,4601,43.06
17085,3656,5469,40.07
17087,2432,2832,46.2
17089,66357,116678,36.25
17091,15600,24402,39.0
17093,14766,31749,31.74
17095,8456,12484,40.38
17097,79422,174623,31.26
17099,18902,26026,42.07
17101,2601,3367,43.58
17103,5664,8473,40.07
17105,6173,8500,42.07
17107,4525,6841,39.81
17109,5017,6560,43.34
17111,35112,82856,29.76
17113,24206,45057,34.95
17115,20164,23432,46.25
17117,7275,9617,43.07
17119,42064,67502,38.39
17121,6092,8862,40.74
17123,1987,2934,40.38
17125,2400,3132,43.38
17127,2590,3016,46.2
17129,1987,3004,39.81
17131,2892,3781,43.34
17133,5451,8345,39.51
17135,4573,6914,39.81
17137,5324,7039,43.06
17139,2348,3550,39.81
17141,8385,12131,40.87
17143,34647,44695,43.67
17145,4678,4216,52.6
17147,2694,4073,39.81
17149,2701,3525,43.38
17151,688,801,46.21
17153,949,1105,46.2
17155,953,1408,40.36
17157,4870,7085,40.74
17159,2691,3483,43.59
17161,24676,35511,41.0
17163,41008,58093,41.38
17165,4344,5058,46.2
17167,32442,51972,38.43
17169,1266,1652,43.39
17171,801,1059,43.06
17173,3392,5129,39.81
17175,914,1350,40.37
17177,7404,11075,40.07
17179,20616,34593,37.34
17181,3152,3670,46.2
17183,14144,16105,46.76
17185,2076,2418,46.19
17187,3101,4054,43.34
17189,2221,3231,40.74
17191,2753,3564,43.58
17193,2535,2952,46.2
17195,9238,13818,40.07
17197,73291,169413,30.2
17199,14998,13516,52.6
17201,53316,60213,46.96
17203,6510,9611,40.38
18001,5483,8711,38.63
18003,65796,89069,42.49
18005,13181,19202,40.7
18007,1331,2093,38.87
18009,2338,2537,47.96
18011,7046,22090,24.18
18013,2339,3543,39.77
18015,3102,4879,38.87
18017,7135,9024,44.15
18019,21526,28110,43.37
18021,4565,5921,43.53
18023,5070,7974,38.87
18025,1746,2604,40.14
18027,6595,6833,49.11
18029,7406,13050,36.2
18031,3988,6210,39.11
18033,6850,9344,42.3
18035,24344,21633,52.95
18037,7238,10794,40.14
18039,29483,39531,42.72
18041,4757,4618,50.74
18043,11817,19279,38.0
18045,2843,3687,43.54
18047,3330,5868,36.2
18049,3427,4671,42.32
18051,4266,8971,32.23
18053,11717,14342,44.96
18055,6085,6305,49.11
18057,24984,106181,19.05
18059,12152,20267,37.48
18061,5824,9501,38.0
18063,15837,49914,24.09
18065,9437,10240,47.96
18067,15757,19930,44.15
18069,5613,8918,38.63
18071,7443,10844,40.7
18073,5508,7507,42.32
18075,3951,4288,47.95
18077,4993,7776,39.1
18079,4159,6477,39.1
18081,17143,44973,27.6
18083,6019,8975,40.14
18085,12087,18486,39.53
18087,6401,8732,42.3
18089,88407,103892,45.97
18091,18514,24931,42.61
18093,8892,9213,49.11
18095,27368,26541,50.77
18097,177324,217276,44.94
18099,6944,10622,39.53
18101,1940,2010,49.11
18103,6321,7737,44.96
18105,27026,29688,47.65
18107,5794,9113,38.87
18109,10849,16437,39.76
18111,2314,3154,42.32
18113,7513,10249,42.3
18115,868,1530,36.2
18117,3924,4066,49.11
18119,4212,4364,49.11
18121,2785,3613,43.53
18123,3180,4742,40.14
18125,2033,3031,40.15
18127,23660,44565,34.68
18129,3259,6853,32.23
18131,2095,2855,42.32
18133,5550,8409,39.76
18135,4726,5129,47.96
18137,4236,7465,36.2
18139,3406,3306,50.74
18141,42866,64209,40.03
18143,3673,5721,39.1
18145,6857,11435,37.49
18147,3285,4899,40.14
18149,3912,5332,42.32
18151,5450,7434,42.3
18153,3591,4658,43.53
18155,1422,2507,36.19
18157,33359,40165,45.37
18159,2893,3659,44.15
18161,1442,1399,50.76
18163,34214,45084,43.15
18165,2662,3453,43.53
18167,22127,20012,52.51
18169,5443,6662,44.96
18171,1455,1888,43.52
18173,8258,17364,32.23
18175,4138,6751,38.0
18177,13534,13136,50.75
18179,4314,6855,38.62
18181,3771,5931,38.87
18183,5235,8318,38.63
19001,1303,1760,42.54
19003,662,853,43.7
19005,2163,3680,37.02
19007,2199,2833,43.7
19009,987,1333,42.54
19011,4141,6056,40.61
19013,23939,30012,44.37
19015,4075,6531,38.42
19017,3845,6541,37.02
19019,3194,5171,38.18
19021,3777,4782,44.13
19023,2387,3656,39.5
19025,1802,2281,44.13
19027,3766,4768,44.13
19029,2284,3085,42.54
19031,3186,4391,42.05
19033,7935,10479,43.09
19035,2116,2679,44.13
19037,1848,3143,37.03
19039,1740,2241,43.71
19041,2221,4243,34.36
19043,2623,4462,37.02
19045,8001,11027,42.05
19047,2997,3794,44.13
19049,11662,29771,28.15
19051,1599,1920,45.44
19053,1365,1759,43.69
19055,2714,4395,38.18
19057,7637,8437,47.51
19059,2399,4583,34.36
19061,15413,24952,38.18
19063,1272,2431,34.35
19065,3002,5106,37.03
19067,2875,3797,43.09
19069,1668,2555,39.5
19071,1179,1519,43.7
19073,1591,2014,44.13
19075,2052,3143,39.5
19077,1849,2497,42.54
19079,2505,3835,39.51
19081,1987,2624,43.09
19083,2810,4302,39.51
19085,2537,3428,42.53
19087,4021,4442,47.51
19089,1457,2478,37.03
19091,1598,2447,39.51
19093,1270,1608,44.13
19095,2697,3944,40.61
19097,3026,4899,38.18
19099,4520,9997,31.14
19101,2751,3303,45.44
19103,20118,41183,32.82
19105,3555,4899,42.05
19107,1762,2116,45.44
19109,2728,3602,43.1
19111,6586,7276,47.51
19113,30337,64539,31.98
19115,2127,2350,47.51
19117,1542,1986,43.71
19119,1617,3090,34.35
19121,1936,4943,28.14
19123,3897,4679,45.44
19125,3994,8834,31.14
19127,6493,9496,40.61
19129,2519,3403,42.54
19131,1943,2566,43.09
19133,1589,2011,44.14
19135,1353,1743,43.7
19137,1845,2376,43.71
19139,7447,10262,42.05
19141,1922,3671,34.36
19143,839,1603,34.36
19145,2716,3499,43.7
19147,1220,2331,34.36
19149,4245,5795,42.28
19151,1283,1624,44.13
19153,69671,134099,34.19
19155,16294,22011,42.54
19157,3022,4420,40.61
19159,832,1072,43.7
19161,1780,2253,44.14
19163,28583,43529,39.64
19165,2042,2759,42.53
19167,4862,9288,34.36
19169,15030,24090,38.42
19171,2773,4056,40.61
19173,1052,1355,43.71
19175,2168,2792,43.71
19177,1264,1518,45.43
19179,6223,7473,45.44
19181,6264,13854,31.14
19183,3963,4759,45.44
19185,1159,1493,43.7
19187,6159,9431,39.51
19189,1966,2596,43.1
19191,3088,5253,37.02
19193,17502,23895,42.28
19195,1369,1808,43.09
19197,2155,3299,39.51
20001,2315,2644,46.68
20003,1449,1654,46.7
20005,1922,4333,30.73
20007,695,961,41.97
20009,4197,5799,41.99
20011,2657,3034,46.69
20013,1118,2521,30.72
20015,8539,17226,33.14
20017,513,529,49.23
20019,675,697,49.2
20021,3580,4088,46.69
20023,473,643,42.38
20025,274,416,39.71
20027,1406,1973,41.61
20029,1566,2197,41.62
20031,1671,1725,49.2
20033,277,383,41.97
20035,6382,7442,46.17
20037,7206,8229,46.69
20039,498,677,42.38
20041,3189,4474,41.62
20043,883,1990,30.73
20045,20742,29017,41.68
20047,479,662,41.98
20049,497,513,49.21
20051,5220,7103,42.36
20053,1104,1549,41.61
20055,5287,8013,39.75
20057,4712,7141,39.75
20059,4808,5491,46.68
20061,6395,7588,45.73
20063,490,667,42.35
20065,436,593,42.37
20067,1010,1530,39.76
20069,776,1177,39.73
20071,232,316,42.34
20073,1201,1240,49.2
20075,345,523,39.75
20077,902,1247,41.97
20079,4133,8438,32.88
20081,519,786,39.77
20083,237,359,39.77
20085,1557,3509,30.73
20087,2159,4868,30.72
20089,507,711,41.63
20091,60005,185628,24.43
20093,547,829,39.75
20095,1230,1700,41.98
20097,405,560,41.97
20099,3732,4262,46.69
20101,285,387,42.41
20103,10340,20255,33.8
20105,509,715,41.58
20107,1211,2372,33.8
20109,498,677,42.38
20111,6430,6637,49.21
20113,4866,7504,39.34
20115,2362,2438,49.21
20117,1738,2439,41.61
20119,558,846,39.74
20121,4318,8458,33.8
20123,1004,1408,41.63
20125,6290,6492,49.21
20127,1077,1112,49.2
20129,371,563,39.72
20131,1780,2498,41.61
20133,2941,3358,46.69
20135,484,659,42.34
20137,984,1339,42.36
20139,1854,4180,30.73
20141,631,859,42.35
20143,994,1394,41.62
20145,1030,1424,41.97
20147,899,1223,42.37
20149,4412,5235,45.73
20151,1508,2083,41.99
20153,463,630,42.36
20155,9965,15369,39.33
20157,809,1135,41.62
20159,1517,2340,39.33
20161,12524,14861,45.73
20163,887,1207,42.36
20165,486,672,41.97
20167,1207,1642,42.37
20169,9406,13198,41.61
20171,930,1265,42.37
20173,84271,118651,41.53
20175,3017,4573,39.75
20177,33394,41502,44.59
20179,442,601,42.38
20181,1069,1455,42.35
20183,645,878,42.35
20185,670,926,41.98
20187,286,433,39.78
20189,722,1095,39.74
20191,3685,5092,41.98
20193,1431,1948,42.35
20195,507,691,42.32
20197,808,1822,30.72
20199,273,372,42.33
20201,959,1345,41.62
20203,387,527,42.34
20205,1722,1778,49.2
20207,624,644,49.21
20209,35892,26647,57.39
21001,4329,3020,58.91
21003,4432,3551,55.52
21005,4464,5638,44.19
21007,1461,1582,48.01
21009,9575,7672,55.52
21011,2669,2047,56.59
21013,6283,2786,69.28
21015,15334,35695,30.05
21017,3564,4402,44.74
21019,10362,8444,55.1
21021,6056,5641,51.77
21023,1758,1349,56.58
21025,3824,1064,78.23
21027,3395,4419,43.45
21029,12676,18842,40.22
21031,2663,2134,55.51
21033,2951,2168,57.65
21035,7007,7587,48.01
21037,15785,21128,42.76
21039,911,986,48.02
21041,1832,2452,42.76
21043,5718,4660,55.1
21045,3653,2548,58.91
21047,15003,12319,54.91
21049,6507,8036,44.74
21051,5095,2807,64.48
21053,2119,1478,58.91
21055,2098,1541,57.65
21057,1348,941,58.89
21059,16897,24659,40.66
21061,2610,2091,55.52
21063,1580,1287,55.11
21065,3419,2095,62.01
21067,58613,80690,42.08
21069,3156,2421,56.59
21071,9704,4386,68.87
21073,9642,12180,44.18
21075,1230,1332,48.01
21077,1475,1974,42.77
21079,3354,3124,51.78
21081,4230,5661,42.77
21083,6921,7495,48.01
21085,4390,5714,43.45
21087,2545,1775,58.91
21089,7722,6293,55.1
21091,1525,2022,42.99
21093,18699,23023,44.82
21095,6996,3102,69.28
21097,3290,4062,44.75
21099,4153,3328,55.51
21101,7515,9962,43.0
21103,1766,3802,31.72
21105,855,926,48.01
21107,10602,7789,57.65
21109,3245,1787,64.49
21111,149308,181794,45.09
21113,10484,9765,51.78
21115,6126,2769,68.87
21117,25571,42171,37.75
21119,3973,1105,78.24
21121,7872,3490,69.28
21123,2471,3216,43.45
21125,15684,8639,64.48
21127,3497,2850,55.1
21129,2060,573,78.24
21131,2930,815,78.24
21133,6006,1671,78.23
21135,2737,2099,56.6
21137,4804,4474,51.78
21139,2075,1525,57.64
21141,5903,4730,55.52
21143,1791,1470,54.92
21145,12816,13879,48.01
21147,4109,2288,64.23
21149,1535,2034,43.01
21151,22383,13719,62.0
21153,3143,1420,68.88
21155,3254,4235,43.45
21157,5977,6472,48.01
21159,3048,1378,68.87
21161,3582,2747,56.6
21163,4987,6490,43.45
21165,1280,981,56.61
21167,4237,5352,44.19
21169,2212,1773,55.51
21171,2441,1956,55.52
21173,5884,4512,56.6
21175,2872,2203,56.59
21177,7219,5304,57.65
21179,7768,10111,43.45
21181,1327,1638,44.76
21183,3989,5288,43.0
21185,7618,16397,31.72
21187,1912,2560,42.75
21189,1128,314,78.22
21191,2483,3324,42.76
21193,7936,2208,78.23
21195,15841,7160,68.87
21197,3169,1943,61.99
21199,15824,8812,64.23
21201,458,351,56.61
21203,4019,2213,64.49
21205,5160,3957,56.6
21207,4122,2876,58.9
21209,10062,12425,44.75
21211,5417,11659,31.72
21213,4218,3380,55.51
21215,3004,4466,40.21
21217,5962,4159,58.91
21219,2524,2072,54.92
21221,2899,2381,54.91
21223,955,2055,31.73
21225,2292,3039,42.99
21227,25029,28064,47.14
21229,1999,2601,43.46
21231,4758,2650,64.23
21233,2184,2895,43.0
21235,9574,4245,69.28
21237,1829,509,78.23
21239,5027,6350,44.19
22001,11917,10259,53.74
22003,3693,3885,48.73
22005,23256,24897,48.3
22007,4247,4010,51.44
22009,7779,5926,56.76
22011,5932,6242,48.73
22013,3048,1824,62.56
22015,24105,25078,49.01
22017,56968,39536,59.03
22019,38394,33864,53.13
22021,2228,1241,64.23
22023,1055,821,56.24
22025,1746,1330,56.76
22027,3327,1990,62.57
22029,3663,2790,56.76
22031,6296,3766,62.57
22033,95194,80568,54.16
22035,1724,960,64.23
22037,3534,3497,50.26
22039,8676,3880,69.1
22041,4572,2546,64.23
22043,4345,3310,56.76
22045,15099,10650,58.64
22047,5470,5413,50.26
22049,3474,1935,64.23
22051,92824,86591,51.74
22053,6049,4706,56.24
22055,40502,57505,41.33
22057,19692,18593,51.44
22059,2898,2207,56.77
22061,11369,6801,62.57
22063,23337,28769,44.79
22065,2314,1289,64.22
22067,5923,3299,64.23
22069,8811,5271,62.57
22071,88313,70513,55.6
22073,35795,25863,58.05
22075,4657,4007,53.75
22077,3755,3715,50.27
22079,27643,20410,57.53
22081,1789,1070,62.57
22083,4634,2581,64.23
22085,5204,3113,62.57
22087,8668,7458,53.75
22089,8923,9957,47.26
22091,1792,2209,44.79
22093,3430,3827,47.26
22095,7213,8049,47.26
22097,22132,9898,69.1
22099,11178,7885,58.64
22101,9814,9441,50.97
22103,41784,61756,40.36
22105,28878,21188,57.68
22107,959,534,64.23
22109,21764,20935,50.97
22111,4878,2717,64.23
22113,11875,10222,53.74
22115,10365,7653,57.53
22117,9858,7233,57.68
22119,6922,7202,49.01
22121,4920,4869,50.26
22123,2255,1256,64.23
22125,2769,2740,50.26
22127,2696,2054,56.76
23001,18301,28022,39.51
23003,15965,14267,52.81
23005,41735,92195,31.16
23007,7000,6065,53.58
23009,9930,15276,39.4
23011,22595,31208,42.0
23013,7269,11182,39.4
23015,6305,9699,39.4
23017,13733,11898,53.58
23019,32386,33487,49.16
23021,3992,3459,53.58
23023,4323,11124,27.99
23025,11999,10396,53.58
23027,7088,10904,39.4
23029,7397,6611,52.81
23031,26122,61688,29.75
24001,12927,15618,45.29
24003,62031,162772,27.59
24005,126949,205576,38.18
24009,8984,25317,26.19
24011,5186,8234,38.64
24013,16139,48023,25.15
24015,16149,24851,39.39
24017,18820,40661,31.64
24019,5068,8047,38.64
24021,28438,75247,27.43
24023,5466,6604,45.29
24025,31026,70170,30.66
24027,28533,92012,23.67
24029,2989,4746,38.64
24031,117105,271104,30.17
24033,145326,200979,41.96
24035,7769,12337,38.64
24037,11011,31021,26.2
24039,4718,5132,47.9
24041,5844,9279,38.64
24043,28156,32485,46.43
24045,19850,21590,47.9
24047,10053,10934,47.9
24510,138663,115707,54.51
25001,35648,67370,34.6
25003,26909,30786,46.64
25005,111978,121413,47.98
25007,3129,6047,34.1
25009,134550,175003,43.47
25011,11522,15883,42.04
25013,97159,86922,52.78
25015,26608,37737,41.35
25017,209028,426666,32.88
25019,2165,4185,34.09
25021,91327,185106,33.04
25023,73590,128777,36.36
25025,155403,160104,49.26
25027,137905,196049,41.29
26001,2381,2485,48.93
26003,1744,1794,49.29
26005,16748,27723,37.66
26007,6768,7065,48.93
26009,4518,5964,43.1
26011,3442,3562,49.14
26013,1641,1839,47.16
26015,10106,14561,40.97
26017,18908,25957,42.14
26019,2756,4767,36.63
26021,30118,35646,45.8
26023,7132,9833,42.04
26025,21743,31328,40.97
26027,10125,10232,49.74
26029,5025,6633,43.1
26031,5989,6251,48.93
26033,7253,7463,49.29
26035,6072,5741,51.4
26037,11211,20781,35.04
26039,3041,3175,48.92
26041,7276,7486,49.29
26043,5220,5850,47.15
26045,15469,28675,35.04
26047,6579,8684,43.1
26049,85629,81813,51.14
26051,5823,6026,49.14
26053,2893,3242,47.16
26055,14612,25270,36.64
26057,8219,7770,51.4
26059,8480,9260,47.8
26061,7516,8424,47.15
26063,5807,7461,43.77
26065,51935,63814,44.87
26067,11510,13378,46.25
26069,5788,5989,49.15
26071,2341,2624,47.15
26073,12673,11981,51.4
26075,24206,37731,39.08
26077,45598,60044,43.16
26079,3460,4568,43.1
26081,92417,160675,36.52
26083,410,460,47.13
26085,2113,2658,44.29
26087,14574,20374,41.7
26089,3421,5917,36.64
26091,18433,20127,47.8
26093,18701,56670,24.81
26095,1053,1083,49.3
26097,2137,2199,49.29
26099,148406,209794,41.43
26101,3840,6641,36.64
26103,13285,14888,47.16
26105,5075,6384,44.29
26107,6843,7953,46.25
26109,4633,4767,49.29
26111,15204,20871,42.15
26113,2904,3833,43.11
26115,24463,37094,39.74
26117,11476,13339,46.25
26119,2144,2238,48.93
26121,33870,33838,50.02
26123,8728,10980,44.29
26125,170490,359792,32.15
26127,4655,5856,44.29
26129,4765,4931,49.14
26131,1169,1310,47.16
26133,3945,4585,46.25
26135,1926,2010,48.93
26137,5873,6131,48.93
26139,37192,72853,33.8
26141,3038,3171,48.93
26143,5380,5567,49.15
26145,40597,39549,50.65
26147,27458,38866,41.4
26149,9688,13357,42.04
26151,7508,9646,43.77
26153,1587,1633,49.29
26155,10702,17482,37.97
26157,9857,12665,43.77
26159,14831,14988,49.74
26161,52526,96624,35.22
26163,368229,326725,52.99
26165,6495,8573,43.1
27001,2474,3915,38.72
27003,42252,93016,31.24
27005,5546,8636,39.11
27007,7596,11282,40.24
27009,5877,10168,36.63
27011,909,1291,41.32
27013,10250,17090,37.49
27015,4194,6399,39.59
27017,5708,9031,38.73
27019,11954,28216,29.76
27021,4998,7328,40.55
27023,2218,3147,41.34
27025,7986,14148,36.08
27027,10802,16448,39.64
27029,1343,2091,39.11
27031,1015,1486,40.58
27033,1865,2880,39.3
27035,11532,15651,42.42
27037,51461,118491,30.28
27039,3396,5148,39.75
27041,6868,9748,41.33
27043,2254,3439,39.59
27045,3453,5235,39.74
27047,5002,7631,39.59
27049,7411,11771,38.64
27051,1069,1517,41.34
27053,178952,352799,33.65
27055,3065,4648,39.74
27057,3547,5200,40.55
27059,5803,10281,36.08
27061,7483,10971,40.55
27063,1618,2498,39.31
27065,2527,3997,38.73
27067,6640,11417,36.77
27069,663,1033,39.09
27071,2004,2938,40.55
27073,1183,1678,41.35
27075,1976,2892,40.59
27077,594,925,39.1
27079,4347,6774,39.09
27081,912,1409,39.29
27083,4091,6317,39.31
27085,5582,9598,36.77
27087,854,1329,39.12
27089,1424,2218,39.1
27091,3242,4945,39.6
27093,3552,6107,36.77
27095,3732,6612,36.08
27097,5932,8052,42.42
27099,6514,9876,39.74
27101,1323,2043,39.3
27103,5110,8520,37.49
27105,3608,5572,39.3
27107,1016,1582,39.11
27109,19086,46181,29.24
27111,9936,15129,39.64
27113,2206,3435,39.11
27115,4552,7202,38.73
27117,1525,2354,39.31
27119,4917,7657,39.1
27121,1990,2825,41.33
27123,87823,130980,40.14
27125,619,964,39.1
27127,2496,3854,39.31
27129,2235,3843,36.77
27131,10169,15849,39.08
27133,1570,2425,39.3
27135,2417,3764,39.1
27137,35713,50256,41.54
27139,16345,39938,29.04
27141,11322,25029,31.15
27143,2253,3874,36.77
27145,22538,38876,36.7
27147,5670,8837,39.08
27149,1703,2417,41.33
27151,1733,2460,41.33
27153,4405,5978,42.43
27155,592,841,41.31
27157,3331,5291,38.63
27159,2454,3331,42.42
27161,2875,4481,39.08
27163,27490,74980,26.83
27165,1821,2779,39.59
27167,1075,1637,39.64
27169,7736,12288,38.63
27171,13898,38546,26.5
27173,1677,2380,41.34
28001,6452,4631,58.22
28003,7900,6239,55.87
28005,2780,1995,58.22
28007,3999,2497,61.56
28009,1738,1373,55.87
28011,7182,3979,64.35
28013,2569,2510,50.58
28015,2234,1395,61.56
28017,3312,3236,50.58
28019,1749,1594,52.32
28021,1995,1432,58.21
28023,3548,2474,58.92
28025,3952,3601,52.32
28027,4726,3193,59.68
28029,5590,5037,52.6
28031,3692,2711,57.66
28033,27132,41835,39.34
28035,15131,15561,49.3
28037,1676,1203,58.21
28039,4429,4905,47.45
28041,2724,2001,57.65
28043,4834,3018,61.56
28045,8377,9276,47.45
28047,38343,42880,47.21
28049,51965,40503,56.2
28051,3800,2373,61.56
28053,1804,1000,64.34
28055,311,172,64.39
28057,4622,4516,50.58
28059,26306,30678,46.16
28061,3052,2529,54.69
28063,1584,1137,58.21
28065,2279,1673,57.67
28067,13541,9944,57.66
28069,1676,1389,54.68
28071,10808,10559,50.58
28073,12431,12784,49.3
28075,16586,11562,58.92
28077,2626,1885,58.21
28079,3967,3287,54.69
28081,15642,16409,48.8
28083,6334,3955,61.56
28085,7624,5473,58.21
28087,12486,11376,52.33
28089,15942,24290,39.63
28091,4733,4867,49.3
28093,7674,6061,55.87
28095,6619,6467,50.58
28097,2194,1370,61.56
28099,5425,4495,54.69
28101,4837,3372,58.92
28103,2181,1987,52.33
28105,10983,10006,52.33
28107,7338,4958,59.68
28109,10211,11307,47.45
28111,2227,2290,49.3
28113,8808,6323,58.21
28115,5851,6138,48.8
28117,5685,4489,55.88
28119,1365,923,59.66
28121,21213,37960,35.85
28123,5221,4326,54.69
28125,881,488,64.35
28127,3505,6272,35.85
28129,2650,2196,54.68
28131,3333,3691,47.45
28133,6019,3335,64.35
28135,2809,1898,59.68
28137,6202,4190,59.68
28139,4959,3917,55.87
28141,4285,3384,55.87
28143,2162,1461,59.67
28145,5213,5469,48.8
28147,3034,2178,58.21
28149,8810,7940,52.6
28151,10412,5769,64.35
28153,3983,2925,57.66
28155,2106,1919,52.32
28157,1876,1347,58.21
28159,3755,3421,52.33
28161,2789,1741,61.57
28163,3906,5951,39.63
29001,3875,5293,42.27
29003,3172,3830,45.3
29005,883,1165,43.12
29007,3488,5881,37.23
29009,6772,6621,50.56
29011,2484,2354,51.34
29013,1731,4500,27.78
29015,4041,3682,52.32
29017,2242,1838,54.95
29019,27659,46238,37.43
29021,14834,17913,45.3
29023,8733,7177,54.89
29025,1284,2186,37.0
29027,6485,10370,38.48
29029,6988,8018,46.57
29031,16306,16170,50.21
29033,1353,1772,43.3
29035,1078,886,54.89
29037,11636,30250,27.78
29039,3029,2871,51.34
29041,1180,1545,43.3
29043,12189,21564,36.11
29045,1015,1387,42.26
29047,30410,69312,30.49
29049,3085,5252,37.0
29051,11319,18101,38.47
29053,2725,3569,43.3
29055,3755,5337,41.3
29057,1617,1532,51.35
29059,3556,3241,52.32
29061,1405,1854,43.11
29063,1930,2330,45.31
29065,2990,2457,54.89
29067,2589,1944,57.11
29069,6001,4920,54.95
29071,17049,24233,41.3
29073,2627,2890,47.62
29075,1026,1353,43.13
29077,55478,73667,42.96
29079,1634,2156,43.11
29081,1359,1793,43.12
29083,4685,4440,51.34
29085,1724,1571,52.32
29087,703,928,43.1
29089,1616,2116,43.3
29091,8892,6677,57.11
29093,1976,1624,54.89
29095,115171,187710,38.03
29097,21627,25502,45.89
29099,27932,60874,31.45
29101,7868,13396,37.0
29103,573,783,42.26
29105,7508,6842,52.32
29107,4804,8179,37.0
29109,8112,7688,51.34
29111,1536,2098,42.27
29113,8322,14033,37.23
29115,1978,2610,43.11
29117,2425,3200,43.11
29119,4568,4467,50.56
29121,2328,3180,42.27
29123,2618,2152,54.88
29125,1497,1647,47.61
29127,4366,5964,42.27
29129,590,778,43.13
29131,4041,4637,46.57
29133,2669,2188,54.95
29135,2530,2904,46.56
29137,1326,1811,42.27
29139,1582,2667,37.23
29141,3434,3941,46.56
29143,3487,2859,54.95
29145,10332,12184,45.89
29147,3537,4667,43.11
29149,1933,1451,57.12
29151,2358,2595,47.61
29153,1913,1436,57.12
29155,3323,2724,54.95
29157,3565,3616,49.64
29159,6846,8965,43.3
29161,7925,8721,47.61
29163,2458,4144,37.23
29165,13222,30994,29.9
29167,6568,5985,52.32
29169,9580,10543,47.61
29171,780,1030,43.09
29173,1585,2165,42.27
29175,3937,5156,43.3
29177,3373,5742,37.0
29179,1265,1039,54.9
29181,2215,1820,54.89
29183,33242,124643,21.05
29185,1982,1879,51.33
29186,3476,3526,49.64
29187,12590,12770,49.65
29189,134663,277181,32.7
29195,3717,4867,43.3
29197,672,887,43.1
29199,721,985,42.26
29201,7596,7533,50.21
29203,1457,1197,54.9
29205,935,1277,42.27
29207,6085,4988,54.95
29209,6092,5956,50.56
29211,998,1317,43.11
29213,10993,10748,50.56
29215,5477,4112,57.12
29217,4207,3987,51.34
29219,4963,8369,37.23
29221,4424,4487,49.65
29223,2276,1871,54.88
29225,5363,9488,36.11
29227,328,433,43.1
29229,4069,3055,57.12
29510,67039,73681,47.64
30001,1611,2400,40.16
30003,1990,3101,39.09
30005,1167,1700,40.7
30007,1122,1634,40.71
30009,1735,2528,40.7
30011,214,333,39.12
30013,14414,20072,41.8
30015,977,1423,40.71
30017,1799,2803,39.09
30019,252,393,39.07
30021,1355,2112,39.08
30023,1619,2412,40.16
30025,462,719,39.12
30027,1895,2761,40.7
30029,17622,24941,41.4
30031,18044,32373,35.79
30033,178,277,39.12
30035,2327,3294,41.4
30037,136,198,40.72
30039,569,848,40.16
30041,2701,3936,40.7
30043,2001,2916,40.7
30045,335,488,40.7
30047,5689,7657,42.63
30049,12119,16876,41.8
30051,324,472,40.7
30053,3323,4704,41.4
30055,261,407,39.07
30057,1482,2208,40.16
30059,320,466,40.71
30061,828,1114,42.64
30063,21544,28995,42.63
30065,716,1115,39.1
30067,2848,4150,40.7
30069,82,120,40.59
30071,698,1017,40.7
30073,977,1423,40.71
30075,257,400,39.12
30077,1194,1779,40.16
30079,164,256,39.05
30081,7593,11312,40.16
30083,1743,2715,39.1
30085,1637,2550,39.1
30087,1263,1968,39.09
30089,2265,3049,42.62
30091,536,835,39.1
30093,6039,8996,40.17
30095,1485,2163,40.71
30097,609,888,40.68
30099,1031,1502,40.7
30101,823,1200,40.68
30103,115,179,39.12
30105,1148,1789,39.09
30107,344,501,40.71
30109,142,221,39.12
30111,28680,39428,42.11
31001,4439,8160,35.23
31003,875,1550,36.08
31005,71,107,39.89
31007,124,151,45.09
31009,64,108,37.21
31011,747,1323,36.09
31013,1996,2421,45.19
31015,332,403,45.17
31017,534,648,45.18
31019,7123,13095,35.23
31021,934,1654,36.09
31023,1212,2211,35.41
31025,3575,6876,34.21
31027,1162,2059,36.08
31029,649,966,40.19
31031,1005,1219,45.19
31033,1743,2114,45.19
31035,868,1596,35.23
31037,1468,2600,36.09
31039,1252,2218,36.08
31041,1587,2647,37.48
31043,2997,5309,36.08
31045,1510,1832,45.18
31047,4012,5979,40.16
31049,338,410,45.19
31051,777,1377,36.07
31053,4995,9609,34.2
31055,86686,149441,36.71
31057,276,411,40.17
31059,805,1468,35.42
31061,411,755,35.25
31063,419,624,40.17
31065,771,1149,40.16
31067,3145,5736,35.41
31069,346,420,45.17
31071,273,455,37.5
31073,315,469,40.18
31075,102,152,40.16
31077,329,549,37.47
31079,9465,15789,37.48
31081,1418,2366,37.47
31083,437,804,35.21
31085,143,213,40.17
31087,436,649,40.18
31089,1864,2261,45.19
31091,119,178,40.07
31093,974,1624,37.49
31095,1048,1912,35.41
31097,767,1398,35.43
31099,951,1748,35.24
31101,1387,2067,40.16
31103,142,172,45.22
31105,632,766,45.21
31107,1165,2064,36.08
31109,47467,83950,36.12
31111,5770,8599,40.16
31113,119,178,40.07
31115,91,152,37.45
31117,66,99,40.0
31119,4939,8750,36.08
31121,1154,1925,37.48
31123,840,1018,45.21
31125,470,832,36.1
31127,1024,1868,35.41
31129,582,1069,35.25
31131,2305,4203,35.42
31133,369,674,35.38
31135,475,708,40.15
31137,1276,2345,35.24
31139,1016,1800,36.08
31141,4760,8432,36.08
31143,755,1377,35.41
31145,1781,2653,40.17
31147,1140,2079,35.41
31149,233,283,45.16
31151,2071,3776,35.42
31153,17684,54723,24.42
31155,2994,5760,34.2
31157,6643,8057,45.19
31159,2552,4654,35.41
31161,944,1146,45.17
31163,445,742,37.49
31165,210,255,45.16
31167,811,1436,36.09
31169,729,1329,35.42
31171,111,165,40.22
31173,939,1664,36.07
31175,612,1020,37.5
31177,2804,5395,34.2
31179,1347,2386,36.08
31181,482,886,35.23
31183,116,193,37.54
31185,2047,3733,35.42
32001,4237,5615,43.01
32003,397475,456815,46.53
32005,8250,11693,41.37
32007,8920,11820,43.01
32009,120,160,42.86
32011,307,407,43.0
32013,2871,3804,43.01
32015,951,1260,43.01
32017,746,989,43.0
32019,9876,13999,41.37
32021,755,1001,43.0
32023,8568,11354,43.01
32027,1104,1464,42.99
32029,683,968,41.37
32031,75174,122837,37.96
32033,1508,1998,43.01
32510,9776,13857,41.37
33001,9781,16643,37.02
33003,7695,13093,37.02
33005,10139,18615,35.26
33007,4592,7767,37.16
33009,13380,22631,37.16
33011,49710,118319,29.58
33013,21598,38146,36.15
33015,31023,95523,24.52
33017,15512,36830,29.64
33019,6324,10697,37.15
34001,46914,65300,41.81
34003,102671,249397,29.16
34005,51314,124478,29.19
34007,84769,116600,42.1
34009,16477,32471,33.66
34011,28615,26392,52.02
34013,154161,167415,47.94
34015,37853,74472,33.7
34017,129509,162438,44.36
34019,9958,41120,19.5
34021,53294,90723,37.01
34023,108164,200386,35.06
34025,70037,180068,28.0
34027,43789,149107,22.7
34029,88948,151857,36.94
34031,91417,86478,51.39
34033,11064,12757,46.45
34035,28896,102272,22.03
34037,15573,43141,26.52
34039,78534,122905,38.99
34041,16480,29730,35.66
35001,140103,144149,49.29
35003,808,517,60.98
35005,15909,9681,62.17
35006,6214,2055,75.15
35007,3026,1841,62.17
35009,11825,7196,62.17
35011,414,252,62.16
35013,51275,33747,60.31
35015,11403,10708,51.57
35017,6376,4078,60.99
35019,1086,661,62.16
35021,161,98,62.16
35023,944,604,60.98
35025,13626,12794,51.57
35027,4584,2932,60.99
35028,4023,4080,49.65
35029,5749,3678,60.98
35031,16672,5515,75.14
35033,867,879,49.66
35035,15344,9814,60.99
35037,2136,1300,62.17
35039,8363,8483,49.64
35041,4687,2853,62.16
35043,24464,32061,43.28
35045,25138,15670,61.6
35047,5637,5718,49.64
35049,28074,41094,40.59
35051,2620,1676,60.99
35053,3753,2400,60.99
35055,7147,7250,49.64
35057,3102,2867,51.97
35059,998,607,62.18
35061,15708,14519,51.97
36001,51800,80370,39.19
36003,9308,9601,49.23
36005,379146,153928,71.12
36007,39671,46501,46.04
36009,15435,15920,49.23
36011,13094,18380,41.6
36013,28652,24641,53.76
36015,16335,19684,45.35
36017,9309,11000,45.84
36019,15003,18817,44.36
36021,10567,14053,42.92
36023,7904,10281,43.46
36025,8733,10319,45.84
36027,40196,77028,34.29
36029,177042,235829,42.88
36031,7023,8808,44.36
36033,8935,11206,44.36
36035,9481,12175,43.78
36037,9976,13608,42.3
36039,8226,10939,42.92
36041,961,1205,44.37
36043,11192,13020,46.23
36045,20521,28298,42.03
36047,554479,447382,55.34
36049,4674,6445,42.04
36051,9637,15609,38.17
36053,11484,14936,43.47
36055,134380,184497,42.14
36057,8808,11311,43.78
36059,142173,317249,30.95
36061,290089,447487,39.33
36063,42206,48768,46.39
36065,43829,49998,46.71
36067,90608,108443,45.52
36069,17526,28384,38.17
36071,52618,85065,38.22
36073,6893,9402,42.3
36075,22523,24421,47.98
36077,9976,12487,44.41
36079,11497,24696,31.77
36081,441926,377928,53.9
36083,26389,40043,39.72
36085,71310,99451,41.76
36087,40142,62138,39.25
36089,21321,21010,50.37
36091,29332,70894,29.27
36093,27044,39866,40.42
36095,5066,6341,44.41
36097,3172,4393,41.93
36099,6106,8053,43.12
36101,17084,22631,43.02
36103,158535,354280,30.91
36105,14829,18700,44.23
36107,9276,11422,44.82
36109,17831,26638,40.1
36111,28670,45371,38.72
36113,12085,16162,42.78
36115,11268,15068,42.79
36117,16485,21742,43.12
36119,127083,244519,34.2
36121,6923,9444,42.3
36123,4474,5900,43.13
37001,27569,41952,39.66
37003,6980,7506,48.18
37005,2477,2030,54.96
37007,3212,4671,40.75
37009,5525,5560,49.84
37011,3702,3726,49.84
37013,8217,11006,42.75
37015,3301,4421,42.75
37017,7225,3998,64.38
37019,22691,42606,34.75
37021,37974,60096,38.72
37023,16762,19450,46.29
37025,29638,46624,38.86
37027,15448,16614,48.18
37029,1923,2438,44.1
37031,12938,15745,45.11
37033,4167,4488,48.15
37035,28882,35530,44.84
37037,12611,17710,41.59
37039,6491,6820,48.76
37041,2546,3229,44.09
37043,2501,2628,48.76
37045,19819,21235,48.28
37047,12353,6836,64.38
37049,19253,23432,45.1
37051,65059,64905,50.06
37053,5218,6616,44.09
37055,6793,9098,42.75
37057,32142,34328,48.36
37059,7435,10233,42.08
37061,11306,7439,60.31
37063,49582,89095,35.75
37065,9868,9459,51.06
37067,72875,82920,46.78
37069,13477,12505,51.87
37071,44998,48967,47.89
37073,1946,2468,44.09
37075,1830,1801,50.4
37077,11178,12040,48.14
37079,4154,3847,51.92
37081,89773,122798,42.23
37083,12360,7662,61.73
37085,23237,26536,46.69
37087,14143,13918,50.4
37089,19792,29014,40.55
37091,5479,3396,61.74
37093,11044,8339,56.98
37095,846,1133,42.75
37097,24674,47841,34.03
37099,9726,10219,48.76
37101,38173,44653,46.09
37103,1937,1791,51.96
37105,10461,14690,41.59
37107,11647,10767,51.96
37109,15704,20577,43.28
37111,8531,9900,46.29
37113,8351,8774,48.76
37115,4827,4750,50.4
37117,4054,5429,42.75
37119,148166,309834,32.35
37121,3097,3117,49.84
37123,4428,6593,40.18
37125,17153,25538,40.18
37127,19165,18371,51.06
37129,37043,66020,35.94
37131,4442,2753,61.74
37133,33171,40453,45.05
37135,19333,36639,34.54
37137,2259,3025,42.75
37139,7533,9552,44.09
37141,8254,15846,34.25
37143,2415,3062,44.09
37145,7165,7717,48.15
37147,36486,39051,48.3
37149,4183,3689,53.14
37151,24890,31204,44.37
37153,9107,6876,56.98
37155,28431,15734,64.37
37157,19822,19370,50.58
37159,27603,29640,48.22
37161,13949,12304,53.13
37163,13701,9015,60.31
37165,7247,5471,56.98
37167,9218,12571,42.31
37169,9688,9468,50.57
37171,16228,13298,54.96
37173,3216,3165,50.4
37175,5615,8231,40.55
37177,598,801,42.74
37179,28140,55421,33.68
37181,8369,7766,51.87
37183,122895,316826,27.95
37185,4739,2938,61.73
37187,2026,2713,42.75
37189,11242,11314,49.84
37191,24329,22616,51.82
37193,15001,12293,54.96
37195,16004,14819,51.92
37197,6479,8917,42.08
37199,3839,3864,49.84
38001,283,567,33.29
38003,1784,2686,39.91
38005,981,1477,39.91
38007,122,244,33.33
38009,836,1638,33.79
38011,384,771,33.25
38013,289,566,33.8
38015,12048,27297,30.62
38017,25376,58385,30.3
38019,598,963,38.31
38021,822,1237,39.92
38023,281,564,33.25
38025,527,1056,33.29
38027,386,582,39.88
38029,542,816,39.91
38031,559,842,39.9
38033,223,448,33.23
38035,11807,19017,38.3
38037,296,594,33.26
38039,379,570,39.94
38041,321,643,33.3
38043,394,593,39.92
38045,674,1014,39.93
38047,308,463,39.95
38049,701,1373,33.8
38051,417,627,39.94
38053,1890,3791,33.27
38055,1282,2511,33.8
38057,1095,2144,33.81
38059,4074,9230,30.62
38061,1287,2520,33.81
38063,487,784,38.32
38065,246,482,33.79
38067,1105,1780,38.3
38069,657,988,39.94
38071,1873,3017,38.3
38073,938,1412,39.91
38075,300,587,33.82
38077,2719,4092,39.92
38079,2004,3016,39.92
38081,636,957,39.92
38083,166,325,33.81
38085,500,1004,33.24
38087,91,183,33.21
38089,4325,8673,33.27
38091,289,466,38.28
38093,3552,5346,39.92
38095,356,537,39.87
38097,1291,2079,38.31
38099,1705,2746,38.31
38101,9173,17964,33.8
38103,655,986,39.91
38105,5263,10555,33.27
39001,5820,4695,55.35
39003,21052,19969,51.32
39005,8477,11616,42.19
39007,15453,22936,40.25
39009,12146,11802,50.72
39011,7124,11527,38.2
39013,11727,14451,44.8
39015,7664,8742,46.71
39017,58208,87850,39.85
39019,4541,6163,42.42
39021,5942,9613,38.2
39023,27109,29904,47.55
39025,32317,52223,38.23
39027,7699,8951,46.24
39029,19635,21534,47.69
39031,5918,8109,42.19
39033,7954,9575,45.38
39035,255794,301328,45.91
39037,7981,12820,38.37
39039,5313,10329,33.97
39041,16501,64139,20.46
39043,13128,17945,42.25
39045,24019,35809,40.15
39047,5304,6166,46.24
39049,214197,335488,38.97
39051,6478,10852,37.38
39053,6319,4773,56.97
39055,15110,22427,40.25
39057,23602,44242,34.79
39059,6778,8352,44.8
39061,142894,210765,40.4
39063,11128,19405,36.45
39065,4558,7949,36.44
39067,2435,3561,40.61
39069,4195,7028,37.38
39071,7936,9226,46.24
39073,5555,5545,50.05
39075,7148,9795,42.19
39077,10165,13895,42.25
39079,7062,5334,56.97
39081,12574,13791,47.69
39083,10246,13419,43.3
39085,32420,66996,32.61
39087,12594,9513,56.97
39089,24991,42506,37.03
39091,7082,11458,38.2
39093,48152,77100,38.44
39095,88502,97136,47.67
39097,5116,10974,31.8
39099,50249,47570,51.37
39101,10678,13984,43.3
39103,20208,52064,27.96
39105,4321,4199,50.72
39107,5902,11473,33.97
39109,15219,28676,34.67
39111,2361,2910,44.79
39113,100129,126406,44.2
39115,2708,2672,50.33
39117,5710,7478,43.3
39119,16946,16722,50.33
39121,2490,3068,44.8
39123,6509,10486,38.3
39125,2609,5073,33.96
39127,6945,6853,50.33
39129,6834,14659,31.8
39131,5738,4629,55.35
39133,25611,37487,40.59
39135,6305,10128,38.37
39137,5223,8751,37.38
39139,21918,27618,44.25
39141,15269,15240,50.05
39143,9498,15303,38.3
39145,15676,12645,55.35
39147,10422,12546,45.38
39149,7419,11917,38.37
39151,68667,89036,43.54
39153,97920,131152,42.75
39155,40263,45653,46.86
39157,15679,22932,40.61
39159,7329,15721,31.8
39161,4014,7804,33.97
39163,2535,2530,50.05
39165,23215,66352,25.92
39167,11629,11299,50.72
39169,17788,26369,40.28
39171,5150,10012,33.97
39173,19638,33877,36.7
39175,4144,4988,45.38
40001,4634,2887,61.61
40003,1060,1009,51.23
40005,2907,2623,52.57
40007,939,894,51.23
40009,4647,3908,54.32
40011,1626,1548,51.23
40013,9474,8546,52.57
40015,5587,4699,54.32
40017,20241,37505,35.05
40019,9250,9053,50.54
40021,11187,6970,61.61
40023,3191,2282,58.3
40025,426,406,51.2
40027,48690,67428,41.93
40029,1083,977,52.57
40031,23495,21895,51.76
40033,1071,998,51.76
40035,2898,2594,52.77
40037,13868,13843,50.05
40039,5914,4974,54.32
40041,8300,7429,52.77
40043,834,795,51.2
40045,697,664,51.21
40047,10077,13551,42.65
40049,3843,5897,39.46
40051,8206,12593,39.45
40053,669,900,42.64
40055,1140,958,54.34
40057,517,435,54.31
40059,609,580,51.22
40061,2596,1856,58.31
40063,2849,2268,55.68
40065,5141,4324,54.32
40067,1029,1007,50.54
40069,2114,1907,52.57
40071,7007,9423,42.65
40073,2825,2690,51.22
40075,1765,1484,54.32
40077,2122,1517,58.31
40079,10807,7729,58.3
40081,5253,7017,42.81
40083,9077,9355,49.25
40085,1956,1914,50.54
40087,6240,9576,39.45
40089,6920,4949,58.3
40091,4037,3213,55.68
40093,1447,1378,51.22
40095,3149,2841,52.57
40097,8022,7180,52.77
40099,2679,2621,50.55
40101,12468,13227,48.52
40103,1751,2355,42.64
40105,1482,2081,41.59
40107,2410,1918,55.68
40109,144599,180252,44.51
40111,7094,7080,50.05
40113,8993,8812,50.51
40115,6223,5570,52.77
40117,3052,2990,50.51
40119,14955,15413,49.25
40121,9329,7426,55.68
40123,7828,7061,52.58
40125,11377,15195,42.82
40127,2427,1736,58.3
40129,640,609,51.24
40131,15152,21274,41.6
40133,5020,3996,55.68
40135,9335,5816,61.61
40137,8258,8082,50.54
40139,3979,3789,51.22
40141,1444,1214,54.33
40143,120429,150121,44.51
40145,15221,16147,48.52
40147,10296,10088,50.51
40149,2265,1905,54.32
40151,1605,1529,51.21
40153,3809,3627,51.22
41001,3175,3084,50.73
41003,18642,20004,48.24
41005,56231,105698,34.73
41007,7617,9899,43.49
41009,9752,12673,43.49
41011,14642,12425,54.1
41013,4351,5840,42.69
41015,5289,4488,54.1
41017,33687,49195,40.64
41019,22835,23087,49.73
41021,387,390,49.81
41023,1400,1412,49.79
41025,1735,1192,59.28
41027,4642,4682,49.79
41029,44455,46373,48.94
41031,4311,5785,42.7
41033,19868,16859,54.1
41035,16061,11033,59.28
41037,1889,1298,59.27
41039,78017,82131,48.72
41041,8699,11026,44.1
41043,25171,27023,48.23
41045,7306,5019,59.28
41047,59511,65127,47.75
41049,2359,2379,49.79
41051,144890,203408,41.6
41053,15095,19132,44.1
41055,361,364,49.79
41057,5080,6602,43.49
41059,15344,15107,50.39
41061,4993,4849,50.73
41063,1409,1368,50.74
41065,5163,5208,49.78
41067,82645,150845,35.4
41069,281,283,49.82
41071,17789,22210,44.47
42001,12741,27483,31.68
42003,197209,348778,36.12
42005,13626,13130,50.93
42007,30506,40231,43.13
42009,9216,9936,48.12
42011,72231,92082,43.96
42013,21605,25955,45.43
42015,10694,13428,44.33
42017,74258,173866,29.93
42019,27467,54056,33.69
42021,25731,29869,46.28
42023,873,937,48.23
42025,9342,15213,38.05
42027,24283,33238,42.22
42029,53352,150695,26.15
42031,6733,7689,46.69
42033,15459,16599,48.22
42035,6325,8825,41.75
42037,11259,14131,44.34
42039,15805,17946,46.83
42041,32624,72177,31.13
42043,50010,70413,41.53
42045,85682,132597,39.25
42047,5946,6385,48.22
42049,49212,61349,44.51
42051,27554,28626,49.05
42053,1261,1440,46.69
42055,22312,39554,36.07
42057,2819,3039,48.12
42059,5845,8704,40.17
42061,7757,9319,45.43
42063,17300,16671,50.93
42065,8044,9186,46.69
42067,3468,5031,40.8
42069,40450,48318,45.57
42071,78968,131094,37.59
42073,15196,21753,41.13
42075,21447,33459,39.06
42077,61504,81146,43.12
42079,61399,72546,45.84
42081,19281,26904,41.75
42083,7757,8330,48.22
42085,20514,26169,43.94
42087,6806,9874,40.8
42089,26561,39345,40.3
42091,94609,240693,28.22
42093,3339,4236,44.08
42095,41822,81905,33.8
42097,16872,21408,44.08
42099,6602,11405,36.66
42101,366885,293989,55.52
42103,10453,12930,44.7
42105,3145,3378,48.21
42107,26778,31434,46.0
42109,5861,8503,40.8
42111,14358,15480,48.12
42113,1041,1308,44.32
42115,6852,8604,44.33
42117,7319,9189,44.34
42119,6297,9135,40.8
42121,9123,10419,46.68
42123,7265,8248,46.83
42125,31670,55949,36.15
42127,9136,11301,44.7
42129,61603,92733,39.91
42131,4545,6287,41.96
42133,61712,117187,34.5
44001,7892,13883,36.24
44003,28853,44632,39.26
44005,13307,23408,36.24
44007,122203,131959,48.08
44009,17786,36258,32.91
45001,4139,5545,42.74
45003,29337,36664,44.45
45005,1589,1606,49.73
45007,34339,46244,42.61
45009,2631,2659,49.74
45011,5018,2835,63.9
45013,31196,45166,40.85
45015,32714,57521,36.25
45017,3441,1944,63.9
45019,56538,109916,33.97
45021,10073,13114,43.44
45023,6015,7028,46.12
45025,8521,8606,49.75
45027,6971,5294,56.84
45029,7630,7711,49.74
45031,12388,12511,49.75
45033,5586,5308,51.28
45035,22462,37225,37.63
45037,4430,5717,43.66
45039,3900,4556,46.12
45041,28739,24673,53.81
45043,14192,10778,56.84
45045,83522,127970,39.49
45047,11975,15454,43.66
45049,3670,3709,49.74
45051,64568,81888,44.09
45053,4190,7770,35.03
45055,11860,14000,45.86
45057,17881,20891,46.12
45059,12408,15006,45.26
45061,3807,2728,58.26
45063,48316,73688,39.6
45065,1645,2123,43.66
45067,5763,5476,51.28
45069,5251,5303,49.75
45071,6931,8382,45.26
45073,15535,17131,47.56
45075,20531,11600,63.9
45077,26135,29045,47.36
45079,76535,88722,46.31
45081,3258,4205,43.66
45083,56051,72547,43.59
45085,24308,17417,58.26
45087,5005,6053,45.26
45089,6946,5275,56.84
45091,42729,70168,37.85
46003,410,661,38.28
46005,2857,4603,38.3
46007,527,616,46.11
46009,1045,1684,38.29
46011,5127,8261,38.3
46013,4883,10781,31.17
46015,783,1261,38.31
46017,304,355,46.13
46019,1644,2700,37.85
46021,176,388,31.21
46023,1461,1708,46.1
46025,488,1078,31.16
46027,1636,4104,28.5
46029,3612,7975,31.17
46031,608,711,46.1
46033,1337,2195,37.85
46035,2977,4796,38.3
46037,695,1534,31.18
46039,548,1209,31.19
46041,817,955,46.11
46043,422,681,38.26
46045,509,1123,31.19
46047,1088,1271,46.12
46049,270,597,31.14
46051,963,2127,31.17
46053,622,727,46.11
46055,291,341,46.04
46057,786,1735,31.18
46059,468,755,38.27
46061,517,832,38.32
46063,211,346,37.88
46065,2769,3237,46.1
46067,1107,1784,38.29
46069,197,231,46.03
46071,437,511,46.1
46073,248,400,38.27
46075,143,167,46.13
46077,773,1245,38.31
46079,1650,2658,38.3
46081,4138,6794,37.85
46083,7595,19242,28.3
46085,580,678,46.1
46087,622,1559,28.52
46089,308,679,31.21
46091,549,1213,31.16
46093,4795,7872,37.85
46095,299,350,46.07
46097,342,552,38.26
46099,23532,59827,28.23
46101,945,1522,38.31
46102,2131,2492,46.1
46103,17541,28799,37.85
46105,455,747,37.85
46107,314,694,31.15
46109,1310,2892,31.18
46111,348,561,38.28
46115,811,1791,31.17
46117,464,542,46.12
46119,226,264,46.12
46121,1453,1698,46.11
46123,876,1024,46.11
46125,949,2380,28.51
46127,1838,4610,28.5
46129,678,1496,31.19
46135,2549,6393,28.51
46137,376,440,46.08
47001,13797,17208,44.5
47003,8223,11711,41.25
47005,3225,3166,50.46
47007,2782,3017,47.97
47009,18869,36577,34.03
47011,20172,22624,47.14
47013,9260,7022,56.87
47015,3182,2571,55.31
47017,5782,5676,50.46
47019,12375,10849,53.29
47021,6405,9294,40.8
47023,3381,3539,48.86
47025,7556,5730,56.87
47027,1691,1473,53.45
47029,6961,6678,51.04
47031,10623,12363,46.22
47033,2719,2691,50.26
47035,12961,13409,49.15
47037,118563,197130,37.56
47039,2507,1967,56.03
47041,4406,3560,55.31
47043,8470,12291,40.8
47045,7427,7161,50.91
47047,7090,8806,44.6
47049,3919,4054,49.15
47051,7849,9135,46.21
47053,9857,9754,50.26
47055,5314,6284,45.82
47057,4853,4086,54.29
47059,15762,13099,54.61
47061,2722,2569,51.45
47063,13301,11200,54.29
47065,58699,93070,38.68
47067,1571,1191,56.88
47069,5581,4377,56.05
47071,5883,4613,56.05
47073,12745,10592,54.61
47075,3491,3455,50.26
47077,6104,4787,56.05
47079,6545,6426,50.46
47081,3887,5640,40.8
47083,1683,1652,50.46
47085,3860,3790,50.46
47087,2550,2060,55.31
47089,11277,9495,54.29
47091,3941,3455,53.29
47093,76302,122765,38.33
47095,1414,1364,50.9
47097,4914,4862,50.27
47099,7733,9145,45.82
47101,2204,2607,45.81
47103,5780,8232,41.25
47105,8998,13469,40.05
47107,9940,10780,47.97
47109,5671,4448,56.04
47111,5533,4470,55.31
47113,19265,20166,48.86
47115,5799,5473,51.45
47117,5617,8000,41.25
47119,15685,24355,39.17
47121,2380,2582,47.96
47123,7582,11349,40.05
47125,37647,46485,44.75
47127,1185,1380,46.2
47129,3763,4694,44.5
47131,6212,5989,50.91
47133,5016,4370,53.44
47135,1465,1732,45.82
47137,1114,971,53.43
47139,3259,3655,47.14
47141,17798,15504,53.44
47143,6132,6651,47.97
47145,9554,11916,44.5
47147,10821,17528,38.17
47149,42354,79615,34.73
47151,5150,3906,56.87
47153,3184,3004,51.45
47155,19022,18250,51.04
47157,179830,186763,49.05
47159,4368,3529,55.31
47161,2776,2726,50.45
47163,33806,33823,49.99
47165,28330,48910,36.68
47167,10295,12788,44.6
47169,2548,2058,55.32
47171,3936,3451,53.28
47173,4668,3540,56.87
47175,1241,1171,51.45
47177,8237,7774,51.45
47179,24982,31571,44.17
47181,2842,3360,45.82
47183,6639,6401,50.91
47185,5799,5999,49.15
47187,16667,75164,18.15
47189,15675,39440,28.44
48001,10619,9859,51.86
48003,3345,3403,49.57
48005,17905,15210,54.07
48007,4295,4375,49.54
48009,1465,1763,45.38
48011,286,366,43.87
48013,7626,9028,45.79
48015,5292,6212,46.0
48017,1306,1135,53.5
48019,3245,3842,45.79
48021,14629,21730,40.23
48023,593,714,45.37
48025,5594,5698,49.54
48027,61038,78815,43.64
48029,336498,406296,45.3
48031,1671,3151,34.65
48033,117,123,48.75
48035,3128,3440,47.62
48037,16123,18965,45.95
48039,41302,90291,31.39
48041,41822,44332,48.54
48043,1715,1745,49.57
48045,221,283,43.85
48047,1474,930,61.31
48049,7259,7359,49.66
48051,3217,3533,47.66
48053,7463,10863,40.72
48055,6904,10255,40.24
48057,3920,4199,48.28
48059,2613,2649,49.66
48061,85602,50133,63.07
48063,2289,2639,46.45
48065,895,1146,43.85
48067,4939,5810,45.95
48069,1135,1453,43.86
48071,7047,8460,45.44
48073,8618,8828,49.4
48075,1027,1315,43.85
48077,1751,2108,45.37
48079,481,418,53.5
48081,608,639,48.76
48083,1463,1483,49.66
48085,93969,304364,23.59
48087,407,521,43.86
48089,3605,4232,46.0
48091,18772,48619,27.86
48093,2591,2627,49.66
48095,612,643,48.76
48097,6649,9961,40.03
48099,12622,18371,40.73
48101,235,283,45.37
48103,839,854,49.56
48105,574,604,48.73
48107,972,844,53.52
48109,393,400,49.56
48111,1094,1401,43.85
48113,421388,554749,43.17
48115,2308,2426,48.75
48117,2860,3662,43.85
48119,1081,947,53.3
48121,86758,262537,24.84
48123,3689,4066,47.57
48125,335,291,53.51
48127,1816,761,70.47
48129,501,642,43.83
48131,2071,869,70.44
48133,3377,3424,49.65
48135,29397,34772,45.81
48137,291,182,61.52
48139,21368,48237,30.7
48141,167564,130499,56.22
48143,7784,9159,45.94
48145,2912,3203,47.62
48147,5691,8526,40.03
48149,3678,5463,40.24
48151,699,709,49.64
48153,1022,888,53.51
48155,187,225,45.39
48157,99255,183629,35.09
48159,2139,1875,53.29
48161,3335,3668,47.62
48163,2862,3388,45.79
48165,3881,3948,49.57
48167,56067,88200,38.86
48169,1100,956,53.5
48171,3924,7400,34.65
48173,208,218,48.83
48175,1304,1437,47.57
48177,3659,4033,47.57
48179,3267,4183,43.85
48181,21633,32408,40.03
48183,22903,23862,48.97
48185,5337,5861,47.66
48187,22799,38654,37.1
48189,6153,5346,53.51
48191,434,556,43.84
48193,1249,1818,40.72
48195,814,1042,43.86
48197,607,730,45.4
48199,9227,12168,43.13
48201,791626,942053,45.66
48203,13907,12132,53.41
48205,827,1060,43.83
48207,1031,1045,49.66
48209,41330,52288,44.15
48211,520,666,43.84
48213,15061,13984,51.85
48215,176996,91602,65.9
48217,6153,6768,47.62
48219,4075,3540,53.51
48221,11270,13261,45.94
48223,7591,6654,53.29
48225,4320,3624,54.38
48227,6457,6787,48.75
48229,575,585,49.57
48231,13483,23464,36.49
48233,3175,4066,43.85
48235,281,295,48.78
48237,1451,1747,45.37
48239,2790,3076,47.56
48241,7278,5280,57.96
48243,358,364,49.58
48245,42866,51962,45.2
48247,1018,427,70.45
48249,8105,5112,61.32
48251,20430,43518,31.95
48253,3748,3800,49.66
48255,2739,3019,47.57
48257,17682,32541,35.21
48259,6502,12262,34.65
48261,73,46,61.34
48263,144,146,49.66
48265,7723,14564,34.65
48267,795,835,48.77
48269,50,44,53.19
48271,640,399,61.6
48273,6467,4079,61.32
48275,638,647,49.65
48277,10337,9060,53.29
48279,2468,2144,53.51
48281,3286,4783,40.72
48283,1404,589,70.45
48285,3784,4171,47.57
48287,2631,3908,40.24
48289,2867,3149,47.66
48291,13863,16643,45.44
48293,3800,4179,47.63
48295,472,604,43.87
48297,2361,1489,61.32
48299,3228,4698,40.73
48301,11,11,50.0
48303,57689,67000,46.27
48305,1059,920,53.51
48307,1413,1485,48.76
48309,41250,55810,42.5
48311,126,53,70.39
48313,2453,2694,47.66
48315,1964,1714,53.4
48317,971,1020,48.77
48319,732,769,48.77
48321,6358,7464,46.0
48323,11826,7374,61.59
48325,7901,9354,45.79
48327,363,381,48.79
48329,22213,43839,33.63
48331,4515,4958,47.66
48333,676,984,40.72
48335,1712,1736,49.65
48337,3419,4116,45.37
48339,80406,152077,34.59
48341,3288,4211,43.85
48343,2470,2165,53.29
48345,202,175,53.58
48347,13397,11381,54.07
48349,9028,9930,47.62
48351,2697,1957,57.95
48353,2808,2846,49.66
48355,58808,68810,46.08
48357,1542,1974,43.86
48359,270,345,43.9
48361,13916,18350,43.13
48363,5198,6116,45.94
48365,3846,3940,49.4
48367,17117,38408,30.83
48369,1520,1947,43.84
48371,2813,2957,48.75
48373,9812,8232,54.38
48375,25130,19342,56.51
48377,1102,1121,49.57
48379,2235,2576,46.46
48381,17624,38885,31.19
48383,627,659,48.76
48385,565,352,61.61
48387,2392,2097,53.29
48389,2650,2696,49.57
48391,1215,1237,49.55
48393,127,162,43.94
48395,3055,3355,47.66
48397,14542,25307,36.49
48399,1885,1911,49.66
48401,8926,9144,49.4
48403,2183,1584,57.95
48405,1747,1267,57.96
48407,5363,4499,54.38
48409,12390,12621,49.54
48411,870,1266,40.73
48413,455,478,48.77
48415,3226,3270,49.66
48417,591,599,49.66
48419,5302,3846,57.96
48421,429,549,43.87
48423,33139,48013,40.84
48425,1683,1981,45.93
48427,13885,5823,70.45
48429,1734,1758,49.66
48431,254,267,48.75
48433,238,241,49.69
48435,625,657,48.75
48437,1073,1374,43.85
48439,282874,489747,36.61
48441,26012,29962,46.47
48443,140,148,48.61
48445,2239,1945,53.51
48447,274,278,49.64
48449,6449,5652,53.29
48451,19329,26187,42.47
48453,165347,401003,29.2
48455,2661,2232,54.38
48457,4368,3169,57.95
48459,8260,7206,53.41
48461,612,643,48.76
48463,5020,3130,61.6
48465,9724,6063,61.59
48467,10936,12606,46.45
48469,17807,19075,48.28
48471,14956,12547,54.38
48473,9960,11692,46.0
48475,2092,2128,49.57
48477,6529,7170,47.66
48479,49053,29677,62.31
48481,7291,8559,46.0
48483,768,984,43.84
48485,21758,27308,44.34
48487,2208,2658,45.38
48489,4201,2650,61.32
48491,60890,182772,24.99
48493,9258,10206,47.56
48495,1400,1424,49.58
48497,11753,14150,45.37
48499,8237,9495,46.45
48501,1455,1264,53.51
48503,3060,3685,45.37
48505,2927,1227,70.46
48507,1977,1232,61.61
49001,957,1415,40.35
49003,5709,13254,30.11
49005,13964,29440,32.17
49007,3333,4340,43.44
49009,152,198,43.43
49011,29697,84081,26.1
49013,3200,4167,43.44
49015,1605,2089,43.45
49017,687,1016,40.34
49019,1579,2055,43.45
49021,7756,11462,40.36
49023,1596,2359,40.35
49025,1037,1533,40.35
49027,1757,2596,40.36
49029,1289,2718,32.17
49031,194,287,40.33
49033,263,555,32.15
49035,132353,287974,31.49
49037,2372,3088,43.44
49039,3850,5690,40.36
49041,2914,4307,40.35
49043,4443,9367,32.17
49045,7199,16712,30.11
49047,5817,7573,43.44
49049,62211,132010,32.03
49051,5681,7397,43.44
49053,24600,43652,36.04
49055,337,499,40.31
49057,34768,58340,37.34
50001,6966,8972,43.71
50003,6687,8757,43.3
50005,5673,7372,43.49
50007,29260,40291,42.07
50009,1110,1442,43.5
50011,9374,12182,43.49
50013,1369,1779,43.49
50015,4869,6327,43.49
50017,5457,7029,43.7
50019,5141,6681,43.49
50021,10844,14202,43.3
50023,11150,14362,43.7
50025,8217,10761,43.3
50027,10339,13540,43.3
51001,5880,8319,41.41
51003,14749,29756,33.14
51005,2324,4092,36.22
51007,2600,2401,51.99
51009,4950,8340,37.25
51011,2548,4293,37.25
51013,19155,89456,17.64
51015,13565,17433,43.76
51017,737,948,43.74
51019,12564,21169,37.25
51021,1414,1224,53.6
51023,5128,9028,36.22
51025,3107,2869,51.99
51027,4625,3282,58.49
51029,3298,3046,51.99
51031,8898,11756,43.08
51033,3625,7849,31.59
51035,6570,5687,53.6
51036,666,1954,25.42
51037,2259,2086,51.99
51041,40929,94388,30.25
51043,1941,3785,33.9
51045,746,1313,36.23
51047,5991,13810,30.26
51049,1897,1752,51.99
51051,3210,2278,58.49
51053,5261,4904,51.76
51057,1865,2638,41.42
51059,87265,324056,21.22
51061,8319,19176,30.26
51063,2447,3822,39.03
51065,3447,7670,31.01
51067,8312,14634,36.22
51069,11998,23400,33.89
51071,2654,4145,39.04
51073,6812,9638,41.41
51075,2438,7146,25.44
51077,3456,2991,53.61
51079,2752,5246,34.41
51081,2144,1998,51.76
51083,6671,6160,51.99
51085,10829,31765,25.42
51087,45864,91140,33.48
51089,11464,9946,53.55
51091,389,500,43.76
51093,5628,9680,36.77
51095,7077,22263,24.12
51097,1164,1647,41.41
51099,3136,6790,31.59
51101,1751,5141,25.41
51103,1922,2719,41.41
51105,5035,3574,58.49
51107,24826,118551,17.32
51109,4756,10581,31.01
51111,2341,2161,52.0
51113,1577,3635,30.26
51115,1501,2123,41.42
51117,5944,5489,51.99
51119,1871,2647,41.41
51121,15768,24629,39.03
51125,1870,4160,31.01
51127,2256,6623,25.41
51131,2162,3059,41.41
51133,2084,2949,41.41
51135,3068,2833,51.99
51137,4133,9525,30.26
51139,3792,5476,40.91
51141,3962,3437,53.55
51143,13614,11811,53.55
51145,2991,8767,25.44
51147,4284,3956,51.99
51149,8096,7547,51.75
51153,46504,107660,30.17
51155,5345,8349,39.03
51157,839,1933,30.27
51159,1570,2221,41.41
51161,15224,25550,37.34
51163,3964,5095,43.76
51165,12160,19100,38.9
51167,5855,4156,58.49
51169,4901,3478,58.49
51171,7066,10205,40.91
51173,6718,5815,53.6
51175,2624,4513,36.77
51177,16434,35580,31.6
51179,13330,39563,25.2
51181,1235,1151,51.76
51183,2039,1900,51.76
51185,9182,6517,58.49
51187,6512,9404,40.91
51191,12160,10525,53.6
51193,3251,4600,41.41
51195,8207,5825,58.49
51197,6377,5519,53.61
51199,6335,19928,24.12
51510,18441,53926,25.48
51520,3881,3359,53.6
51530,1162,1493,43.77
51540,6232,11881,34.41
51550,31139,62947,33.1
51570,3422,3190,51.75
51580,876,1542,36.23
51590,9586,8316,53.55
51595,1085,1012,51.74
51600,1492,6537,18.58
51610,829,4496,15.57
51620,1192,2051,36.76
51630,2376,7053,25.2
51640,1515,1312,53.59
51650,26587,31038,46.14
51660,7522,11816,38.9
51670,4335,4041,51.76
51678,1280,1645,43.76
51680,12620,16674,43.08
51683,4865,8715,35.82
51685,1959,3510,35.82
51690,3033,2631,53.55
51700,35981,43196,45.44
51710,43212,52709,45.05
51720,837,594,58.49
51730,6299,5871,51.76
51735,1126,3543,24.12
51740,19823,22308,47.05
51750,2542,3970,39.04
51760,46723,54182,46.3
51770,20637,20779,49.83
51775,5230,5266,49.83
51790,4507,5792,43.76
51800,13753,23654,36.77
51810,55372,127542,30.27
51820,3885,4992,43.76
51830,1396,4391,24.12
51840,3690,7196,33.9
53001,3527,4197,45.66
53003,3814,4538,45.67
53005,31170,43069,41.99
53007,15196,15649,49.27
53009,15605,20273,43.49
53011,76846,116978,39.65
53013,676,805,45.64
53015,21037,23731,46.99
53017,8251,8497,49.27
53019,1449,1395,50.95
53021,14545,19758,42.4
53023,392,466,45.69
53025,20897,17335,54.66
53027,14601,15034,49.27
53029,14234,21578,39.75
53031,6669,8664,43.49
53033,286589,638341,30.98
53035,36679,69842,34.43
53037,9349,7756,54.66
53039,4321,4995,46.38
53041,15617,18054,46.38
53043,1861,2214,45.67
53045,12686,13061,49.27
53047,8498,8177,50.96
53049,4440,5008,46.99
53051,2705,2603,50.96
53053,130599,216779,37.6
53055,2916,4419,39.75
53057,21231,32178,39.75
53059,2287,2644,46.38
53061,96579,215750,30.92
53063,97133,120778,44.57
53065,9374,9021,50.96
53067,42554,74703,36.29
53069,839,947,46.98
53071,8601,11974,41.8
53073,36609,55648,39.68
53075,8210,9769,45.66
53077,50827,36221,58.39
54001,3010,3145,48.9
54003,19332,29015,39.99
54005,5111,3043,62.68
54007,2567,2245,53.35
54009,4894,4702,51.0
54011,20992,17918,53.95
54013,1283,1122,53.35
54015,1661,1452,53.36
54017,1562,1612,49.21
54019,9034,7429,54.87
54021,1528,1336,53.35
54023,1950,2387,44.96
54025,7241,6109,54.24
54027,4102,5021,44.96
54029,6314,6067,51.0
54031,2539,3108,44.96
54033,12824,13401,48.9
54035,5731,5011,53.35
54037,9139,13717,39.99
54039,36384,40340,47.42
54041,3315,3464,48.9
54043,4794,2854,62.68
54045,7633,4544,62.68
54047,4478,2665,62.69
54049,9549,12978,42.39
54051,6639,6379,51.0
54053,5663,4834,53.95
54055,13104,11055,54.24
54057,4784,5856,44.96
54059,5524,3288,62.69
54061,17977,24433,42.39
54063,2718,2293,54.24
54065,3030,3709,44.96
54067,5074,4437,53.35
54069,9206,8846,51.0
54071,1092,1336,44.98
54073,1532,1581,49.21
54075,1729,1459,54.23
54077,5815,7903,42.39
54079,12782,10910,53.95
54081,16645,13688,54.87
54083,5435,5679,48.9
54085,1690,1744,49.21
54087,2892,2529,53.35
54089,2627,2216,54.24
54091,3250,3396,48.9
54093,1200,1469,44.96
54095,1666,1718,49.23
54097,4633,4841,48.9
54099,9134,5438,62.68
54101,1840,1552,54.25
54103,2892,2984,49.22
54105,1039,1072,49.22
54107,16876,17412,49.22
54109,5011,2983,62.68
55001,3457,5489,38.64
55003,3031,4161,42.14
55005,7815,11062,41.4
55007,3069,4213,42.15
55009,39431,70825,35.76
55011,1872,3287,36.29
55013,3128,4293,42.15
55015,6508,14876,30.43
55017,10800,15978,40.33
55019,5797,8206,41.4
55021,8430,15797,34.8
55023,2361,4046,36.85
55025,77455,166341,31.77
55027,12661,23929,34.6
55029,4618,8541,35.09
55031,8381,11504,42.15
55033,5976,11855,33.51
55035,16813,25874,39.39
55037,784,1211,39.3
55039,12925,29543,30.43
55041,1597,2637,37.72
55043,7482,13526,35.62
55045,5342,9657,35.62
55047,3322,4543,42.24
55049,3416,6175,35.62
55051,1161,1593,42.16
55053,2971,5218,36.28
55055,12025,22726,34.6
55057,3914,6708,36.85
55059,24564,43247,36.22
55061,3158,5841,35.09
55063,19562,30718,38.91
55065,2393,4327,35.61
55067,3390,5599,37.71
55069,4944,8165,37.71
55071,12494,23110,35.09
55073,18981,38674,32.92
55075,7203,11130,39.29
55077,2723,3724,42.24
55078,732,1131,39.29
55079,184100,205333,47.27
55081,6779,11617,36.85
55083,6702,10356,39.29
55085,6583,10873,37.71
55087,21928,55143,28.45
55089,9818,27378,26.4
55091,1029,1806,36.3
55093,5932,10416,36.29
55095,7525,10651,41.4
55097,11777,18703,38.64
55099,2659,3650,42.15
55101,30510,48581,38.58
55103,2493,4506,35.62
55105,24479,43384,36.07
55107,2683,3683,42.15
55109,12298,24399,33.51
55111,9479,17763,34.8
55113,3420,4695,42.14
55115,7032,10866,39.29
55117,16015,33401,32.41
55119,3768,5173,42.14
55121,4323,7591,36.29
55123,4499,7709,36.85
55125,4010,6623,37.71
55127,14831,28237,34.44
55129,3145,4317,42.15
55131,14671,40913,26.39
55133,38506,128563,23.05
55135,9050,12379,42.23
55137,4283,5858,42.23
55139,28624,44170,39.32
55141,12419,19722,38.64
56001,5464,10361,34.53
56003,1425,3373,29.7
56005,5828,13569,30.05
56007,2142,4062,34.53
56009,2026,3842,34.53
56011,890,2073,30.04
56013,6492,9276,41.17
56015,1550,3607,30.06
56017,765,1093,41.17
56019,1046,2436,30.04
56021,17425,27533,38.76
56023,2421,5732,29.69
56025,11784,22347,34.53
56027,306,712,30.06
56029,3662,8671,29.69
56031,1066,2482,30.05
56033,3823,9051,29.7
56035,1444,2064,41.16
56037,6994,9993,41.17
56039,2885,6829,29.7
56041,3384,4836,41.17
56043,953,2218,30.05
56045,848,1974,30.05
72001,5376,791,87.17
72003,11496,1828,86.28
72005,16610,2641,86.28
72007,6627,1401,82.55
72009,6740,1425,82.55
72011,8184,1215,87.07
72013,25651,4250,85.79
72015,5250,706,88.15
72017,6623,1097,85.79
72019,7930,1676,82.55
72021,50039,16346,75.38
72023,14016,2314,85.83
72025,38290,9296,80.46
72027,9902,1377,87.79
72029,11545,3228,78.15
72031,43601,15601,73.65
72033,4745,3757,55.81
72035,11395,2409,82.55
72037,3469,585,85.57
72039,5069,745,87.19
72041,10937,2312,82.55
72043,9777,1336,87.98
72045,5168,1092,82.56
72047,8913,1841,82.88
72049,548,93,85.49
72051,9591,3604,72.69
72053,9853,1663,85.56
72054,3420,567,85.78
72055,4030,563,87.74
72057,12135,1632,88.15
72059,5199,726,87.75
72061,18399,14568,55.81
72063,10806,3284,76.69
72065,11607,1614,87.79
72067,5004,743,87.07
72069,15611,2635,85.56
72071,12951,1801,87.79
72073,4406,648,87.18
72075,13127,1793,87.98
72077,9734,2820,77.54
72079,6933,1145,85.83
72081,8381,1233,87.17
72083,2645,389,87.18
72085,9254,2681,77.54
72087,6460,1806,78.15
72089,4850,1356,78.15
72091,11545,1913,85.79
72093,1417,208,87.2
72095,3509,472,88.14
72097,23363,3470,87.07
72099,11293,1796,86.28
72101,8055,1632,83.15
72103,7170,1210,85.56
72105,7538,1557,82.88
72107,6394,940,87.18
72109,5298,712,88.15
72111,5966,833,87.75
72113,41409,8290,83.32
72115,7128,991,87.79
72117,4578,728,86.28
72119,12834,3588,78.15
72121,6647,928,87.75
72123,8547,1149,88.15
72125,9474,1564,85.83
72127,95157,40708,70.04
72129,9913,2872,77.54
72131,11737,1726,87.18
72133,5720,781,87.99
72135,17232,3560,82.88
72137,20131,7563,72.69
72139,18018,5477,76.69
72141,8435,1240,87.18
72143,9927,2011,83.15
72145,15263,3092,83.15
72147,2527,427,85.55
72149,6232,851,87.99
72151,9334,1575,85.56
72153,9993,1395,87.75
