cd118,Num Eligible,Num Ineligible,American Indian and Alaska Native Eligible,Asian Eligible,Black or African American Eligible,Native Hawaiian Eligible,White Eligible,Hispanic or Latino Eligible,Veteran Eligible,Elderly Eligible,DIS Eligible,English less than very well Eligible,Percentage Eligible
0101,134241,149364,3409,2371,57766,0,74535,5469,17034,55844,44612,4225,47.33
0102,141090,138558,2857,1795,68359,108,75327,6557,19983,59642,55677,3792,50.45
0103,145340,130721,5545,2169,45434,104,100922,7575,16348,60570,59436,2833,52.65
0104,132143,142310,6064,1030,21161,25,109604,8854,15238,60653,61075,5546,48.15
0105,107154,184160,6642,3620,25257,172,80677,8753,13383,46518,39813,5836,36.78
0106,107421,172435,3601,2535,39176,306,67236,6070,12329,44380,43485,4066,38.38
0107,144448,138147,3412,2601,91757,237,53629,4841,15607,59905,57592,4500,51.11
0200,106708,164600,33613,10001,8329,606,74627,10661,21465,39513,44704,9090,39.33
0401,106614,248200,6675,6070,9579,623,88029,27925,10715,48503,34004,14511,30.05
0402,158242,157253,46148,4153,7539,343,111579,41588,23046,79308,62753,22398,50.16
0403,150732,116171,8461,5951,21271,138,99741,98888,8795,46848,51556,59615,56.47
0404,124972,196909,8575,11192,14159,294,97799,47525,11268,44551,39410,21044,38.83
0405,81735,213070,2898,4924,6894,230,72805,22232,12506,39323,30441,9837,27.73
0406,134769,194668,10604,7004,11427,313,113160,54752,20594,60234,52504,19088,40.91
0407,158359,145299,13483,5988,9908,231,124119,93202,21774,64872,60424,42079,52.15
0408,120135,192082,6303,9057,13423,270,98755,40313,14286,53226,43847,21487,38.48
0409,138892,179454,8816,4876,9363,389,119593,53993,24736,71983,59249,23112,43.63
0501,163515,127314,8432,1876,36381,109,130203,8937,18465,71332,78284,2846,56.22
0502,144738,163687,5341,3152,47448,126,98821,11193,18734,59659,56379,4828,46.93
0503,129587,160532,9473,5739,8533,923,115887,24958,18101,47766,47617,13983,44.67
0504,162869,131269,6469,2530,43505,65,118619,11334,19947,74813,73709,7741,55.37
0601,145405,136245,14838,12287,6889,525,122012,40147,17361,65400,64852,19306,51.63
0602,120184,181504,11190,8150,6846,419,98617,31454,8809,54472,46479,18588,39.84
0603,100152,196442,6372,11656,4541,370,86928,22093,12159,49942,35666,10449,33.77
0604,113542,168915,8587,14976,7338,849,84709,43416,10521,49204,43974,31137,40.2
0605,123688,155907,8699,9805,7082,283,95651,45905,12960,54826,48141,27610,44.24
0606,131351,149206,9685,21106,24296,578,85641,38399,13052,49466,48323,33326,46.82
0607,120978,143359,7507,34041,21854,551,61914,38206,12938,54845,50072,39803,45.77
0608,120372,138851,7183,27420,31777,841,52695,45553,11308,54865,49824,42905,46.44
0609,120345,117192,12433,24817,15237,701,67385,61027,9139,48809,46855,43829,50.66
0610,78507,195259,3945,19235,8057,507,50472,25346,7077,37366,29429,23981,28.68
0611,107593,209696,4042,46617,10771,479,52162,22702,5271,53921,42365,40023,33.91
0612,114960,172113,5228,34380,32057,755,45285,30518,5703,45601,37329,37413,40.05
0613,133046,92638,6970,9900,6981,388,76224,88361,8294,53110,49393,56592,58.95
0614,81346,166591,3055,32047,9752,499,31995,27093,5703,39450,27418,38028,32.81
0615,82125,176632,3659,34228,5399,705,35170,26674,5056,42693,26406,37976,31.74
0616,73527,187523,3705,26064,4439,229,39192,24048,5158,35303,23119,33765,28.17
0617,76941,185043,3220,38148,4781,139,32373,21848,4340,39260,25756,36983,29.37
0618,100788,122080,4715,17250,4458,124,47008,65109,5483,43238,32382,53686,45.22
0619,96517,168117,4433,19370,5920,452,66744,40721,9121,47583,32705,30923,36.47
0620,126460,118352,9796,10218,10700,391,92284,69217,13713,48761,45604,36421,51.66
0621,149661,85860,8312,16011,14134,330,93575,101399,9051,55721,56080,57369,63.54
0622,146728,83324,5852,7519,12659,393,99952,103085,10805,52398,46874,63459,63.78
0623,136725,110672,9159,8471,19520,539,100935,72020,19514,54475,59921,32518,55.27
0624,114359,157034,6533,12330,4752,894,90836,57064,10680,49679,41118,31603,42.14
0625,145575,109209,6375,7338,11106,265,86616,96983,12373,70071,52699,58986,57.14
0626,94036,155754,6571,11221,4772,206,74001,49464,8329,47673,33296,34594,37.65
0627,108614,120089,4951,10766,17674,107,66195,57754,7999,45301,39309,35138,47.49
0628,113657,149122,3870,50903,9609,262,44288,40139,6098,57991,33889,55156,43.25
0629,144967,103044,5648,15789,10748,123,82360,84416,5980,60727,48476,80479,58.45
0630,149300,161214,5629,22554,13195,234,96343,48860,5400,65612,47843,72436,48.08
0631,113923,99354,7557,28788,5669,262,47607,70762,6836,58019,44447,63836,53.42
0632,117678,168529,4977,17962,11380,264,77004,41798,5753,51582,35466,43394,41.12
0633,126570,99466,7212,9015,20628,421,57024,84973,9856,51390,42388,47855,56.0
0634,164624,110012,8533,35886,15395,629,58980,98523,5264,68460,48522,92404,59.94
0635,114565,109173,6803,17045,12897,344,54398,79487,7691,46587,34964,51895,51.2
0636,93263,221060,3665,18830,9211,319,68121,22652,4778,40838,23599,20496,29.67
0637,159737,91639,5122,14749,50459,354,48427,88260,5211,65456,57689,78069,63.55
0638,103731,121338,6019,25390,2941,473,42489,66503,6071,54364,34736,52696,46.09
0639,104217,103941,5512,10977,15170,387,43631,66781,8033,41932,36209,42886,50.07
0640,85577,180001,2860,19155,3508,183,56559,32507,6175,39147,25695,28209,32.22
0641,117218,136945,4216,10179,11023,87,77709,59183,12307,54416,41418,34034,46.12
0642,136134,108906,7179,13787,13353,115,69445,95868,5001,56440,46170,73033,55.56
0643,143348,94624,5835,12717,47455,183,50331,82388,7856,59975,51149,63838,60.24
0644,128065,103064,5593,18351,21702,287,59963,80267,6858,57105,41936,65777,55.41
0645,110498,127803,3577,42182,5128,465,52604,45304,8579,55029,36571,56235,46.37
0646,118469,97079,4248,27166,4682,121,57585,72634,7204,51596,35100,71546,54.96
0647,98364,192339,3400,29613,5250,837,64078,25630,6390,41772,24114,29749,33.84
0648,99350,153065,4730,10213,9145,166,78434,40056,13668,45693,38155,26395,39.36
0649,82367,188466,2827,12702,5749,167,66446,31724,14523,34916,25788,19472,30.41
0650,98958,201566,4514,16171,8212,62,74111,35306,11232,38477,26148,25772,32.93
0651,100493,176419,3971,20158,12055,394,71183,34218,12086,40596,31393,28710,36.29
0652,123596,112566,4606,21585,17966,744,72354,77678,16701,55904,44210,57178,52.34
0801,123865,209203,6596,7839,22829,329,87998,45399,10337,42241,39992,24682,37.19
0802,92112,198298,4163,5764,3945,705,86117,21209,8629,30874,26801,8568,31.72
0803,140507,159022,8436,2745,3644,810,129652,46024,17593,63896,53782,10378,46.91
0804,77110,201204,4818,3460,4264,374,71097,20311,9845,32998,25651,7815,27.71
0805,100067,183140,7686,7992,14566,144,86315,26972,22947,35095,35364,8119,35.33
0806,92411,180451,4563,7292,18220,199,67884,28830,10351,35469,32649,23314,33.87
0807,94134,201005,6407,5594,3862,196,87131,23507,12653,43458,32722,7190,31.89
0808,104521,155801,8878,5720,6096,443,87738,50522,12142,35358,37637,20842,40.15
0901,118642,171162,3141,7631,32201,34,80062,34111,8891,53651,41949,23933,40.94
0902,113385,179102,4463,6394,13776,109,97200,20193,14012,50207,41820,13755,38.77
0903,119874,171498,3456,6721,28657,94,80568,33498,9494,53306,39127,24192,41.14
0904,103230,166449,1710,4801,28640,0,59798,38408,6319,47038,37766,32338,38.28
0905,113437,171479,2320,5779,18655,54,86701,31548,10240,55020,41975,23003,39.81
1000,150739,244920,6627,6348,51720,0,97738,19613,17451,70504,54315,17278,38.1
1201,118818,185262,6557,7717,31505,96,90291,11930,30420,53304,50114,8138,39.07
1202,143848,169611,5693,5285,49727,111,99127,13336,17083,55854,56859,6923,45.89
1203,141282,159290,6059,5662,30372,53,111992,21310,17507,61370,53409,8308,47.0
1204,145587,155663,4683,4583,65739,457,79588,14941,30230,61727,59964,9454,48.33
1205,100325,215288,2795,7044,21659,322,75578,13674,16004,35388,26114,14602,31.79
1206,146273,183018,2520,5988,27825,66,115312,22084,22377,82199,59342,13680,44.42
1207,122406,195190,2639,4114,21555,412,94125,36594,16327,60367,46510,12664,38.54
1208,128884,196630,3232,6095,22749,262,104951,19891,25806,67304,51163,11534,39.59
1209,126154,137422,2710,6241,25834,39,74616,76010,12567,51934,45754,50497,47.86
1210,139491,148212,2946,8990,46616,21,82729,55345,14446,50373,45973,39501,48.48
1211,115354,190049,4061,5288,29881,22,79599,28779,15974,58902,41123,20752,37.77
1212,143583,179466,4310,3358,11869,206,129280,24407,24359,82767,60619,13033,44.45
1213,125951,210056,2589,5776,14639,96,109885,17045,17974,76131,49715,13082,37.48
1214,130844,197930,2736,5500,37042,150,87297,47791,13363,58460,43530,31863,39.8
1215,125863,170385,3899,7075,28652,70,87793,43119,14316,51661,42035,27730,42.49
1216,102172,199749,2943,4685,18833,28,77993,26894,17265,51607,36580,17752,33.84
1217,129668,221340,3225,4225,13476,23,115242,21922,18477,80695,49249,14950,36.94
1218,153546,142246,3609,4019,27182,74,111576,53585,17343,72450,60247,31931,51.91
1219,123692,213438,2277,3273,13744,480,107329,35080,13352,67885,39283,24656,36.69
1220,143643,159842,3628,5715,64394,38,74687,39903,10609,67564,43539,41198,47.33
1221,122063,192787,2819,3448,27771,50,92519,29595,17187,68200,41915,20852,38.77
1222,126833,174584,1296,3718,31687,0,85853,42190,9091,66732,42684,43907,42.08
1223,122759,190300,2438,5682,35097,1,84375,34379,8069,62385,37387,35261,39.21
1224,159793,126096,1354,2626,65337,0,86267,79554,7269,82988,47779,75308,55.89
1225,116462,165005,2039,6165,29334,0,81422,54090,6412,59216,33101,42333,41.38
1226,153244,128295,1797,2498,17340,0,124401,122087,4986,80988,50886,100912,54.43
1227,142519,149564,1546,3403,9279,0,124686,124641,3182,75383,45237,92747,48.79
1228,134658,122613,2199,3418,21372,341,106563,102465,6846,66389,43993,72868,52.34
1301,138345,157340,4318,4420,55428,291,83878,15177,22965,56335,49608,7211,46.79
1302,150405,138619,3723,3046,91057,154,60329,9955,21158,61899,58134,4554,52.04
1303,116520,168564,4992,2385,46030,52,72952,10583,15463,51269,49443,6288,40.87
1304,102100,173317,5207,6466,65520,38,32735,12994,13533,40812,35407,15884,37.07
1305,125359,214192,3857,7348,87790,19,36841,8458,10882,49657,44420,7507,36.92
1306,65057,216645,3145,7543,12390,130,49702,9620,6140,27470,22551,11790,23.09
1307,103868,161220,3727,15059,40499,114,43788,29798,9885,32589,25247,33592,39.18
1308,147320,134082,4279,2501,67584,141,81797,10760,20248,61044,52271,4895,52.35
1309,117286,156453,4883,8821,18020,88,89916,22198,11506,51161,41817,21477,42.85
1310,122704,163704,4918,4330,43863,0,81264,11694,13938,52194,47289,6694,42.84
1311,93650,198002,4278,3789,25522,21,62293,16848,11129,36801,30020,16026,32.11
1312,134494,134837,4136,2319,67001,48,70246,8040,18586,59685,56739,4974,49.94
1313,129485,158298,4276,5905,91096,105,34307,15529,18045,45335,42823,15767,44.99
1314,118771,160279,5482,2039,19250,41,96428,15825,15688,51688,45511,10008,42.56
1501,100289,153332,4267,71166,5903,20004,39860,13951,18936,53504,35176,32024,39.54
1502,106737,129722,6383,53215,6969,39498,65967,20413,15547,55439,38053,16515,45.14
1601,145674,211172,8935,4693,4315,1433,134086,26080,27861,63990,57965,11306,40.82
1602,141469,195565,8044,3955,3032,584,129559,26071,16727,54640,56305,14062,41.97
1701,140165,151195,3564,3087,89061,39,43820,19516,9959,63848,49950,15214,48.11
1702,148077,143338,3691,2415,82419,155,59444,19708,12160,66518,49362,13737,50.81
1703,114880,159359,3191,10335,25270,65,65129,46731,5269,49039,33887,43536,41.89
1704,130493,133522,5269,9787,32111,9,62681,62119,6452,57181,42087,54044,49.43
1705,99359,227132,2058,14920,10611,152,69710,24905,3927,41408,28232,34192,30.43
1706,99768,185483,2249,6481,23005,0,66671,19242,7281,47619,35210,21741,34.98
1707,142501,171846,4071,8557,65109,32,53619,44784,6757,57856,46696,34110,45.33
1708,91820,181466,2541,12754,9025,316,62883,31016,7188,39735,26797,31835,33.6
1709,108741,201694,3193,19465,18175,0,73896,18481,4906,47625,34222,31733,35.03
1710,87975,182843,3807,8210,13832,0,62247,29394,8008,36493,28845,24332,32.48
1711,85195,194008,2885,7720,10846,45,65410,23520,10136,36326,31044,18467,30.51
1712,137353,166414,7137,2261,16680,83,123677,6328,18396,59485,64232,3477,45.22
1713,127411,179327,5341,6087,35722,6,95238,8089,13494,47875,45591,5679,41.54
1714,100842,169567,5477,4024,15181,24,77003,31374,9897,38392,35272,19065,37.29
1715,129501,179503,4548,2521,13560,42,118726,5072,14407,57975,52570,3443,41.91
1716,122677,183580,4031,2915,16224,242,107625,13967,14297,48124,44578,7004,40.06
1717,133449,180338,6005,3247,24186,312,110504,18267,13145,52332,50747,10028,42.53
1801,125581,166652,4739,3868,36485,77,83876,29168,12706,55612,45828,8599,42.97
1802,117180,165573,4637,2860,17421,134,100934,14747,10413,50127,43494,7437,41.44
1803,125010,172269,6283,3758,15799,35,108266,11685,12333,48866,49677,8609,42.05
1804,107206,187440,3593,5788,8129,174,95118,8642,11942,42182,35859,7169,36.38
1805,106791,191969,5897,2774,14385,364,97567,8569,11549,42896,44348,4865,35.74
1806,122437,174675,3362,4792,14730,303,104961,8676,13124,47928,51431,7559,41.21
1807,136888,170804,3152,4055,64787,165,71915,17025,9627,49757,53090,16217,44.49
1808,133667,176744,4780,1393,9900,0,127039,4699,14892,58169,57077,1471,43.06
1809,124383,175423,3778,5360,9900,154,113435,6549,14294,52558,51895,4810,41.49
1901,125370,195687,5894,2598,10889,501,113810,12935,11704,52534,50735,5812,39.05
1902,124936,204013,4608,3063,13314,163,116188,9274,15497,51826,41035,6464,37.98
1903,116757,211567,2866,5840,14856,42,100686,10914,10363,48024,43134,10791,35.56
1904,130416,191684,6500,4928,6936,28,119713,15548,13040,54138,50075,8162,40.49
2001,120127,171328,6560,5166,7771,155,109481,20301,12160,46836,44012,10991,41.22
2002,130778,159532,8439,4013,19077,216,110020,21742,13205,52050,54039,11276,45.05
2003,82564,210134,4330,4804,12192,19,66322,11046,7308,33931,31172,9293,28.21
2004,116047,168507,8443,5554,20308,353,97034,19818,11362,43021,48092,11646,40.78
2101,151092,143129,6105,1009,16840,507,138828,7392,16901,66010,73674,3374,51.35
2102,132612,160577,6992,3627,15524,234,120602,8039,15074,54301,61757,7108,45.23
2103,145196,172428,8460,5337,52943,181,97469,12988,16180,55697,50415,14973,45.71
2104,111657,176122,5724,2752,5951,78,107126,5469,12211,47263,45449,3800,38.8
2105,187447,97917,5855,911,4442,170,184361,3156,16952,85701,102159,1760,65.69
2106,145749,161777,5828,4785,19683,277,127789,9939,13439,49308,55776,7372,47.39
2201,142850,167842,7473,5147,42899,160,98223,17721,15511,65100,55399,11772,45.98
2202,172087,132815,4023,5607,107985,105,62271,13769,14878,71876,62718,10874,56.44
2203,144565,144201,5465,3805,54450,277,93246,7450,16275,60554,51797,6375,50.06
2204,173651,124258,7299,2847,84026,150,93275,5063,20655,71375,73718,3914,58.29
2205,166495,119453,6888,2802,69151,21,99801,6275,18905,70858,69251,2204,58.23
2206,148615,146976,6056,3619,68349,138,80157,9730,11922,56915,58481,6554,50.28
2301,95545,199417,3595,2977,4988,107,88989,2398,11472,51352,38900,5208,32.39
2302,140598,158068,6763,1756,3245,53,137926,3492,17594,67443,65433,3453,47.08
2401,115768,189559,5505,3643,32080,31,84574,10735,12961,49358,41091,7654,37.92
2402,105230,196675,3317,6772,42478,104,61452,8157,12224,47996,37555,10848,34.86
2403,76574,210815,2185,9432,23541,40,43135,11301,9449,33204,25457,14309,26.64
2404,123991,148486,4452,7559,83053,105,21090,30162,10148,44967,35744,34165,45.51
2405,80208,206622,2855,5118,43220,0,37145,7210,15326,37884,29397,8852,27.96
2406,102099,192380,3178,11047,18382,184,76057,18019,10791,43736,36360,19280,34.67
2407,167521,152833,5820,7123,117021,27,50130,10358,14684,73999,71714,10969,52.29
2408,85784,201073,2101,14799,27424,0,34494,24713,5016,36933,23132,36464,29.9
2501,151602,162620,2884,6823,20332,62,127572,39661,15525,68219,64421,27569,48.25
2502,125089,173731,2861,9040,14609,271,102436,27345,9385,54189,48607,25456,41.86
2503,122044,170775,3355,8531,12793,9,88740,41638,8031,54950,47385,36471,41.68
2504,106967,193215,1478,6696,11754,31,90441,12579,7841,50913,42918,20561,35.63
2505,106225,199183,1869,15609,13895,90,78256,19410,5714,49118,36436,33588,34.78
2506,110991,193977,3227,6422,10186,8,90505,24835,9432,58114,41950,25713,36.39
2507,146575,164597,3542,19850,47575,2,84402,42659,5281,56880,51166,53321,47.1
2508,123583,183196,1938,13219,34160,122,78450,15595,8484,59783,41057,33441,40.28
2509,123694,200692,3651,3198,11001,163,107855,12491,13605,63687,45506,16875,38.13
2601,154769,184318,12198,2044,3107,365,150662,4744,22913,76292,64448,1828,45.64
2602,134460,167369,6091,2247,8749,99,127617,9542,16429,60220,54375,3086,44.55
2603,114817,183089,3163,4852,24555,79,89410,17507,10043,43503,40426,10744,38.54
2604,123754,178628,4018,4283,19073,239,105812,11880,11955,48384,45029,7843,40.93
2605,130875,174180,3806,2140,15669,208,117725,10646,12854,59813,49718,5718,42.9
2606,99262,211799,3887,10468,22404,388,75496,8442,10141,38980,29717,8726,31.91
2607,112024,198948,3427,6425,17786,200,96161,12390,10140,44463,45488,6285,36.02
2608,158762,166027,5053,1615,41027,180,123800,13020,16519,64867,64329,3616,48.88
2609,109267,197292,3486,1853,8171,120,104486,6649,12204,48909,45599,3568,35.64
2610,133873,186110,3740,9152,30773,0,102290,5806,12076,61162,51716,22820,41.84
2611,114694,215804,3911,7708,31640,104,82653,10459,7945,48025,42418,12789,34.7
2612,162639,139814,4574,3376,94973,0,71296,6333,11148,69560,64747,18422,53.77
2613,180506,118523,4311,4889,107865,442,69010,15522,10981,71735,67469,17107,60.36
2701,105229,181365,4307,5328,7148,32,96561,10755,9264,45695,33297,7518,36.72
2702,83548,189565,4006,6603,11810,21,70214,11760,9398,36140,30847,12626,30.59
2703,78479,205220,2151,8428,20383,0,54825,7195,6022,36483,29430,10968,27.66
2704,104324,176116,2692,17981,23223,24,64642,11781,6556,40279,41028,25357,37.2
2705,122041,182709,6768,13336,37175,0,77450,11828,8072,44372,45401,21855,40.05
2706,78796,186472,3506,3199,8320,0,71805,6617,8444,30293,23956,4090,29.7
2707,115713,178124,6680,2890,5206,20,108077,9855,12442,51445,45127,6221,39.38
2708,114719,178492,11390,1563,3430,0,109847,4096,17769,52528,46681,2259,39.13
2801,141126,145845,4224,1723,55113,133,87166,6200,12888,62490,59299,3521,49.18
2802,159804,119346,3022,1064,114376,13,46964,2894,11137,69492,67439,3148,57.25
2803,136937,141090,4637,2053,68966,173,68501,3983,15001,61778,60104,3488,49.25
2804,138841,146634,6939,3592,44289,330,95582,9465,20475,62318,69272,4698,48.64
2901,151404,183914,4410,5828,91739,2,61093,7049,13956,61479,61582,7243,45.15
2902,78235,229564,1698,4527,8249,64,69191,4453,8511,40167,28412,6395,25.42
2903,96617,200581,3791,3296,9529,78,88573,4444,11448,40284,41128,3455,32.51
2904,121508,177375,6450,3159,7465,138,114853,6228,15762,53835,52427,3014,40.65
2905,126881,199793,4815,3667,50196,230,76238,17951,13047,48633,44319,9952,38.84
2906,108152,186048,3619,1722,9074,220,101043,6336,13989,45626,44556,3093,36.76
2907,138526,172572,8088,4800,7582,321,132010,11610,16608,58980,52777,4184,44.53
2908,144301,153277,8841,2115,10344,94,136855,5144,18055,61801,67817,1280,48.49
3001,92127,136656,10341,1638,1475,99,86605,5497,14213,40928,32272,807,40.27
3002,90684,129472,14556,2609,1334,0,80891,7106,15125,39108,34923,1158,41.19
3101,86738,172641,3701,5487,7615,31,78299,11214,9359,31281,34746,9061,33.44
3102,94044,168710,3926,5481,20201,301,70563,15569,8364,33743,34892,11681,35.79
3103,100621,163250,4485,1700,3790,221,92816,15644,9932,48958,37802,9125,38.13
3201,144952,145962,7937,18201,32657,1091,86432,54747,16647,57098,51092,38320,49.83
3202,123638,189665,8746,9493,6835,503,101193,32229,19824,61307,43802,11186,39.46
3203,132495,180451,4111,27514,27132,1456,83972,35680,14574,55200,37572,27399,42.34
3204,130122,143941,8193,13421,33766,1498,76245,53208,17435,50478,45251,34970,47.48
3301,82017,195803,2776,3072,3895,0,77792,6558,11528,39967,32390,5780,29.52
3302,87738,182467,3015,3846,3036,31,84339,5792,12778,44922,34943,3609,32.47
3401,116157,179738,2930,7337,31110,64,69779,28537,9912,54287,49476,21732,39.26
3402,126135,188331,4549,8032,27086,1,90829,31380,11715,59740,52594,22402,40.11
3403,84235,208805,2465,7511,17843,96,61222,12713,9344,43934,33213,12018,28.75
3404,102130,189121,2187,3954,9626,59,87913,14600,10444,51323,37231,13516,35.07
3405,76755,209431,1955,12618,9576,229,51818,23464,4518,40132,23889,25267,26.82
3406,97572,184806,3228,15792,15456,0,57135,30978,6295,48488,32946,36618,34.55
3407,76182,220562,2735,4256,12886,0,57501,17600,5882,40577,25707,15071,25.67
3408,145001,155563,4020,11049,27127,0,70796,91847,3524,53323,41308,77149,48.24
3409,128778,144428,2684,11047,21977,305,76014,67323,5076,56451,34921,61974,47.14
3410,142639,144461,2630,8412,83944,0,38855,39989,7151,59925,48727,38892,49.68
3411,80103,211235,1724,8350,14043,113,53245,21604,6557,42041,25232,19632,27.49
3412,92451,192828,1974,11795,26397,0,45086,26096,4786,43413,31916,27617,32.41
3501,139620,157584,20292,6947,10183,538,109946,77408,18410,60137,55248,15637,46.98
3502,155847,108076,18069,4672,7394,62,112264,106776,19488,59835,59330,36927,59.05
3503,146682,126086,33459,2708,5366,0,96530,73204,19126,63446,59614,22401,53.78
3601,72636,200642,1958,4692,7168,0,62554,14886,5910,42783,22941,11741,26.58
3602,88124,161137,2858,4369,15522,0,65134,29280,6675,44221,31639,23235,35.35
3603,84112,179436,1043,25322,10336,44,46439,14080,5097,51098,26112,33817,31.92
3604,86487,163001,1934,8402,20685,0,50802,26583,5155,52483,28408,25540,34.67
3605,143429,109525,2582,27140,63053,65,35800,39359,6112,77526,46267,50994,56.7
3606,146061,130356,3068,60548,10971,98,58589,47680,5244,74717,40093,91492,52.84
3607,143428,146479,5258,24616,30475,19,74324,55830,3791,54951,40840,57887,49.47
3608,172739,111417,3888,17717,82108,0,62031,37178,6439,85083,62218,61508,60.79
3609,169063,118037,3299,20664,87875,10,57524,27169,4008,82039,51816,55806,58.89
3610,122017,179725,4008,30244,20703,3,59501,33853,2242,52467,35860,48972,40.44
3611,126754,140033,3476,31078,14987,441,74797,29166,5607,63933,41111,58415,47.51
3612,97618,260950,1197,14525,14088,92,66948,22137,5619,42439,24730,17491,27.22
3613,194976,112500,9803,12062,77887,384,56926,114474,5881,87486,71939,81259,63.41
3614,165861,105671,5053,24843,43010,223,55303,92176,5152,78093,55328,80827,61.08
3615,210849,68402,12826,7126,92518,224,48881,133593,8648,83870,83622,98309,75.51
3616,111648,176345,3352,5682,38143,244,53952,45843,5993,56982,43982,35273,38.77
3617,85449,175968,2910,4674,12470,66,63007,22303,6785,39470,27983,27959,32.69
3618,106589,181998,3759,5769,18396,553,83998,22684,9260,50322,38320,19117,36.93
3619,142588,182694,4950,6871,12590,55,129184,14795,11683,61120,54398,7320,43.84
3620,119399,208165,3391,10206,21728,133,93774,12552,12215,51196,46980,8132,36.45
3621,141359,178436,7411,3085,8506,166,133202,8336,16571,62117,55149,4314,44.2
3622,145973,173450,5309,6208,27026,168,121258,11830,15571,65260,58507,11320,45.7
3623,136796,190581,4666,1974,7350,92,129219,8827,16041,66872,58632,5081,41.79
3624,134812,183587,5199,2854,8949,366,127010,9586,16229,59028,53187,5582,42.34
3625,137369,188580,3385,6518,36960,146,97127,20689,10347,56251,51206,14899,42.14
3626,161894,176971,6828,9279,46679,404,108927,18975,12743,65711,64324,17996,47.78
3701,155304,150302,5122,2626,79116,83,73030,10842,17797,71744,61510,6722,50.82
3702,81941,213381,3371,5500,29529,0,46181,14278,6551,27051,26751,14329,27.75
3703,142517,154869,6822,2555,49047,39,89581,17087,25100,59674,55689,9805,47.92
3704,114934,187559,4658,5343,49685,118,60724,17995,12061,47144,35091,13401,38.0
3705,150542,155907,6618,3185,31546,72,117960,19145,15490,67744,58693,11539,49.12
3706,129912,167540,5340,5929,57763,17,68967,14806,11175,56162,45055,12690,43.67
3707,138826,174861,21221,3561,40025,97,83873,12538,17729,62564,49708,6761,44.26
3708,118803,158140,6842,3396,28448,85,90518,15012,15849,53706,48462,10910,42.9
3709,137617,157026,9516,3813,49300,135,83852,22545,24243,55020,49436,12736,46.71
3710,130934,169564,6980,4615,20554,474,112098,11875,13301,63155,58124,8703,43.57
3711,135174,170535,9770,2850,10132,171,122646,11088,15100,62841,53810,7227,44.22
3712,103855,178124,1983,6554,54369,204,41404,16782,10030,37734,29357,18235,36.83
3713,106746,176622,4650,3759,35862,30,68127,16700,12411,44753,39941,12328,37.67
3714,106000,211487,3005,5472,40124,7,59152,18551,8554,39662,31814,16844,33.39
3800,109298,213209,11229,2303,10216,60,95534,8721,11785,40637,37462,7377,33.89
3901,126416,203059,5204,4732,52650,217,75472,7675,10251,42658,46155,5914,38.37
3902,143633,163240,4991,1763,7338,175,141071,2785,15507,64869,66650,1432,46.81
3903,128347,200476,3507,10290,58426,299,72560,11851,9733,43307,41276,18876,39.03
3904,115257,190502,5274,2185,11344,29,107560,5994,13117,51199,48797,3559,37.7
3905,124086,195307,4367,3002,12386,10,112856,14600,15618,53658,49145,4645,38.85
3906,150603,172096,4232,2172,21826,117,134625,7547,18854,69827,63413,4066,46.67
3907,106729,218108,2687,4352,10967,0,94736,7628,10739,53410,43091,11482,32.86
3908,114548,189333,4454,4207,23900,31,93852,7315,11944,47015,45814,6767,37.7
3909,143848,188023,6219,3638,35747,124,110913,13979,13909,59317,58513,4584,43.34
3910,139956,188553,4073,4814,41756,154,102810,6006,17165,59280,49534,6029,42.6
3911,188508,163644,4213,5612,113108,192,74830,17821,13679,79436,76674,13951,53.53
3912,125051,175927,5825,3202,10537,0,117542,3721,16397,54584,53592,4458,41.55
3913,144908,188932,8065,5518,35230,0,116111,5260,14099,60996,52674,5488,43.41
3914,128401,194857,3733,3163,14749,0,117718,7994,16149,62744,54646,6017,39.72
3915,124561,195873,3664,5745,35151,167,93022,11345,12268,47808,46768,12014,38.87
4001,143212,174732,31243,6161,27958,109,105145,21908,15408,51933,55702,14945,45.04
4002,162723,143312,60317,3193,11324,295,135813,12835,21654,69999,78506,6195,53.17
4003,149495,147758,25337,4242,17326,327,120411,34451,17873,57257,63303,17224,50.29
4004,140437,165166,27129,5195,20406,722,117221,23156,22226,51734,60665,8358,45.95
4005,129685,191462,16906,6816,33249,612,96195,16025,15087,45569,50858,9018,40.38
4101,109386,184545,7205,12493,7306,582,92129,21582,11586,41589,40726,13345,37.21
4102,143723,138453,14069,4317,3299,394,133804,26873,20381,68156,60492,11102,50.93
4103,121909,161767,7859,14089,13482,757,99483,22451,11318,43704,45349,22211,42.97
4104,143692,148636,11564,8756,4548,939,136502,18559,21449,60282,60664,6963,49.15
4105,112896,169889,8170,8190,4485,495,103530,17975,13795,45512,40173,9887,39.92
4106,113401,154182,11299,7270,4977,509,96924,29439,13872,47098,44414,19890,42.38
4201,87336,206145,1034,6733,8242,64,73482,8886,9656,45255,33046,11690,29.76
4202,177949,122027,3983,17472,74691,560,71227,44040,10609,75638,76559,48367,59.32
4203,170516,159828,3062,14495,111483,251,47541,22165,11744,70467,64122,23863,51.62
4204,89474,209803,1617,6500,15782,0,71453,10091,8657,42866,34283,9477,29.9
4205,116582,178761,1210,10187,48593,0,61693,7730,8243,48311,43076,15470,39.47
4206,97307,192561,2808,3787,11753,89,72555,29190,9587,41786,41921,20308,33.57
4207,114654,181209,1871,3362,18586,108,88743,38345,11733,51823,51160,22244,38.75
4208,138318,172536,5522,3358,13966,160,121773,23966,16540,66877,57924,13855,44.5
4209,130827,175455,3945,2017,6751,281,123897,12514,17726,63854,56038,6161,42.71
4210,111910,198337,3917,6924,21466,0,87248,16704,12349,47524,43204,12059,36.07
4211,107709,186163,2239,3710,11751,0,93514,22046,10711,49269,42335,12323,36.65
4212,138893,200354,3557,6737,41223,47,99268,5147,14218,63049,54584,6317,40.94
4213,122989,178114,2046,2025,6338,435,117690,6331,15651,61878,54247,5620,40.85
4214,137236,186687,3907,2362,8957,1,132172,2899,16824,68815,58399,2834,42.37
4215,134338,161827,3107,3964,4776,208,128553,3899,16489,61245,54231,3584,45.36
4216,131701,185321,5002,2221,13212,71,123550,6652,14870,62444,55191,4212,41.54
4217,107669,218001,2814,3142,16924,87,93765,4614,11405,52202,41494,3122,33.06
4401,96894,120080,2682,3423,13520,96,73645,28262,7380,44988,40292,22246,44.66
4402,93148,130061,3603,3915,10096,152,76505,23334,9431,43312,34972,16481,41.73
4501,107165,183752,3565,3119,41118,106,65133,9547,19669,48147,38213,5898,36.84
4502,128672,165132,3087,3400,54206,134,76587,8941,17477,53726,47128,7937,43.8
4503,131090,163909,7209,2687,32423,170,101170,10121,14582,56937,50943,5788,44.44
4504,119654,172188,5883,3431,36698,0,79164,16470,12177,47781,46096,13221,41.0
4505,128479,164435,4057,2542,53671,50,76672,8289,16785,57686,47797,5404,43.86
4506,132708,157092,3532,3007,72690,203,62119,7559,19751,56290,46897,5395,45.79
4507,142810,152644,3861,3385,54315,128,89887,7383,17182,68849,57315,4274,48.34
4600,121432,235454,20793,3187,7772,449,103493,9798,16820,48539,45700,3201,34.03
4701,159145,153196,7510,2104,7581,407,154942,8357,20239,76478,74393,4868,50.95
4702,126736,190346,6640,2715,12012,145,117073,7929,13825,53653,48224,5051,39.97
4703,132539,179681,5115,2338,22987,49,111475,9239,16180,65396,60996,5637,42.45
4704,120162,168838,4255,4041,18150,3,102913,10771,12951,51856,49151,9312,41.58
4705,97627,212444,2629,4407,24596,104,70425,9945,7873,37028,33577,12614,31.49
4706,143388,175656,3871,3467,23703,87,120307,10831,13242,62403,57128,8027,44.94
4707,122226,184205,5275,4113,33069,70,93031,12197,19038,45293,50323,7866,39.89
4708,140351,159024,4685,2710,47816,8,95027,6825,14316,61785,61716,4386,46.88
4709,158820,146106,3290,3274,113900,79,41672,10554,12866,59908,47236,11232,52.08
4801,134019,147138,6339,2648,34623,70,99781,23366,16147,58230,51999,14139,47.67
4802,97400,174437,2170,3953,22679,220,70589,38515,11193,33967,32760,21967,35.83
4803,67817,210574,2489,6624,13496,73,49118,17071,6368,26784,20686,12033,24.36
4804,97588,197776,5201,6356,15298,153,77868,19776,10234,40374,34939,13763,33.04
4805,117356,148288,4049,6388,28180,104,82106,37915,15067,48244,41818,30035,44.18
4806,108611,163789,4329,5422,20262,317,73769,40934,9279,42686,38123,28379,39.87
4807,134933,181294,3841,21095,41193,138,55484,58560,6222,42072,32754,55769,42.67
4808,103209,170961,5115,9130,20248,26,69321,38562,15208,38212,32838,29234,37.64
4809,138305,141769,2919,12284,57744,519,51104,59098,8095,55612,43691,50885,49.38
4810,114737,178321,5618,6561,21228,125,84738,39713,11117,44870,37514,20058,39.15
4811,126062,166503,5918,3363,23448,312,90116,63914,19474,42031,43788,24279,43.09
4812,104144,187422,3888,6733,19830,1,69213,38005,10948,37250,33015,24130,35.72
4813,124030,168884,6804,4269,13175,127,106188,44595,13643,45424,47249,17584,42.34
4814,119940,174790,4819,5039,31608,464,81820,38165,13998,46467,44739,18350,40.69
4815,149893,101759,2340,2173,4967,191,130883,132326,9553,55878,55498,74794,59.56
4816,149100,117811,5121,3347,8978,45,113677,131493,20634,61181,55249,75647,55.86
4817,125685,162833,6180,3627,26240,238,93843,34782,13194,45609,49850,17743,43.56
4818,139354,143258,3771,7213,49929,490,65278,71663,7507,46937,47369,50961,49.31
4819,141602,153838,5579,3052,16006,228,115810,70235,13066,48451,52237,21273,47.93
4820,145490,134802,6403,5062,14824,397,112492,115208,18944,47708,60033,36668,51.91
4821,103948,206803,5553,4072,11228,351,87091,48126,15067,41751,41075,16854,33.45
4822,94123,176301,2903,11663,22574,236,52932,38727,10731,42389,30784,26472,34.81
4823,121183,142530,5147,3537,8232,134,98587,92022,19277,49214,51699,41182,45.95
4824,83615,212305,3430,8235,18734,74,50217,26735,6558,26516,22668,20970,28.26
4825,111158,171485,4608,5216,20854,124,81198,34252,11501,44139,39265,22172,39.33
4826,73887,219279,4503,6607,14715,4,54032,18989,8020,26305,24800,12134,25.2
4827,132792,152940,4023,1939,9194,259,115771,87977,17344,56817,52279,21264,46.47
4828,139061,113509,3731,2159,8736,49,114004,116100,15600,55595,60287,56613,55.06
4829,148063,104914,3595,4952,38142,97,79394,95595,8205,54312,51457,66818,58.53
4830,134588,142238,4471,4506,64460,165,54972,54251,10515,46150,55184,39310,48.62
4831,96480,199921,5712,5520,15972,189,75846,32133,20294,39531,39592,12401,32.55
4832,120411,187260,4417,10835,36331,107,65693,46611,6594,36051,30810,38890,39.14
4833,128759,151352,4695,7009,38794,200,58209,66163,8587,42303,40647,49087,45.97
4834,156485,82934,1313,1328,1800,110,140024,145113,8089,62250,56961,86763,65.36
4835,128813,172895,5841,5994,18521,180,95811,76017,14513,40843,47531,33037,42.69
4836,122149,152165,3716,7523,26066,6,80477,47965,14870,48257,45019,30302,44.53
4837,96535,258443,3423,10427,15645,77,67692,38639,6321,26648,23085,19331,27.19
4838,104490,185790,3091,11449,31771,76,58953,42454,8275,35149,30949,30794,36.0
4901,93688,188357,4398,4876,3499,360,85108,18981,11154,31537,34268,9158,33.22
4902,100029,190647,4527,5867,4902,361,87004,22680,12209,37927,36763,13490,34.41
4903,93327,179881,6683,5615,2553,601,83131,15899,6571,28329,34235,10055,34.16
4904,74244,181238,3824,4630,3527,255,63473,19760,6010,25383,26309,12401,29.06
5000,116458,153704,5119,4419,3972,38,113506,4111,9175,51207,44890,4103,43.11
5101,89823,218086,2789,4854,27666,0,60299,8076,15337,44667,35290,7792,29.17
5102,99399,210085,3632,8089,39582,199,59507,11347,25814,41062,37924,7464,32.12
5103,142795,178914,5385,6474,90047,231,53956,13360,34880,52462,54135,8328,44.39
5104,133660,180045,3228,5035,73276,9,59808,10585,15891,57246,53247,8480,42.61
5105,127108,183289,3531,4088,41821,378,88212,6792,16315,59935,49749,3355,40.95
5106,127380,183593,4321,3268,20687,0,108481,12342,17352,57275,48303,8673,40.96
5107,81778,190877,4203,8908,25933,674,51509,19447,17695,34886,25874,17258,29.99
5108,73535,244538,2480,13537,21725,26,36502,20130,7869,28549,18367,28465,23.12
5109,154523,167646,3132,3220,13331,53,142820,6176,16194,72152,69887,3996,47.96
5110,59976,202944,2388,11398,10803,583,41542,17372,8494,26205,20543,19308,22.81
5111,52452,228646,1913,16401,9711,288,29353,11005,5665,22933,14967,20305,18.66
5301,79612,217162,3950,14569,6327,107,63878,12661,8272,34642,27304,17511,26.83
5302,115834,194200,8669,14362,6331,116,98650,19350,15493,48629,44003,18018,37.36
5303,125294,174641,9092,7124,5930,973,115526,20680,18227,52038,53783,12260,41.77
5304,139184,138518,10917,5382,5378,700,111545,59635,14847,54026,56436,34462,50.12
5305,136914,167163,11488,8077,6266,608,125218,19435,22002,53830,58252,9772,45.03
5306,123966,188026,12033,10649,12295,1014,108145,15971,26428,58633,52263,9120,39.73
5307,108474,244037,6017,25448,16321,546,75646,15212,6404,36169,32176,18964,30.77
5308,87722,191638,6958,10008,6813,445,70215,20340,12426,37096,34189,17613,31.4
5309,109551,184799,7647,25671,23848,1001,61256,21522,9179,39846,36971,35566,37.22
5310,112591,182468,8505,16656,18257,1538,91072,20010,25821,42856,43472,13611,38.16
5401,195287,165138,6780,1876,17316,54,185417,4240,23705,92221,93085,1865,54.18
5402,165187,196591,7114,3598,9874,597,160269,5962,18484,69899,69910,2295,45.66
5501,107830,192280,3175,1990,15431,0,93405,20830,9168,47965,39498,8600,35.93
5502,102867,212720,1884,8605,14625,383,88130,10814,7339,33452,27729,6562,32.6
5503,112829,187082,3481,4411,3434,23,108265,6733,13368,49145,40660,5029,37.62
5504,156461,146596,4984,7347,77560,0,70950,31407,9617,53350,57033,21721,51.63
5505,79771,223487,1826,2593,5153,0,75439,7677,8904,40380,27698,4877,26.3
5506,105840,201659,4035,4697,4762,356,97955,8398,12106,46243,37696,5099,34.42
5507,120256,194016,9180,2244,2299,1,115656,5253,13647,58839,49112,4759,38.26
5508,106042,199989,6819,3730,4978,222,96914,12715,10828,49278,38752,7335,34.65
5600,84623,158136,6138,2347,3436,355,79205,12994,10640,31318,33822,2302,34.86
7298,934091,231895,22537,3604,150633,0,588454,929717,35166,508286,404748,832560,80.11
