puma22,Num Eligible,Num Ineligible,Percentage Eligible
0100100,34308,38181,47.33
0100200,12697,27626,31.49
0100300,24639,36157,40.53
0100401,15103,29067,34.19
0100402,22287,45027,33.11
0100403,15367,31526,32.77
0100501,19154,23245,45.18
0100600,24791,21429,53.64
0100700,25616,22539,53.19
0100800,25857,18774,57.94
0100900,26788,28107,48.8
0101000,25505,28720,47.04
0101100,27175,20880,56.55
0101201,12899,24781,34.23
0101202,27608,21521,56.19
0101301,21002,22178,48.64
0101401,19156,25963,42.46
0101402,22358,27865,44.52
0101403,46931,32900,58.79
0101404,22256,54450,29.01
0101501,15224,37935,28.64
0101502,18114,31978,36.16
0101600,29989,24206,55.34
0101700,22443,21528,51.04
0101801,23540,20921,52.95
0101802,22395,20303,52.45
0101901,16029,22020,42.13
0102000,23232,20672,52.92
0102101,23572,25873,47.67
0102201,21815,18576,54.01
0102300,30726,30407,50.26
0102400,19749,20009,49.67
0102500,25850,22289,53.7
0102600,29392,19035,60.69
0102701,16190,31967,33.62
0102702,15450,30502,33.62
0102801,25983,25102,50.86
0102802,25737,25879,49.86
0102803,34782,25475,57.72
0200101,19665,29850,39.72
0200102,18222,41781,30.37
0200200,28729,37539,43.35
0200300,22990,39573,36.75
0200400,17086,15834,51.9
0400101,24112,48825,33.06
0400102,21014,34781,37.66
0400103,23958,23665,50.31
0400104,19571,25904,43.04
0400105,14773,43765,25.24
0400106,17236,30518,36.09
0400107,11144,39160,22.15
0400108,15271,30087,33.67
0400109,19236,27587,41.08
0400110,14954,50313,22.91
0400111,11154,40023,21.79
0400112,10701,47471,18.4
0400113,11731,31191,27.33
0400114,19757,27835,41.51
0400115,22518,21544,51.11
0400116,21727,28948,42.88
0400117,17422,32844,34.66
0400118,25012,23407,51.66
0400119,22625,12808,63.85
0400120,11338,31497,26.47
0400121,27474,20651,57.09
0400122,20515,8121,71.64
0400123,23816,9791,70.87
0400124,24080,16016,60.06
0400125,23433,17957,56.62
0400126,18568,29988,38.24
0400127,18450,30166,37.95
0400128,15395,28009,35.47
0400129,13127,38817,25.27
0400130,24866,37303,40.0
0400131,14447,30896,31.86
0400132,15521,34596,30.97
0400133,19767,20423,49.18
0400134,19722,41539,32.19
0400135,10169,46607,17.91
0400400,23317,17919,56.55
0400500,29009,26327,52.42
0400601,28873,25174,53.42
0400602,26518,23107,53.44
0400701,22587,18697,54.71
0400803,20844,36819,36.15
0400805,17803,23189,43.43
0400807,25634,26280,49.38
0400900,34252,32826,51.06
0401000,38716,21247,64.57
0401101,22969,18765,55.04
0401901,21315,21739,49.51
0401902,22439,34028,39.74
0401903,14439,34730,29.37
0401904,11370,40194,22.05
0401905,13467,26514,33.68
0401906,26943,26763,50.17
0401907,30787,21760,58.59
0401908,27493,14085,66.12
0401909,23310,25359,47.89
0402502,27297,36846,42.56
0402503,20285,27357,42.58
0500101,22223,42178,34.51
0500102,14668,27967,34.4
0500201,24604,28724,46.14
0500202,18603,21716,46.14
0500300,36241,29470,55.15
0500400,27500,18310,60.03
0500500,23817,19664,54.78
0500600,36079,20933,63.28
0500700,28308,22745,55.45
0500800,23707,20017,54.22
0500900,35406,41112,46.27
0501000,30454,20509,59.76
0501100,44923,36159,55.4
0501200,30864,22175,58.19
0501300,37289,32689,53.29
0501400,24996,35459,41.35
0501501,41017,45106,47.63
0501502,37340,48226,43.64
0501600,34608,28190,55.11
0501700,27829,21262,56.69
0502800,18,25,41.86
0600101,16578,35398,31.9
0600111,20163,25242,44.41
0600112,11750,34091,25.63
0600113,22265,18268,54.93
0600114,27704,44103,38.58
0600115,13681,21694,38.67
0600116,14204,16967,45.57
0600117,10593,22384,32.12
0600118,11316,29303,27.86
0600119,9827,33972,22.44
0600120,9248,31959,22.44
0600121,9926,27949,26.21
0600122,13791,17186,44.52
0600123,19358,19778,49.46
0600300,35618,45829,43.73
0600700,40192,41161,49.4
0601100,25655,19211,57.18
0601301,23857,20649,53.6
0601305,8352,42928,16.29
0601308,19643,18755,51.16
0601309,13961,27719,33.5
0601310,17990,31706,36.2
0601311,18031,29202,38.17
0601312,7075,31299,18.44
0601313,20408,46040,30.71
0601314,17502,16243,51.87
0601500,25382,24416,50.97
0601700,24554,50355,32.78
0601901,29582,11180,72.57
0601902,31228,43505,41.79
0601903,24968,10884,69.64
0601904,40296,16787,70.59
0601905,23180,10864,68.09
0601906,15196,26228,36.68
0601907,21293,17455,54.95
0602300,31636,23547,57.33
0602500,31686,16164,66.22
0602903,37183,13772,72.97
0602904,25292,6250,80.19
0602905,38031,30280,55.67
0602906,26851,17175,60.99
0602907,16415,16737,49.51
0602908,24794,30169,45.11
0603100,24053,19090,55.75
0603300,33736,28010,54.64
0603703,29313,24675,54.3
0603704,29522,21454,57.91
0603705,25963,36640,41.47
0603706,23479,20766,53.07
0603707,24452,11766,67.51
0603708,25366,16298,60.88
0603709,11372,28951,28.2
0603710,28139,23578,54.41
0603711,19534,34655,36.05
0603712,24876,15170,62.12
0603713,14726,18659,44.11
0603714,14964,19646,43.24
0603715,18686,15113,55.29
0603716,14643,9012,61.9
0603717,30245,31888,48.68
0603718,20550,36182,36.22
0603719,34618,36167,48.91
0603720,20550,29187,41.32
0603721,31247,23983,56.58
0603722,36884,26465,58.22
0603723,26960,13886,66.0
0603724,28579,35821,44.38
0603725,30895,34949,46.92
0603728,16976,33924,33.35
0603730,33351,39923,45.52
0603731,19465,39251,33.15
0603732,41807,35288,54.23
0603733,29499,15537,65.5
0603734,46386,32156,59.06
0603735,31774,31142,50.5
0603736,18518,23272,44.31
0603737,23076,14750,61.01
0603738,24584,8723,73.81
0603739,20387,32531,38.53
0603740,20758,14916,58.19
0603741,26825,7901,77.25
0603742,25765,7100,78.4
0603743,21953,8519,72.04
0603744,46170,26630,63.42
0603745,25473,4068,86.23
0603746,23861,7197,76.83
0603747,36195,27970,56.41
0603748,22170,59587,27.12
0603750,42654,11462,78.82
0603751,33679,5574,85.8
0603752,30986,11973,72.13
0603753,18800,16903,52.66
0603754,17172,22354,43.44
0603757,29414,15239,65.87
0603758,31131,21734,58.89
0603759,22499,14298,61.14
0603760,10833,44766,19.48
0603761,14052,35271,28.49
0603762,15270,17618,46.43
0603763,23753,20813,53.3
0603764,21111,30025,41.28
0603766,22969,13051,63.77
0603767,32997,29702,52.63
0603768,11402,29775,27.69
0603770,15199,25786,37.08
0603771,14198,20910,40.44
0603772,10592,20394,34.18
0603773,16011,24576,39.45
0603774,16981,38432,30.64
0603775,15609,37291,29.51
0603776,16002,27129,37.1
0603778,22018,16610,57.0
0603779,14155,37594,27.35
0603780,22004,22922,48.98
0603781,15834,11031,58.94
0603782,23727,14168,62.61
0603900,25642,18407,58.21
0604103,12849,26165,32.93
0604104,16698,47666,25.94
0604701,23245,11076,67.73
0604702,30567,20078,60.36
0605301,26815,43447,38.16
0605302,26862,18262,59.53
0605303,18061,20084,47.35
0605500,18750,30661,37.95
0605700,17828,25685,40.97
0605906,23297,42480,35.42
0605907,27663,38098,42.07
0605908,22885,36989,38.22
0605909,25837,17555,59.54
0605912,31011,20876,59.77
0605913,26700,16317,62.07
0605914,26399,52818,33.32
0605916,22748,11834,65.78
0605917,25082,14138,63.95
0605918,22887,43859,34.29
0605919,29062,32761,47.01
0605920,15965,29623,35.02
0605921,16271,32424,33.41
0605922,15490,29074,34.76
0605923,19560,32393,37.65
0605924,14454,26406,35.37
0605925,20941,57538,26.68
0605926,11101,32896,25.23
0605927,8608,29025,22.87
0605928,18719,54287,25.64
0606101,20252,40051,33.58
0606102,14932,34988,29.91
0606103,14935,30760,32.68
0606501,36057,25352,58.72
0606502,26986,31085,46.47
0606507,29782,25915,53.47
0606509,22828,12962,63.78
0606511,24605,23767,50.87
0606514,20467,25430,44.59
0606515,33208,32707,50.38
0606516,15703,18958,45.3
0606517,17471,21064,45.34
0606518,14664,12707,53.57
0606519,14509,12403,53.91
0606520,18750,25337,42.53
0606521,11909,20065,37.25
0606522,18277,22935,44.35
0606523,16602,29737,35.83
0606524,23559,34365,40.67
0606525,27310,18304,59.87
0606701,20587,23704,46.48
0606703,17833,29975,37.3
0606704,30694,20020,60.52
0606705,20897,28154,42.6
0606706,21114,17062,55.31
0606707,22294,38770,36.51
0606709,27214,23828,53.32
0606712,10313,33582,23.49
0606713,15767,22607,41.09
0606714,29837,20036,59.83
0606715,11744,20555,36.36
0606716,12705,20054,38.78
0606717,14071,18427,43.3
0607101,30671,21107,59.24
0607102,34694,16706,67.5
0607103,31112,27350,53.22
0607104,21965,20838,51.32
0607105,20735,30264,40.66
0607107,20061,12858,60.94
0607108,34361,13902,71.2
0607110,20970,10153,67.38
0607111,23167,34343,40.28
0607112,19710,19066,50.83
0607115,13538,19058,41.53
0607116,20748,16561,55.61
0607117,18068,13593,57.07
0607118,30669,27104,53.09
0607119,19951,32015,38.39
0607301,26028,36458,41.65
0607302,13377,28519,31.93
0607306,24611,21150,53.78
0607307,15936,22872,41.06
0607308,11372,36758,23.63
0607310,19865,52326,27.52
0607311,8501,31607,21.2
0607312,14904,26901,35.65
0607313,31001,32099,49.13
0607314,20883,43276,32.55
0607315,20051,46060,30.33
0607316,33386,57066,36.91
0607317,30864,28520,51.97
0607322,19906,20097,49.76
0607323,13902,20526,40.38
0607324,13678,40886,25.07
0607325,18525,28341,39.53
0607326,13804,49799,21.7
0607327,25113,16398,60.5
0607328,18767,23387,44.52
0607329,19808,29743,39.97
0607330,35773,19688,64.5
0607507,19214,12648,60.3
0607508,13259,30274,30.46
0607509,18306,33880,35.08
0607510,19917,26708,42.72
0607511,14655,42512,25.64
0607512,13245,26396,33.41
0607513,12947,21451,37.64
0607514,13475,32376,29.39
0607705,32852,31285,51.22
0607706,33962,15775,68.28
0607707,14310,22388,38.99
0607708,27462,28627,48.96
0607709,13679,21397,39.0
0607901,26901,40707,39.79
0607902,15489,24478,38.75
0608101,18220,28238,39.22
0608102,14154,28881,32.89
0608103,12136,29248,29.33
0608104,10828,35064,23.59
0608105,11270,39442,22.22
0608106,9585,26391,26.64
0608301,22558,17442,56.4
0608302,17944,18350,49.44
0608303,28159,46099,37.92
0608505,12961,14925,46.48
0608506,15327,25141,37.87
0608507,10634,41363,20.45
0608508,15043,35663,29.67
0608510,22018,33036,39.99
0608511,10678,28521,27.24
0608512,8308,29747,21.83
0608515,6985,28980,19.42
0608516,14659,47428,23.61
0608517,12731,37050,25.57
0608518,11785,20467,36.54
0608519,20323,39210,34.14
0608520,14974,17781,45.72
0608521,18238,15911,53.41
0608522,7842,32607,19.39
0608701,20628,28784,41.75
0608702,17417,30525,36.33
0608900,33977,37528,47.52
0609501,25244,31033,44.86
0609502,23825,26323,47.51
0609503,16799,34944,32.47
0609702,16801,31612,34.7
0609704,15578,34739,30.96
0609705,15954,21796,42.26
0609706,20384,33714,37.68
0609901,17390,16540,51.25
0609902,22138,17006,56.56
0609903,27586,33908,44.86
0609904,20443,19130,51.66
0610100,34766,26850,56.42
0610701,28605,22483,55.99
0610702,29500,17975,62.14
0610703,30297,14664,67.39
0611102,15370,39264,28.13
0611103,27203,23818,53.32
0611104,16011,31763,33.51
0611107,15139,20603,42.36
0611108,16245,29382,35.6
0611109,15235,29171,34.31
0611301,16568,19385,46.08
0611302,18841,22052,46.07
0800100,16677,26372,38.74
0800200,12798,31511,28.88
0800301,14751,29203,33.56
0800302,21347,38684,35.56
0800303,13884,34166,28.89
0800401,10565,34985,23.19
0800501,15920,34743,31.42
0800502,17487,33297,34.43
0800601,14496,52319,21.7
0800701,15049,36526,29.18
0800702,19432,33914,36.43
0800703,20259,41843,32.62
0800801,10016,43150,18.84
0800901,7679,40583,15.91
0800902,8877,37931,18.96
0801001,16379,20562,44.34
0801002,20078,25042,44.5
0801003,12344,27174,31.24
0801101,25665,40797,38.62
0801201,16443,23701,40.96
0801202,26637,36356,42.29
0801301,24460,24418,50.04
0801401,11057,24984,30.68
0801501,14666,33132,30.68
0801601,19495,21894,47.1
0801602,9147,39401,18.84
0801603,10852,29399,26.96
0801701,27453,48774,36.01
0801702,28142,43434,39.32
0801703,22901,24062,48.76
0801704,16892,45372,27.13
0801705,32964,55039,37.46
0801800,18621,26970,40.84
0801900,23077,20777,52.62
0802001,15085,23464,39.13
0802002,12047,43104,21.84
0802003,15407,34162,31.08
0802004,20472,28890,41.47
0802005,17712,33214,34.78
0802006,23880,27367,46.6
0802101,20096,26183,43.42
0802200,21641,28782,42.92
0802301,35237,28712,55.1
0802401,22222,20300,52.26
0802501,24251,33181,42.23
0920100,16828,29934,35.99
0920201,31168,14323,68.51
0920202,18469,43831,29.65
0920203,16286,27928,36.83
0920204,28433,30471,48.27
0920205,12833,33928,27.44
0920206,28580,31935,47.23
0920207,21035,45016,31.85
0920301,19866,21966,47.49
0920401,19291,33041,36.86
0920402,28987,34003,46.02
0920500,21727,52338,29.34
0920601,35050,21323,62.18
0920602,23658,32078,42.45
0920603,27734,39307,41.37
0920604,15988,40318,28.39
0920701,28039,17060,62.17
0920702,24247,46995,34.03
0920703,19501,40542,32.48
0920801,35500,22232,61.49
0920802,18209,45585,28.54
0920901,24569,50929,32.54
0920902,10927,26082,29.53
0920903,16254,28526,36.3
0920904,25366,49934,33.69
1000101,14004,37481,27.2
1000102,22891,29360,43.81
1000103,13629,25449,34.88
1000104,14491,24719,36.96
1000105,12064,26449,31.32
1000200,31057,39197,44.21
1000301,21151,30953,40.59
1000302,21374,31254,40.61
1100101,8278,40175,17.08
1100102,17130,29388,36.82
1100103,15752,35846,30.53
1100104,40392,21033,65.76
1100105,16600,39264,29.72
1100106,16670,39034,29.93
1200101,31804,30589,50.97
1200102,14654,31139,32.0
1200398,20054,28925,40.94
1200500,33519,43241,43.67
1200798,37874,34617,52.25
1200901,17335,26038,39.97
1200902,16934,39820,29.84
1200903,21115,32401,39.46
1200904,30106,27420,52.33
1200905,17298,26107,39.85
1201101,13932,23043,37.68
1201102,18478,22899,44.66
1201103,22164,23513,48.52
1201104,22276,27373,44.87
1201105,19814,21608,47.83
1201106,30842,39030,44.14
1201107,22839,13890,62.18
1201108,23361,33101,41.37
1201109,22421,24534,47.75
1201110,14312,27545,34.19
1201111,13809,26864,33.95
1201112,15938,22899,41.04
1201113,22705,23387,49.26
1201114,21672,16585,56.65
1201115,11206,23075,32.69
1201116,23260,27232,46.07
1201117,9526,22588,29.66
1201398,35124,33674,51.05
1201500,35670,53318,40.08
1201700,30467,37801,44.63
1201901,14536,24486,37.25
1201902,15431,26010,37.24
1202101,15689,46670,25.16
1202102,20014,31793,38.63
1202103,19020,30745,38.22
1202799,33832,27537,55.13
1203101,25966,31467,45.21
1203102,33034,13087,71.62
1203103,38242,34537,52.55
1203104,20661,26811,43.52
1203105,19545,36483,34.88
1203106,21086,49397,29.92
1203107,20375,35609,36.39
1203301,17097,24727,40.88
1203302,22119,23061,48.96
1203303,19253,20740,48.14
1203500,17207,29889,36.54
1204798,21278,15975,57.12
1205199,23131,13952,62.38
1205300,37445,44052,45.95
1205701,36816,22553,62.01
1205702,15070,29870,33.53
1205703,28232,41430,40.53
1205704,20721,31299,39.83
1205705,29133,37941,43.43
1205706,20878,26749,43.84
1205707,22789,36797,38.25
1205708,13229,26905,32.96
1205709,12924,25052,34.03
1205710,16383,38450,29.88
1205711,15409,28801,34.85
1205998,23012,29690,43.66
1206100,25653,44321,36.66
1206901,18439,23992,43.46
1206902,20816,40128,34.16
1206903,19997,38022,34.47
1207101,20080,39417,33.75
1207102,17116,26667,39.09
1207103,35812,32398,52.5
1207104,24372,25590,48.78
1207105,16724,37884,30.63
1207106,16812,27524,37.92
1207301,17845,42066,29.79
1207302,35095,26418,57.05
1208101,18413,39279,31.92
1208102,20502,30677,40.06
1208103,14815,39830,27.11
1208301,20743,23574,46.81
1208302,21767,25541,46.01
1208303,29149,36576,44.35
1208500,25804,43393,37.29
1208601,20214,18593,52.09
1208602,24163,11347,68.05
1208603,19798,16972,53.84
1208604,18245,20575,47.0
1208605,22387,14615,60.5
1208606,29630,10250,74.3
1208607,26427,11678,69.35
1208608,17379,16029,52.02
1208609,29862,10516,73.96
1208610,17104,16318,51.18
1208611,27103,21346,55.94
1208612,19398,26567,42.2
1208613,36116,17378,67.51
1208614,19479,32036,37.81
1208615,27992,14106,66.49
1208616,11524,28335,28.91
1208617,17917,17942,49.97
1208618,17031,16410,50.93
1208619,16665,18324,47.63
1208620,16345,22586,41.98
1208621,21229,24825,46.1
1208622,25920,15945,61.91
1208623,18083,16716,51.96
1208624,24835,10821,69.65
1208625,18559,25883,41.76
1209101,15562,28580,35.25
1209102,14226,26134,35.25
1209501,25051,25658,49.4
1209502,21373,27651,43.6
1209503,19482,41670,31.86
1209504,32665,27867,53.96
1209505,26467,31807,45.42
1209506,24882,15213,62.06
1209507,22167,34187,39.34
1209508,22155,18738,54.18
1209509,21021,25770,44.93
1209510,22936,25516,47.34
1209701,18343,16649,52.42
1209702,14945,20101,42.64
1209703,30819,32183,48.92
1209901,12745,34754,26.83
1209902,19007,35799,34.68
1209903,35597,32562,52.23
1209904,27712,20916,56.99
1209905,24076,23100,51.03
1209906,27152,42612,38.92
1209907,24830,38025,39.5
1209908,15751,38931,28.8
1209909,16134,28858,35.86
1209910,10024,34775,22.38
1209911,23144,28972,44.41
1210101,23118,35714,39.29
1210102,21578,28255,43.3
1210103,32957,28268,53.83
1210104,16595,43023,27.84
1210301,16254,35732,31.27
1210302,19656,32938,37.37
1210303,19733,27588,41.7
1210304,20617,29358,41.25
1210305,14600,34529,29.72
1210306,24308,26411,47.93
1210307,26533,45845,36.66
1210308,16536,30037,35.51
1210501,21312,19195,52.61
1210502,34074,34563,49.64
1210503,24224,34660,41.14
1210504,33201,27607,54.6
1210505,24622,22980,51.72
1210799,22128,21532,50.68
1210902,9387,31191,23.13
1210903,12640,41972,23.15
1211101,21468,22179,49.19
1211102,17272,23955,41.89
1211103,18027,28479,38.76
1211300,21453,50269,29.91
1211501,19664,41489,32.16
1211502,20112,50506,28.48
1211503,24046,48202,33.28
1211701,13950,34422,28.84
1211702,20326,26699,43.22
1211703,19886,27465,42.0
1211704,10923,34309,24.15
1211900,20912,43139,32.65
1212701,23605,29588,44.38
1212702,33672,35451,48.71
1212703,31652,37697,45.64
1212704,22461,30311,42.56
1300100,31666,37542,45.75
1300200,17800,17946,49.8
1300300,31473,40765,43.57
1300400,24598,32848,42.82
1300500,25556,25372,50.18
1300601,16646,19837,45.63
1300602,16347,19487,45.62
1300701,7133,28411,20.07
1300702,10236,40687,20.1
1300801,9001,30303,22.9
1300802,15306,45384,25.22
1300900,14286,24281,37.04
1301000,29145,33397,46.6
1301100,20564,37607,35.35
1301200,20199,31248,39.26
1301301,16735,33656,33.21
1301302,10895,43309,20.1
1301303,24363,40495,37.56
1301304,15041,33448,31.02
1301305,26465,48349,35.37
1301401,13333,42114,24.05
1301402,9527,41940,18.51
1301403,11264,40883,21.6
1301404,19425,64518,23.14
1301405,23890,46130,34.12
1301406,37575,26752,58.41
1301407,21734,23292,48.27
1301408,19399,22566,46.23
1301501,14740,44259,24.98
1301502,18606,27192,40.63
1301503,16847,27181,38.26
1301504,13984,30253,31.61
1301505,14775,24432,37.68
1301506,17792,26109,40.53
1301601,23736,35911,39.79
1301602,13236,31332,29.7
1301603,15460,28819,34.91
1301604,17360,24322,41.65
1301605,19055,25333,42.93
1301606,20406,22479,47.58
1301607,20640,25866,44.38
1301700,24075,31303,43.47
1301800,26161,29171,47.28
1301900,17954,31046,36.64
1302000,22278,26179,45.97
1302100,32420,42237,43.43
1302201,15011,27723,35.13
1302202,15249,27033,36.06
1302301,33388,23049,59.16
1302302,26737,23041,53.71
1302400,12584,31375,28.63
1302500,16425,38977,29.65
1302600,19062,24797,43.46
1302700,19380,19553,49.78
1302800,28398,30468,48.24
1302900,31515,34648,47.63
1303000,29575,28251,51.14
1303100,25819,20942,55.21
1303200,15106,35803,29.67
1303301,19608,17077,53.45
1303302,20191,17825,53.11
1303400,28196,29928,48.51
1303500,29208,19059,60.51
1303600,26729,36616,42.2
1303700,30272,26077,53.72
1303800,40867,43071,48.69
1303900,26980,17528,60.62
1304000,24952,22423,52.67
1304100,22848,19065,54.51
1304200,27766,20987,56.95
1304300,24682,20457,54.68
1304400,33401,25317,56.88
1304500,31223,21173,59.59
1304600,22038,23518,48.38
1304701,36478,33558,52.08
1304702,15746,35246,30.88
1304800,26547,34843,43.24
1500100,37837,41957,47.42
1500200,34847,37347,48.27
1500301,15543,12844,54.75
1500302,11403,26114,30.39
1500303,11588,28315,29.04
1500304,27251,37037,42.39
1500305,18910,17664,51.7
1500306,17272,30777,35.95
1500307,15707,28380,35.63
1500308,16630,22583,42.41
1600100,22831,30340,42.94
1600200,24653,41276,37.39
1600300,19860,24151,45.13
1600400,20387,29637,40.75
1600500,23599,24563,49.0
1600600,22403,35335,38.8
1600701,17099,33637,33.7
1600702,16589,29863,35.71
1600800,18554,33571,35.6
1600900,20418,22525,47.55
1601000,18997,24845,43.33
1601100,21813,25169,46.43
1601200,17103,25778,39.88
1601300,22713,25929,46.69
1700100,25717,33569,43.38
1700701,21668,33209,39.48
1701901,30551,40008,43.3
1701902,28259,32163,46.77
1702900,24227,29322,45.24
1703101,16951,32695,34.14
1703102,16209,23168,41.16
1703103,13129,28925,31.22
1703104,14083,34433,29.03
1703105,16309,34640,32.01
1703106,13060,41385,23.99
1703107,21220,36889,36.52
1703108,24252,42265,36.46
1703109,22328,23315,48.92
1703110,17373,24517,41.47
1703111,18482,24984,42.52
1703112,21599,27765,43.75
1703113,22558,34754,39.36
1703114,28881,38589,42.81
1703115,16114,35340,31.32
1703116,23640,29883,44.17
1703117,33309,22423,59.77
1703118,29630,30659,49.15
1703151,21437,34036,38.64
1703152,26266,37168,41.41
1703153,36882,50702,42.11
1703154,18189,75597,19.39
1703155,22411,39714,36.07
1703156,20595,28728,41.76
1703157,37957,20106,65.37
1703158,39954,15783,71.68
1703159,24887,48913,33.72
1703160,24073,81615,22.78
1703161,40448,26939,60.02
1703162,26195,25679,50.5
1703163,33183,17596,65.35
1703164,29659,26308,52.99
1703165,36350,10415,77.73
1703166,27285,22662,54.63
1703167,35848,18453,66.02
1703168,34185,19394,63.8
1703700,24649,35655,40.87
1704301,19466,39771,32.86
1704302,12116,31948,27.5
1704303,13610,35405,27.77
1704304,11127,32125,25.73
1704305,13198,33287,28.39
1704306,13308,36327,26.81
1704307,14332,44088,24.53
1704900,21411,27746,43.56
1707300,24523,32051,43.35
1708901,9592,37331,20.44
1708902,20243,28128,41.85
1708903,13083,32449,28.73
1708904,23338,18654,55.58
1709100,23223,36325,39.0
1709300,14719,31711,31.7
1709500,24457,36102,40.39
1709701,20381,34326,37.25
1709702,25115,24406,50.72
1709703,16442,39958,29.15
1709704,6917,35703,16.23
1709705,10522,40206,20.74
1709900,25071,34531,42.06
1711101,16602,34768,32.32
1711102,18456,48046,27.75
1711300,24206,45057,34.95
1711500,26760,31116,46.24
1711700,21601,28572,43.05
1711901,27902,30881,47.47
1711902,14136,36610,27.86
1712100,27819,40468,40.74
1713500,22033,33289,39.83
1714300,34633,44681,43.67
1716100,24676,35511,41.0
1716301,26791,36322,42.45
1716302,19657,30113,39.5
1716500,23883,27817,46.2
1716700,32442,51972,38.43
1717900,20616,34593,37.34
1719500,28564,42728,40.07
1719701,14223,44602,24.18
1719702,13662,31949,29.95
1719703,24018,24892,49.11
1719704,8298,36109,18.69
1719705,13069,31857,29.09
1719900,39960,36005,52.6
1720101,39734,39396,50.21
1800101,26271,16928,60.81
1800102,26856,18421,59.31
1800103,19043,28820,39.79
1800104,16216,39703,29.0
1800200,23674,44581,34.68
1800300,18514,24931,42.61
1800401,20975,22457,48.29
1800402,21891,41752,34.4
1800501,15228,20426,42.71
1800502,14257,19106,42.73
1800600,26214,35759,42.3
1800700,17254,23515,42.32
1800800,19031,29108,39.53
1800900,20643,32798,38.63
1801001,30352,26370,53.51
1801002,22726,30266,42.89
1801003,12704,32417,28.16
1801100,19068,29990,38.87
1801200,33359,40165,45.37
1801300,25785,32613,44.15
1801400,23481,28742,44.96
1801500,20452,22194,47.96
1801600,17901,23218,43.53
1801700,22127,20012,52.51
1801801,14210,44558,24.18
1801901,8438,46144,15.46
1801902,9381,37570,19.98
1802000,27368,26541,50.77
1802100,24344,21633,52.95
1802200,18738,28389,39.76
1802300,15837,49914,24.09
1802401,17875,28065,38.91
1802402,14566,33751,30.15
1802403,22187,28252,43.99
1802404,30827,26881,53.42
1802405,35125,33506,51.18
1802406,27575,33855,44.89
1802407,29164,32969,46.94
1802500,17143,44973,27.6
1802600,18995,31689,37.48
1802700,23130,22448,50.75
1802800,31644,32787,49.11
1802900,27026,29688,47.65
1803000,20624,30046,40.7
1803100,16812,26182,39.1
1803200,17263,30419,36.2
1803300,15767,33181,32.21
1803400,34226,45089,43.15
1803500,23500,35043,40.14
1803600,21798,35551,38.01
1803700,21507,28088,43.37
1900100,16354,31242,34.36
1900200,20805,27474,43.09
1900301,14442,30732,31.97
1900302,15885,33793,31.98
1900400,18028,30667,37.02
1900500,23939,30012,44.37
1900600,21336,32671,39.51
1900700,24360,39429,38.19
1900800,22164,30550,42.05
1900900,28589,43535,39.64
1901100,20118,41183,32.82
1901200,19130,27976,40.61
1901300,19091,30601,38.42
1901400,14769,32680,31.13
1901501,19556,50928,27.75
1901502,13826,38434,26.46
1901503,36286,44717,44.8
1901600,13600,34711,28.15
1901800,19817,25528,43.7
1901900,21972,27814,44.13
1902000,21747,29690,42.28
1902100,29813,40273,42.54
1902200,21455,25765,45.44
1902300,20372,22507,47.51
2000100,19370,26355,42.36
2000200,24970,35037,41.61
2000300,23333,27685,45.73
2000400,35892,26647,57.39
2000501,27900,29083,48.96
2000601,15784,35634,30.7
2000700,20742,29017,41.68
2000801,12441,39759,23.83
2000802,16445,51796,24.1
2000803,11158,50351,18.14
2000804,19965,43728,31.35
2000900,15872,31083,33.8
2001000,28669,32744,46.68
2001101,27009,27876,49.21
2001201,20443,43878,31.78
2001301,20415,41691,32.87
2001401,30281,19434,60.91
2001501,25792,39289,39.63
2001600,16350,25215,39.34
2001701,18011,24889,41.98
2001800,18661,28283,39.75
2100100,37170,40251,48.01
2100200,24945,18328,57.65
2100300,22217,18243,54.91
2100400,38207,30616,55.51
2100500,25029,28064,47.14
2100600,24069,16790,58.91
2100700,24691,13750,64.23
2100800,28043,15446,64.48
2100900,30725,13624,69.28
2101000,29671,8250,78.24
2101100,37881,17124,68.87
2101200,28268,36798,43.45
2101300,18700,23019,44.82
2101400,19036,25226,43.01
2101500,16901,24673,40.65
2101600,15682,23305,40.22
2101701,41095,17486,70.15
2101702,16519,33533,33.0
2101703,14624,38153,27.71
2101704,17381,37492,31.67
2101705,27940,28349,49.64
2101706,31732,26774,54.24
2101800,15750,33916,31.71
2101901,26362,25446,50.88
2101902,16572,28408,36.84
2101903,15678,26835,36.88
2102000,23364,29514,44.18
2102100,24707,23011,51.78
2102200,28971,17757,62.0
2102300,24752,30567,44.74
2102400,25579,42170,37.76
2102500,15325,35697,30.04
2102600,27708,37084,42.76
2102700,29552,22664,56.6
2102800,28879,23533,55.1
2200101,31741,16889,65.27
2200102,25228,22639,52.7
2200200,31016,32287,49.0
2200300,39834,23823,62.58
2200400,35756,25848,58.04
2200500,32986,18366,64.24
2200600,23045,17582,56.72
2200700,38019,28060,57.54
2200801,24202,25466,48.73
2200901,30907,24051,56.24
2201000,30853,13791,69.11
2201100,23758,20475,53.71
2201201,24058,23550,50.53
2201202,16393,33929,32.58
2201300,26261,18526,58.64
2201400,20470,20251,50.27
2201501,22057,15317,59.02
2201502,24073,16059,59.98
2201503,31333,24769,55.85
2201504,17711,24418,42.04
2201600,23244,24888,48.29
2201700,25102,30965,44.77
2201800,38748,28421,57.69
2201900,19578,21841,47.27
2202000,23944,22607,51.44
2202100,31556,30367,50.96
2202201,20321,37358,35.23
2202202,21455,24403,46.79
2202301,21128,23522,47.32
2202302,25942,36109,41.81
2202303,34799,17535,66.49
2202401,34872,23814,59.42
2202402,31606,19017,62.43
2202403,21835,27682,44.1
2202501,24279,20890,53.75
2300100,28328,25314,52.81
2300200,36728,31821,53.58
2300300,27423,29052,48.56
2300400,22595,31208,42.0
2300500,30592,47062,39.4
2300600,18301,28022,39.51
2300700,12835,33023,27.99
2300800,23825,52608,31.17
2300900,15195,44498,25.46
2301000,20314,34864,36.82
2400101,21079,25466,45.29
2400201,25468,29241,46.55
2400301,17759,37255,32.28
2400302,10679,37992,21.94
2400400,16139,48023,25.15
2400501,11211,31320,26.36
2400502,24001,37510,39.02
2400503,15340,31939,32.45
2400504,14451,28657,33.52
2400505,15982,24862,39.13
2400506,26573,24852,51.67
2400507,19373,26458,42.27
2400601,13606,38038,26.35
2400602,17419,32131,35.15
2400700,16149,24851,39.39
2400801,37928,20725,64.67
2400802,24977,27210,47.86
2400803,24959,21674,53.52
2400804,22211,24969,47.08
2400805,28572,21114,57.51
2400901,9425,34636,21.39
2400902,8851,28865,23.47
2400903,10232,28486,26.43
2401001,8247,29130,22.06
2401002,18750,38841,32.56
2401003,19514,44234,30.61
2401004,10403,39091,21.02
2401005,19845,30578,39.36
2401006,14173,25517,35.71
2401007,18602,29289,38.84
2401008,7512,34377,17.93
2401101,22004,16512,57.13
2401102,21702,32595,39.97
2401103,18376,18213,50.22
2401104,24207,21388,53.09
2401105,21112,50801,29.36
2401106,14269,33517,29.86
2401107,23638,27943,45.83
2401201,10595,35684,22.89
2401202,18788,27531,40.56
2401203,9862,31239,23.99
2401204,10320,32886,23.89
2401205,12455,35427,26.01
2401300,26856,42643,38.64
2401400,34618,37653,47.9
2401501,10071,28356,26.21
2401601,9921,27970,26.18
2401700,18820,40661,31.64
2500100,26938,30803,46.65
2500201,19192,26490,42.01
2500301,18873,27067,41.08
2500400,0,7,0.0
2500401,31644,30126,51.23
2500402,39954,17852,69.12
2500403,25582,38975,39.63
2500501,16364,27589,37.23
2500502,22375,27927,44.48
2500503,17434,40434,30.13
2500504,22761,16186,58.44
2500505,21751,15496,58.4
2500506,15360,28984,34.64
2500507,21749,39376,35.58
2500601,14954,33354,30.96
2500602,22563,20014,52.99
2500603,9003,30434,22.83
2500604,9277,34452,21.21
2500605,17146,26819,39.0
2500606,12347,27178,31.24
2500607,12655,40622,23.75
2500608,22469,43162,34.24
2500609,23568,28064,45.65
2500610,24357,28910,45.73
2500611,16042,35356,31.21
2500612,11592,33081,25.95
2500613,12845,45088,22.17
2500701,27008,15806,63.08
2500702,22519,22550,49.97
2500703,15135,31642,32.36
2500704,22780,42844,34.71
2500705,21767,18196,54.47
2500706,25248,43897,36.51
2500801,19532,21131,48.03
2500802,30085,45592,39.75
2500803,20609,29996,40.73
2500804,37779,13790,73.26
2500805,20738,32770,38.76
2500806,26612,16777,61.33
2500901,8677,32621,21.01
2500902,13944,30969,31.05
2500903,17135,22802,42.91
2500904,18962,37980,33.3
2500905,20563,25383,44.75
2500906,11906,35253,25.25
2501001,17311,29831,36.72
2501002,24704,36168,40.58
2501003,30920,24817,55.47
2501004,39024,30585,56.06
2501101,22700,15661,59.17
2501102,15154,33446,31.18
2501103,16832,39589,29.83
2501104,18840,40037,32.0
2501201,21695,40411,34.93
2501301,19254,37194,34.11
2600100,34465,38630,47.15
2600200,25696,26436,49.29
2600300,31147,32515,48.93
2600400,28983,38256,43.1
2600500,24630,42597,36.64
2600600,20594,25898,44.3
2600700,33870,33838,50.02
2600801,21663,39529,35.4
2600802,15529,33324,31.79
2600900,16751,27727,37.66
2601001,23559,33803,41.07
2601002,33495,47856,41.17
2601003,18183,47834,27.54
2601004,17162,31159,35.52
2601100,33762,39244,46.25
2601200,26964,25492,51.4
2601300,25199,26075,49.15
2601400,34112,46828,42.14
2601500,40597,39549,50.65
2601600,23172,29773,43.77
2601701,23462,32786,41.71
2601702,29291,25318,53.64
2601703,28897,13768,67.73
2601704,29221,47780,37.95
2601801,26234,38547,40.5
2601802,25696,25255,50.43
2601900,26661,49436,35.04
2602000,31873,45914,40.97
2602101,20697,33874,37.93
2602102,24900,26171,48.76
2602200,16822,23191,42.04
2602300,24948,25210,49.74
2602400,30118,35646,45.8
2602500,26913,29387,47.8
2602600,24206,37731,39.08
2602701,10854,32636,24.96
2602702,19471,32225,37.66
2602703,22194,31756,41.14
2602800,18701,56670,24.81
2602901,14822,40291,26.89
2602902,13937,40241,25.72
2602903,17349,50615,25.53
2602904,33197,33059,50.1
2602905,14677,42729,25.57
2602906,13658,48563,21.95
2602907,29126,48631,37.46
2602908,33637,55587,37.7
2603001,15918,30918,33.99
2603002,18923,46902,28.75
2603003,25194,26611,48.63
2603004,31549,36662,46.25
2603005,26517,36171,42.3
2603006,30245,32475,48.22
2603100,27458,38866,41.4
2603201,21378,59496,26.43
2603202,19574,39218,33.29
2603203,30563,26482,53.58
2603204,33211,30826,51.86
2603205,19201,22315,46.25
2603206,17788,39133,31.25
2603207,25610,24699,50.91
2603208,46775,13697,77.35
2603209,36441,13260,73.32
2603210,30355,9291,76.57
2603211,35849,21023,63.03
2603212,28722,8867,76.41
2603213,22684,18385,55.23
2603300,24470,37102,39.74
2700101,23188,36110,39.1
2700200,0,1,0.0
2700201,24024,35246,40.53
2700301,18809,27545,40.58
2700401,18251,24505,42.69
2700501,16870,26701,38.72
2700600,24283,32975,42.41
2700700,21791,33206,39.62
2700800,19955,28312,41.34
2700901,15186,25744,37.1
2701001,14700,25901,36.21
2701101,11686,26622,30.51
2701200,17520,31036,36.08
2701301,10472,32924,24.13
2701302,21144,33996,38.35
2701303,10634,26092,28.95
2701401,13988,38792,26.5
2701402,13486,36168,27.16
2701501,14695,38574,27.59
2701502,18026,25499,41.42
2701503,16526,25126,39.68
2701504,17465,23643,42.49
2701505,21091,18120,53.79
2701601,9077,34870,20.65
2701602,10467,38578,21.34
2701603,15472,28497,35.19
2701604,19677,26446,42.66
2701605,12234,36150,25.29
2701606,14857,40031,27.07
2701607,16252,38507,29.68
2701608,22799,20055,53.2
2701609,20966,27526,43.24
2701610,18404,32459,36.18
2701611,18671,29571,38.7
2701701,13877,26870,34.06
2701702,12132,29794,28.94
2701703,16501,31474,34.39
2701704,8944,30318,22.78
2701800,16346,39936,29.04
2701900,11942,28210,29.74
2702001,12027,34320,25.95
2702100,20269,34850,36.77
2702200,19013,29344,39.32
2702300,16517,25200,39.59
2702400,15328,25577,37.47
2702500,23061,35934,39.09
2702600,18473,29345,38.63
2702700,19057,46147,29.23
2702800,16428,24918,39.73
2800100,27132,41835,39.34
2800200,32254,25471,55.88
2800300,24601,16622,59.68
2800400,27927,27285,50.58
2800500,26696,28010,48.8
2800600,37217,33907,52.33
2800700,26186,16351,61.56
2800800,26609,14742,64.35
2800900,19853,30240,39.63
2801001,25181,22692,52.6
2801101,41180,30789,57.22
2801300,24718,44232,35.85
2801400,21992,18222,54.69
2801500,24971,17408,58.92
2801600,38448,27599,58.21
2801700,26221,19257,57.66
2801800,34529,35508,49.3
2801900,26343,29174,47.45
2802001,19261,21524,47.23
2802002,19082,21356,47.19
2802100,26306,30678,46.16
2900100,18311,24163,43.11
2900200,19940,24077,45.3
2900300,18266,24945,42.27
2900400,20806,35079,37.23
2900501,24005,38355,38.49
2900601,21471,36353,37.13
2900700,21373,27990,43.3
2900800,20412,34754,37.0
2900901,8979,34688,20.56
2900902,21430,34618,38.24
2901000,13223,30996,29.9
2901101,39538,45111,46.71
2901102,24445,32949,42.59
2901103,16046,38503,29.42
2901104,9437,33001,22.24
2901105,25682,38134,40.24
2901200,13351,34722,27.77
2901300,26116,24751,51.34
2901400,23397,21322,52.32
2901500,16997,19501,46.57
2901600,23997,26411,47.61
2901700,20806,29576,41.3
2901801,6590,39327,14.35
2901802,13307,44306,23.1
2901803,13342,40998,24.55
2901901,27115,22888,54.23
2901902,15773,33587,31.96
2901903,35609,33618,51.44
2901904,9422,35078,21.17
2901905,10331,32624,24.05
2901906,9904,37744,20.79
2901907,18110,48820,27.06
2901908,8361,32801,20.31
2902001,33735,23393,59.05
2902002,33259,50246,39.83
2902101,14011,30131,31.74
2902102,13921,30743,31.17
2902200,24055,24398,49.65
2902300,23895,23695,50.21
2902400,23812,19523,54.95
2902500,24606,20221,54.89
2902600,24876,18676,57.12
2902701,23319,41241,36.12
2902702,28863,26184,52.43
2902703,20849,37296,35.86
2902800,28426,27792,50.56
2902900,31959,37686,45.89
3000100,23264,32932,41.4
3000200,30303,40801,42.62
3000300,20108,29946,40.17
3000400,18046,32376,35.79
3000500,26530,36954,41.79
3000600,21611,31483,40.7
3000700,22466,35038,39.07
3000800,20389,26517,43.47
3100100,19429,23567,45.19
3100200,25658,45453,36.08
3100300,16537,27585,37.48
3100400,17019,25360,40.16
3100500,16570,30460,35.23
3100600,19970,36417,35.42
3100701,14367,27637,34.2
3100702,17689,54733,24.42
3100801,31284,40133,43.8
3100802,16183,43817,26.97
3100901,21760,59329,26.83
3100902,19778,44717,30.67
3100903,24013,20648,53.77
3100904,21129,24737,46.07
3200101,20429,41621,32.92
3200102,37329,44518,45.61
3200103,17402,36691,32.17
3200200,30115,39896,43.01
3200300,28565,40500,41.36
3200401,17990,33782,34.75
3200402,26619,22560,54.13
3200403,35832,32724,52.27
3200404,21640,38881,35.76
3200405,26612,40961,39.38
3200406,32182,21574,59.87
3200407,33705,13105,72.0
3200408,32362,23716,57.71
3200409,43256,23592,64.71
3200410,18692,25299,42.49
3200411,23620,32003,42.46
3200412,28311,37532,43.0
3200413,16344,29743,35.46
3200414,18001,32879,35.38
3200415,22235,48417,31.47
3300100,24265,41055,37.15
3300201,20701,35230,37.01
3300301,17768,42232,29.61
3300401,17005,28439,37.42
3300501,14446,26555,35.23
3300601,17450,30606,36.31
3300602,10759,31050,25.73
3300603,12092,32673,27.01
3300701,14755,47029,23.88
3300801,20305,63211,24.31
3400101,27270,33266,45.05
3400102,17803,28442,38.5
3400301,15775,26335,37.46
3400302,14546,33059,30.56
3400303,20388,34858,36.9
3400304,17692,28111,38.63
3400305,10202,34721,22.71
3400306,6595,31475,17.32
3400307,11744,28700,29.04
3400308,5572,31991,14.83
3400501,27933,18160,60.6
3400502,13231,26732,33.11
3400503,40289,11545,77.73
3400504,9941,30002,24.89
3400601,24944,46120,35.1
3400602,28514,19289,59.65
3400603,22810,37878,37.59
3400604,29921,30053,49.89
3400605,23284,29072,44.47
3400800,9968,41136,19.51
3400901,15441,38749,28.49
3400902,11318,32221,26.0
3400903,12837,27053,32.18
3400904,11563,29294,28.3
3400905,13672,26423,34.1
3400906,23513,27409,46.17
3400907,19738,19144,50.76
3401001,6557,34963,15.79
3401002,8596,35396,19.54
3401003,13678,31838,30.05
3401101,13189,31002,29.85
3401102,11627,28650,28.87
3401103,16620,29484,36.05
3401104,11013,32255,25.45
3401105,9593,29346,24.64
3401106,7910,29229,21.3
3401201,15497,37092,29.47
3401202,22155,40983,35.09
3401203,20566,16645,55.27
3401204,18356,29864,38.07
3401205,12332,27223,31.18
3401401,20056,29344,40.6
3401402,19275,19766,49.37
3401403,8609,33402,20.49
3401404,7418,30012,19.82
3401405,18999,19602,49.22
3401406,37315,19217,66.01
3401407,42258,15881,72.68
3401501,13163,36971,26.26
3401502,11725,38576,23.31
3401503,10392,32188,24.41
3401504,8429,41275,16.96
3401600,15581,43154,26.53
3401700,16489,29739,35.67
3401901,14349,22847,38.58
3401902,6873,28269,19.56
3401903,11491,26429,30.3
3401904,15862,28856,35.47
3401905,29860,16391,64.56
3402001,22243,41495,34.9
3402002,14679,49919,22.72
3402003,14320,32998,30.26
3402101,29114,15757,64.88
3402102,15519,29867,34.19
3402103,26570,39444,40.25
3402104,13461,31445,29.98
3402201,18391,33849,35.2
3402202,19465,40636,32.39
3402301,26545,20795,56.07
3402302,9745,30438,24.25
3402303,16914,39407,30.03
3402401,21596,18295,54.14
3402501,18085,20838,46.46
3402601,18311,36062,33.68
3500100,27689,9158,75.15
3500200,20330,14077,59.09
3500300,26015,26387,49.65
3500400,40225,24471,62.18
3500500,25931,39115,39.87
3500600,24477,32086,43.27
3500701,22463,28430,44.14
3500702,24124,22895,51.31
3500703,13888,31334,30.71
3500704,22898,25168,47.64
3500705,25387,18141,58.32
3500706,26306,13527,66.04
3500800,25947,23984,51.97
3500900,40178,25701,60.99
3501001,22489,16274,58.02
3501002,28781,17473,62.22
3501100,25029,23502,51.57
3600100,21321,21005,50.37
3600200,31922,40037,44.36
3600300,23353,31230,42.78
3600306,115,73,61.17
3600400,0,2,0.0
3600401,20621,23814,46.41
3600402,31327,35360,46.98
3600403,18115,22678,44.41
3600500,25168,34719,42.03
3600600,22522,24420,47.98
3600701,40403,23162,63.56
3600702,19306,34227,36.06
3600703,24942,42706,36.87
3600704,18991,26665,41.6
3600800,27077,35698,43.13
3600901,20126,38902,34.1
3600902,28869,20805,58.12
3600903,28034,15062,65.05
3600904,24004,30527,44.02
3600905,15306,27776,35.53
3600906,17965,51396,25.9
3601000,23796,32451,42.31
3601101,23304,23830,49.44
3601102,18902,24938,43.12
3601201,17927,29718,37.63
3601202,15695,39461,28.46
3601203,15327,32515,32.04
3601204,25139,43140,36.82
3601205,44946,19043,70.24
3601206,34369,24201,58.68
3601207,23631,47748,33.11
3601300,27143,43994,38.16
3601500,19398,25227,43.47
3601600,18289,23486,43.78
3601700,27044,39866,40.42
3601801,13168,37484,26.0
3601802,16164,33410,32.61
3601900,26389,40043,39.72
3602001,26924,20689,56.55
3602002,24876,59681,29.42
3602100,18793,24992,42.92
3602201,26011,30360,46.14
3602204,31674,37428,45.84
3602300,17831,26638,40.1
3602403,25524,29959,46.0
3602404,20341,28186,41.92
3602500,24734,25516,49.22
3602600,28661,24646,53.77
3602701,21267,26818,44.23
3602702,22236,37257,37.38
3602803,15532,28829,35.01
3602804,20198,38628,34.34
3602805,15938,34227,31.77
3602901,17720,29196,37.77
3602902,16830,30238,35.76
3602903,18045,25618,41.33
3603001,11297,23180,32.77
3603002,11189,27011,29.29
3603003,17595,11920,59.61
3603102,17477,36709,32.25
3603103,10594,39911,20.98
3603110,12822,39421,24.54
3603111,11775,31887,26.97
3603112,43213,38648,52.79
3603113,16969,28706,37.15
3603114,14203,29201,32.72
3603201,8137,33982,19.32
3603202,12209,26533,31.51
3603203,9118,25217,26.56
3603204,12661,27201,31.76
3603205,12817,24042,34.77
3603206,23208,18928,55.08
3603207,10776,27124,28.43
3603208,8582,28994,22.84
3603209,7106,29231,19.56
3603210,10938,25491,30.03
3603211,13668,25548,34.85
3603212,12810,24840,34.02
3603301,8556,26069,24.71
3603302,7784,27711,21.93
3603303,8176,33557,19.59
3603304,9467,30894,23.46
3603305,18086,43194,29.51
3603306,16245,27971,36.74
3603307,15720,31348,33.4
3603308,12087,23038,34.41
3603309,11224,25356,30.68
3603310,17788,11916,59.88
3603311,9185,25934,26.15
3603312,9721,24859,28.11
3603313,14460,22402,39.23
3604103,34836,32404,51.81
3604104,20597,41369,33.24
3604107,28900,74543,27.94
3604108,22885,78870,22.49
3604109,21266,18624,53.31
3604110,34375,20709,62.4
3604111,34121,17759,65.77
3604112,49400,26844,64.79
3604121,16466,58181,22.06
3604165,27255,78180,25.85
3604204,43890,10118,81.27
3604205,38939,7129,84.53
3604207,40772,13480,75.15
3604208,21490,17643,54.92
3604209,46278,18371,71.58
3604210,25758,27631,48.25
3604211,29950,16422,64.59
3604212,30051,23227,56.4
3604221,47111,9162,83.72
3604263,54906,10741,83.64
3604301,36514,45402,44.57
3604302,17310,40371,30.01
3604303,35772,25447,58.43
3604304,24476,15109,61.83
3604305,47863,24693,65.97
3604306,14591,36235,28.71
3604307,23824,15490,60.6
3604308,24506,23420,51.13
3604309,23793,18067,56.84
3604310,19052,25059,43.19
3604311,47174,22515,67.69
3604312,38563,19261,66.69
3604313,30840,15964,65.89
3604314,36907,26956,57.79
3604315,36723,26349,58.22
3604316,26275,10838,70.8
3604317,36471,21838,62.55
3604318,33802,34353,49.6
3604401,35541,40028,47.03
3604402,25854,27924,48.08
3604403,30892,17328,64.06
3604404,37169,16625,69.1
3604405,32105,29239,52.34
3604406,22826,31397,42.1
3604407,53005,41300,56.21
3604408,29465,26777,52.39
3604409,25484,19381,56.8
3604410,24212,18212,57.07
3604411,19926,24510,44.84
3604412,51198,28936,63.89
3604413,26908,36638,42.34
3604414,27307,19627,58.18
3604501,32123,30646,51.18
3604502,18850,28391,39.9
3604503,20337,40414,33.48
3700100,27366,27550,49.83
3700200,33651,27579,54.96
3700300,29537,28861,50.58
3700400,22479,24216,48.14
3700500,21844,20271,51.87
3700600,27021,16745,61.74
3700700,21578,27363,44.09
3700800,28104,37632,42.75
3700900,28978,27792,51.04
3701001,30156,27924,51.92
3701101,28127,35347,44.31
3701201,23458,36648,39.03
3701202,21768,42678,33.78
3701203,11723,38791,23.21
3701204,18884,31724,37.31
3701205,15869,35758,30.74
3701206,9853,43904,18.33
3701207,12268,42561,22.38
3701208,8970,44666,16.72
3701301,24426,58567,29.43
3701302,25144,30504,45.18
3701400,19312,36612,34.53
3701500,23036,32362,41.58
3701600,27527,41925,39.63
3701701,20915,36580,36.38
3701702,27234,23401,53.78
3701703,15799,35415,30.85
3701704,25779,27358,48.51
3701801,23290,21021,52.56
3701802,28340,25209,52.92
3701803,21232,36682,36.66
3701900,18277,25149,42.09
3702000,22430,24127,48.18
3702100,25264,29341,46.27
3702201,19248,31646,37.82
3702202,18651,28379,39.66
3702300,23950,23580,50.39
3702400,27068,28438,48.77
3702500,25391,37231,40.55
3702600,29195,25751,53.13
3702700,24482,32080,43.28
3702800,28828,35482,44.83
3702900,20339,41862,32.7
3703001,21175,22158,48.87
3703002,23806,26796,47.05
3703101,21749,41063,34.63
3703102,26567,21153,55.67
3703103,21938,26238,45.54
3703104,12697,53105,19.3
3703105,18616,35232,34.57
3703106,14951,54256,21.6
3703107,17691,35431,33.3
3703108,13951,43356,24.34
3703200,21104,34992,37.62
3703300,17730,24177,42.31
3703400,27555,29590,48.22
3703500,32105,34298,48.35
3703600,24852,31181,44.35
3703700,21548,32113,40.16
3703800,23221,26536,46.67
3703900,24956,16425,60.31
3704000,24322,22611,51.82
3704101,23495,21725,51.96
3704200,36503,39064,48.31
3704300,32185,39180,45.1
3704501,23247,31279,42.63
3704601,16267,31262,34.23
3704701,28998,50581,36.44
3704800,22705,42622,34.76
3704900,47984,26539,64.39
3705001,25117,23683,51.47
3705002,18173,21037,46.35
3705003,21614,20109,51.8
3705200,27407,20682,56.99
3705301,16871,24533,40.75
3705401,14444,35522,28.91
3800100,14514,29104,33.28
3800200,15376,30103,33.81
3800300,16125,36527,30.63
3800400,18768,28244,39.92
3800500,19145,30850,38.29
3800600,25376,58385,30.3
3900100,22980,44689,33.96
3900200,15903,26642,37.38
3900301,16684,38748,30.1
3900302,37012,33772,52.29
3900303,31059,18621,62.52
3900401,19693,31738,38.29
3900500,23284,31833,42.24
3900601,30180,27772,52.08
3900602,17979,49343,26.71
3900701,11375,32161,26.13
3900702,23676,45247,34.35
3900703,25374,24321,51.06
3900704,23415,31212,42.86
3900705,12228,35002,25.89
3900706,24203,20566,54.06
3900707,36344,19251,65.37
3900708,48874,18593,72.44
3900709,35021,28716,54.95
3900710,14910,46019,24.47
3900801,13912,34131,28.96
3900802,18502,32861,36.02
3900900,30558,45371,40.25
3901001,20838,32307,39.21
3901002,25889,23416,52.51
3901003,43788,37512,53.86
3901100,25610,37485,40.59
3901201,10025,36790,21.41
3901202,19206,28926,39.9
3901203,51746,34487,60.01
3901204,16883,30904,35.33
3901300,20192,52048,27.95
3901400,17810,26391,40.29
3901500,21549,29513,42.2
3901600,21918,27618,44.25
3901700,22520,27109,45.38
3901800,19653,33883,36.71
3901900,15676,27357,36.43
3902000,21052,19969,51.32
3902100,20157,32609,38.2
3902200,21721,34887,38.37
3902300,15219,28676,34.67
3902400,27109,29904,47.55
3902500,19278,41350,31.8
3902600,26621,34869,43.29
3902701,22668,36538,38.29
3902702,29420,29994,49.52
3902703,21092,28635,42.42
3902800,32189,35303,47.69
3902900,18105,26483,40.61
3903000,23366,28786,44.8
3903100,26594,26242,50.33
3903200,25004,42513,37.03
3903301,7751,30114,20.47
3903302,8750,34024,20.46
3903401,12050,37687,24.23
3903402,20426,30039,40.48
3903403,15616,31576,33.09
3903404,13128,34083,27.81
3903405,17623,38837,31.21
3903406,17757,30179,37.04
3903407,22234,21856,50.43
3903408,26773,26848,49.93
3903409,31108,37099,45.61
3903410,20232,19778,50.57
3903411,17154,27450,38.46
3903500,24015,35804,40.15
3903600,23592,44232,34.78
3903701,25161,30004,45.61
3903702,18582,28177,39.74
3903703,38331,27819,57.95
3903704,18074,40429,30.89
3903801,23991,24097,49.89
3903802,25586,28602,47.22
3903803,8631,35151,19.71
3903901,10264,31993,24.29
3903902,12925,34334,27.35
3904000,20927,24322,46.25
3904100,23358,23318,50.04
3904200,28104,27305,50.72
3904300,25968,19608,56.98
3904400,27226,21969,55.34
3904501,19946,22753,46.71
3904602,20035,38212,34.4
3904701,9082,30708,22.82
3904702,15246,29764,33.87
3904703,23615,38993,37.72
3904704,12067,29261,29.2
3904705,32188,20613,60.96
3904706,31987,26169,55.0
3904707,18681,35238,34.65
4020100,20477,19501,51.22
4020200,19500,26229,42.64
4020300,22345,21891,50.51
4020400,16607,23337,41.58
4020500,25391,22741,52.75
4020600,25176,15678,61.62
4020700,27627,29330,48.51
4020801,25177,20647,54.94
4020802,21384,27474,43.77
4020803,27017,36033,42.85
4020804,28754,38315,42.87
4020805,18062,27629,39.53
4020900,20962,20919,50.05
4021000,23643,18815,55.69
4021100,24022,24763,49.24
4021200,16628,22208,42.82
4021301,23692,32800,41.94
4021302,25005,34626,41.93
4021401,30183,42960,41.27
4021402,19627,45076,30.33
4021403,23577,24045,49.51
4021404,20254,32700,38.25
4021405,25560,15673,61.99
4021406,25373,19765,56.21
4021500,20237,37510,35.04
4021600,28419,23902,54.32
4021700,24561,22895,51.76
4021800,18271,28060,39.44
4021900,23177,22668,50.56
4022000,26553,23947,52.58
4022100,28058,20061,58.31
4100301,20849,22372,48.24
4100501,15319,24889,38.1
4100502,15293,24042,38.88
4100503,12928,26841,32.51
4100504,12642,29877,29.73
4101701,18475,28791,39.09
4101702,23852,32022,42.69
4101900,22856,23103,49.73
4102901,23346,22979,50.4
4102902,21102,23390,47.43
4103903,33690,32483,50.91
4103904,22348,24749,47.45
4103905,21942,24865,46.88
4104301,22907,24610,48.21
4104703,20004,18461,52.01
4104704,20993,21941,48.9
4104705,18463,24681,42.79
4105101,21162,30696,40.81
4105102,22534,23955,48.47
4105103,22445,27833,44.64
4105105,20132,39881,33.55
4105114,26999,48451,35.78
4105116,31573,32574,49.22
4105901,19461,18901,50.73
4106501,20055,20224,49.79
4106720,16158,33072,32.82
4106721,15889,27492,36.63
4106722,16937,29724,36.3
4106723,15303,29490,34.16
4106724,18285,31034,37.07
4107100,17752,22175,44.46
4109000,22450,29178,43.48
4109100,39790,33763,54.1
4109200,27006,18547,59.28
4109300,23799,30153,44.11
4200111,30741,33074,48.17
4200112,18471,28275,39.51
4200200,23057,26184,46.82
4200300,33169,35615,48.22
4200400,25917,32527,44.35
4200500,19590,24237,44.7
4200600,26561,39345,40.3
4200701,22181,23044,49.05
4200702,22764,31513,41.94
4200801,21865,34189,39.01
4200802,28708,24816,53.64
4200803,21956,27562,44.34
4200900,25583,35708,41.74
4201000,20242,25670,44.09
4201100,22432,32543,40.8
4201200,24281,33237,42.21
4201300,25174,28743,46.69
4201400,20522,26177,43.95
4201511,20361,29122,41.15
4201512,25353,32867,43.55
4201600,27425,54028,33.67
4201701,38635,46312,45.48
4201702,21858,31066,41.3
4201801,15137,33391,31.19
4201802,16079,49898,24.37
4201803,17147,40148,29.93
4201804,32616,45438,41.79
4201805,25080,25582,49.5
4201806,16950,41592,28.95
4201807,13525,35188,27.76
4201900,30925,29789,50.94
4202011,19387,30104,39.17
4202012,20757,32424,39.03
4202013,21390,30155,41.5
4202100,25594,29811,46.19
4202200,29357,35263,45.43
4202301,20353,35156,36.67
4202302,18881,48436,28.05
4202401,33365,37052,47.38
4202402,16645,33361,33.29
4202403,0,4,0.0
4202500,21447,33459,39.06
4202600,26778,31434,46.0
4202701,17127,33307,33.96
4202702,32779,21666,60.21
4202703,22312,37090,37.56
4202801,19108,31117,38.04
4202802,20400,41224,33.1
4202803,28152,19299,59.33
4202901,28634,42443,40.29
4202902,16359,44171,27.03
4203011,10110,30817,24.7
4203012,11317,33554,25.22
4203013,16284,36596,30.79
4203014,18117,33503,35.1
4203015,18440,39401,31.88
4203111,14352,32300,30.76
4203112,13040,27598,32.09
4203113,11066,29026,27.6
4203114,18488,41806,30.66
4203115,13555,41279,24.72
4203116,11115,33220,25.07
4203117,12948,35441,26.76
4203216,28222,39681,41.56
4203221,24615,30324,44.8
4203222,45595,24627,64.93
4203223,26184,13074,66.7
4203224,40301,18451,68.6
4203225,35806,16566,68.37
4203227,40486,22760,64.01
4203228,47761,22098,68.37
4203229,35786,18481,65.94
4203230,15666,57392,21.44
4203231,26416,30493,46.42
4203311,15640,44145,26.16
4203312,29085,31611,47.92
4203313,28817,28034,50.69
4203314,12139,28806,29.65
4203411,10659,28806,27.01
4203412,10419,31526,24.84
4203413,12339,36091,25.48
4203414,10922,27114,28.71
4203415,9004,27159,24.9
4203501,22240,23955,48.14
4203502,15092,30468,33.13
4203503,21277,40444,34.47
4203504,20359,36227,35.98
4203601,27654,39570,41.14
4203602,13917,37328,27.16
4203603,20141,40288,33.33
4203701,15912,34324,31.67
4203702,19133,32703,36.91
4203800,26397,28460,48.12
4203900,27541,28613,49.05
4204011,19543,37910,34.02
4204012,17954,26719,40.19
4400103,39205,29491,57.07
4400105,31725,37352,45.93
4400106,25680,31445,44.95
4400107,25452,33567,43.13
4400200,28849,44633,39.26
4400300,21236,37324,36.26
4400400,17786,36258,32.91
4500101,20383,22502,47.53
4500201,21096,23557,47.24
4500301,15529,24869,38.44
4500302,16327,22684,41.85
4500303,16764,28339,37.17
4500304,16838,25126,40.12
4500305,17987,26891,40.08
4500401,18097,26522,40.56
4500402,17106,25763,39.9
4500403,20802,20226,50.7
4500501,20877,27176,43.45
4500601,16521,28911,36.36
4500602,15383,27147,36.17
4500700,27790,32480,46.11
4500800,24311,29406,45.26
4500901,20713,27992,42.53
4501001,17768,23810,42.73
4501100,21282,27472,43.65
4501200,29345,36665,44.46
4501301,25449,40258,38.73
4501302,22815,33386,40.6
4501401,20391,28096,42.05
4501402,23494,24208,49.25
4501403,19529,20980,48.21
4501501,24905,29393,45.87
4501600,26146,26420,49.74
4501700,28120,20147,58.26
4501800,28987,16368,63.91
4501901,30575,30892,49.74
4502001,20343,37742,35.02
4502100,22447,37220,37.62
4502201,14180,26914,34.51
4502202,18518,30590,37.71
4502301,19860,42788,31.7
4502302,21629,37355,36.67
4502303,15050,29764,33.58
4502400,28078,21320,56.84
4502500,28755,24669,53.82
4502601,21088,20054,51.26
4502701,25518,34353,42.62
4502702,29287,38257,43.36
4503001,14,34,29.17
4600100,30132,49464,37.86
4600200,15659,18306,46.1
4600300,16901,37318,31.17
4600400,20020,32255,38.3
4600501,15660,39271,28.51
4600601,23060,58841,28.16
4700100,21676,20907,50.9
4700200,23881,23431,50.48
4700301,18095,22346,44.74
4700302,19555,24146,44.75
4700401,22167,35949,38.14
4700501,16949,30478,35.74
4700600,22585,18240,55.32
4700700,25620,22315,53.45
4700800,28195,21391,56.86
4700900,28496,23681,54.61
4701000,33813,33827,49.99
4701101,23212,20358,53.28
4701201,22018,28974,43.18
4701300,29436,24774,54.3
4701400,25978,24935,51.02
4701501,27575,30530,47.46
4701502,12442,30387,29.05
4701503,16281,35367,31.52
4701504,20020,26491,43.04
4701600,18869,36577,34.03
4701700,27118,33825,44.5
4701800,22677,23465,49.15
4701900,15650,39415,28.42
4702001,15732,33811,31.75
4702002,13912,21655,39.11
4702003,12701,24135,34.48
4702101,8993,40657,18.11
4702102,7664,34489,18.18
4702200,15689,24353,39.18
4702300,18763,27226,40.8
4702401,25925,42172,38.07
4702402,17822,33662,34.62
4702403,18215,26849,40.42
4702404,21772,22275,49.43
4702405,18332,27631,39.88
4702406,16464,44537,26.99
4702501,34889,25804,57.48
4702502,27167,23783,53.32
4702503,26077,15671,62.46
4702504,16092,21511,42.79
4702505,14083,28411,33.14
4702506,11743,39481,22.92
4702507,22476,18232,55.21
4702508,27299,13871,66.31
4702600,17385,21597,44.6
4702700,20982,20759,50.27
4702800,22646,23705,48.86
4702900,25741,20190,56.04
4703000,19558,23128,45.82
4703100,19611,27946,41.24
4703200,19661,22878,46.22
4703300,21185,19989,51.45
4703401,27558,23326,54.16
4703402,17020,33194,33.89
4703403,14082,36537,27.82
4703500,21241,23030,47.98
4703600,23421,26279,47.12
4703700,16579,24813,40.05
4800100,26953,34517,43.85
4800200,25130,19342,56.51
4800300,17624,38885,31.19
4800400,22918,19909,53.51
4800501,32738,30783,51.54
4800502,24952,36218,40.79
4800600,26741,32189,45.38
4800700,21760,27311,44.34
4800800,33977,50900,40.03
4800900,28027,48769,36.5
4801000,32454,28447,53.29
4801100,21066,24779,45.95
4801200,24128,21048,53.41
4801300,23697,27311,46.46
4801400,17675,32538,35.2
4801501,14986,24038,38.4
4801502,18162,23983,43.09
4801600,22903,23862,48.97
4801700,21389,21910,49.4
4801800,25680,23843,51.85
4801901,17616,41689,29.7
4801902,9879,37926,20.67
4801903,12397,25360,32.83
4801904,9352,41677,18.33
4801905,15809,43217,26.78
4801907,15890,51083,23.73
4801908,6417,31307,17.01
4801909,6543,31997,16.98
4802001,14402,43542,24.86
4802002,14321,35668,28.65
4802003,8234,45114,15.43
4802004,8999,54181,14.24
4802005,21893,31322,41.14
4802006,18875,52672,26.38
4802101,21323,48206,30.67
4802102,20419,43498,31.95
4802200,25948,30529,45.94
4802301,11033,26737,29.21
4802302,20949,14861,58.5
4802303,17912,24119,42.62
4802304,28360,11345,71.43
4802305,25870,15410,62.67
4802306,20486,28740,41.62
4802307,27913,26743,51.07
4802308,16198,23311,41.0
4802309,15105,26151,36.61
4802310,15397,35248,30.4
4802311,15490,28757,35.01
4802312,16917,33593,33.49
4802313,19568,58743,24.99
4802314,30369,13215,69.68
4802315,20752,20938,49.78
4802316,21104,16434,56.22
4802317,18179,21936,45.32
4802318,12951,21565,37.52
4802319,19774,18999,51.0
4802320,18826,17766,51.45
4802321,17830,29081,38.01
4802322,10396,40983,20.23
4802400,17117,38408,30.83
4802501,6899,36814,15.78
4802502,22726,40974,35.68
4802503,24603,24915,49.68
4802504,14845,22669,39.57
4802505,10507,31920,24.76
4802506,17959,26700,40.21
4802507,16685,27721,37.57
4802508,25822,10733,70.64
4802509,22607,35076,39.19
4802510,10214,34001,23.1
4802511,8083,36134,18.28
4802512,20924,18885,52.56
4802513,19381,27073,41.72
4802514,25899,38537,40.19
4802515,19998,27783,41.85
4802516,15640,49691,23.94
4802600,36042,36539,49.66
4802700,26012,29962,46.47
4802900,19329,26187,42.47
4803000,22213,43839,33.63
4803100,29397,34772,45.81
4803305,27795,20916,57.06
4803306,22009,29369,42.84
4803307,22074,16915,56.62
4803308,34300,29105,54.1
4803309,25488,14646,63.51
4803310,35889,19536,64.75
4803400,29346,42726,40.72
4803501,32843,34326,48.9
4803502,28148,44447,38.77
4803600,28002,30744,47.67
4803700,28355,31187,47.62
4803801,22829,19624,53.77
4803802,18420,36185,33.73
4803900,37111,31135,54.38
4804000,31302,26591,54.07
4804100,23575,17103,57.96
4804200,23143,30518,43.13
4804301,22636,23818,48.73
4804302,20230,28144,41.82
4804400,20910,25103,45.44
4804501,26308,35413,42.62
4804502,18326,49511,27.01
4804503,15164,35655,29.84
4804504,20604,31503,39.54
4804601,21132,33942,38.37
4804602,21085,20707,50.45
4804603,23044,37368,38.14
4804604,15853,65028,19.6
4804605,23137,14940,60.76
4804606,22266,12342,64.34
4804607,25990,16557,61.09
4804608,21239,6494,76.58
4804609,26947,18465,59.34
4804610,22313,13719,61.93
4804611,24636,16895,59.32
4804612,16825,24403,40.81
4804613,20957,37273,35.99
4804614,29453,16026,64.76
4804615,22042,16353,57.41
4804616,22987,20769,52.53
4804617,26168,15711,62.48
4804618,28281,13507,67.68
4804619,19078,15242,55.59
4804620,19450,25664,43.11
4804621,11572,32234,26.42
4804622,15560,21067,42.48
4804623,19992,20021,49.96
4804624,11157,33193,25.16
4804625,19253,29070,39.84
4804626,25969,20813,55.51
4804627,19635,32136,37.93
4804628,18452,21236,46.49
4804629,22016,26349,45.52
4804630,14768,42212,25.92
4804631,14961,31213,32.4
4804633,14641,22490,39.43
4804634,15477,24145,39.06
4804635,17244,27357,38.66
4804636,18921,31091,37.83
4804637,29415,26409,52.69
4804638,23820,9375,71.76
4804639,12676,24611,34.0
4804640,13203,25615,34.01
4804701,37604,40216,48.32
4804702,18447,47963,27.78
4804801,8747,40338,17.82
4804802,17509,27878,38.58
4804803,15048,22080,40.53
4804901,14291,26614,34.94
4804902,15222,30234,33.49
4804903,17938,26995,39.92
4804904,23223,34485,40.24
4804906,16285,37174,30.46
4804907,12270,28097,30.4
4805000,32512,38162,46.0
4805100,27813,41328,40.23
4805201,17642,42708,29.23
4805202,12573,39301,24.24
4805203,13075,46844,21.82
4805204,17546,53822,24.59
4805301,20266,49753,28.94
4805302,18741,36945,33.65
4805303,26770,40213,39.97
4805304,25101,36606,40.68
4805305,5623,40816,12.11
4805306,21104,52951,28.5
4805307,19510,52904,26.94
4805308,10458,41597,20.09
4805309,17691,49106,26.48
4805401,18065,22841,44.16
4805402,23245,29442,44.12
4805500,27220,30007,47.56
4805600,21729,23276,48.28
4805700,22789,38632,37.1
4805800,18772,48619,27.86
4805901,26216,11202,70.06
4805902,17870,26607,40.18
4805903,28338,16151,63.7
4805904,25725,16100,61.51
4805905,26984,8547,75.94
4805906,25761,11773,68.63
4805907,26547,24113,52.4
4805908,20911,26024,44.55
4805909,17577,21949,44.47
4805910,23711,28276,45.61
4805911,16939,39296,30.12
4805912,12971,29123,30.81
4805913,23695,23730,49.96
4805914,16219,50470,24.32
4805915,14048,40195,25.9
4805916,12994,32733,28.42
4806000,19817,37373,34.65
4806100,21634,25612,45.79
4806301,27364,11189,70.98
4806302,21689,18488,53.98
4806500,23493,23931,49.54
4806601,16575,23567,41.29
4806603,16247,27198,37.4
4806604,25982,18042,59.02
4806701,22649,14491,60.98
4806702,31226,20975,59.82
4806703,31730,14671,68.38
4806801,23335,9148,71.84
4806802,22645,10418,68.49
4806803,28684,11881,70.71
4806804,30027,16613,64.38
4806805,25112,22698,52.52
4806806,24295,14872,62.03
4806807,22897,5972,79.31
4807200,20965,22042,48.75
4807300,18366,18681,49.57
4807401,22391,23735,48.54
4807402,19431,20597,48.54
4807500,30040,18729,61.6
4807600,23254,9746,70.47
4807700,22674,14313,61.3
4903000,12896,29952,30.1
4905000,19940,42041,32.17
4911002,8463,32199,20.81
4911003,9240,22600,29.02
4911004,11968,29271,29.02
4913000,23758,30927,43.45
4921000,21111,31189,40.37
4935008,11151,28853,27.87
4935009,7167,29320,19.64
4935011,15284,25669,37.32
4935012,15993,31049,34.0
4935013,17206,26199,39.64
4935014,16099,24636,39.52
4935015,22255,45632,32.78
4935016,10967,30768,26.28
4935017,16182,45755,26.13
4949001,13102,35241,27.1
4949002,20279,41512,32.82
4949003,17259,15693,52.38
4949004,11527,39521,22.58
4953000,24574,43620,36.04
4957001,17183,33429,33.95
4957002,17575,24880,41.4
5000100,27502,35769,43.47
5000200,23547,30352,43.69
5000201,0,2,0.0
5000300,29185,40249,42.03
5000400,36089,47265,43.3
5000501,0,1,0.0
5101301,6947,46774,12.93
5101302,12171,42655,22.2
5101500,29468,37872,43.76
5101900,20069,33799,37.26
5104101,16234,27407,37.2
5104102,14208,31755,30.91
5104103,10420,35163,22.86
5105901,9759,31834,23.46
5105902,11902,52576,18.46
5105904,8522,38531,18.11
5105905,5325,30543,14.85
5105906,7503,31971,19.01
5105907,18527,32857,36.06
5105908,11244,36140,23.73
5106100,20768,47988,30.21
5106900,17622,34373,33.89
5107300,30103,42572,41.42
5108300,35464,32749,51.99
5108501,9980,29284,25.42
5108701,26176,34754,42.96
5108702,19622,56346,25.83
5109500,15921,50129,24.1
5110701,10519,32117,24.67
5110702,7287,43421,14.37
5110703,7032,43016,14.05
5110901,15193,33830,30.99
5112100,28746,44884,39.04
5114300,41658,36141,53.55
5114501,10893,32056,25.36
5114900,33952,31637,51.76
5115301,9983,32161,23.69
5115302,17149,36930,31.71
5115303,10806,23235,31.74
5116101,30898,54441,36.21
5116500,19653,30890,38.88
5117100,17315,25030,40.89
5117700,23156,50189,31.57
5117900,15693,46607,25.19
5118500,41873,29718,58.49
5119100,42040,36390,53.6
5151000,18430,53910,25.48
5154001,18573,35418,34.4
5155001,17801,26735,39.97
5155002,10817,33372,24.48
5160001,9933,43469,18.6
5161001,6821,37095,15.53
5165000,26579,31044,46.13
5168000,21514,28436,43.07
5168701,15371,27535,35.82
5170000,35963,43208,45.42
5171001,18690,23007,44.82
5171002,24502,29660,45.24
5174001,22342,25142,47.05
5176001,23914,27618,46.41
5176002,22783,26535,46.2
5177001,27511,27717,49.81
5180000,23200,39903,36.77
5181001,18396,44666,29.17
5181002,23772,47505,33.35
5181003,13143,35301,27.13
5320501,16051,22362,41.79
5320502,18903,26350,41.77
5320503,19304,26048,42.56
5320700,23427,24134,49.26
5320900,22274,28937,43.49
5321101,18397,28172,39.5
5321102,14797,29109,33.7
5321103,25162,28100,47.24
5321104,18503,31617,36.92
5321500,26298,29675,46.98
5322500,30251,25090,54.66
5322700,27305,28096,49.29
5322900,17141,25984,39.75
5323301,13549,38280,26.14
5323302,7591,35720,17.53
5323303,15344,50675,23.24
5323304,16152,46140,25.93
5323305,10612,48014,18.1
5323306,12124,33935,26.32
5323307,19589,24720,44.21
5323308,22411,26901,45.45
5323309,19999,25687,43.77
5323310,21980,33908,39.33
5323311,21390,28079,43.24
5323312,13837,30803,31.0
5323313,14184,31109,31.32
5323314,15882,36286,30.44
5323315,17135,42181,28.89
5323316,14255,38739,26.9
5323317,15643,33268,31.98
5323318,14734,33734,30.4
5323501,15037,34675,30.25
5323502,21605,35142,38.07
5324100,22178,25657,46.36
5325301,19045,28552,40.01
5325302,18229,20983,46.49
5325303,13970,25641,35.27
5325304,13209,31218,29.73
5325305,17913,32838,35.3
5325306,17908,19467,47.91
5325307,15937,27085,37.04
5325308,14290,30936,31.6
5325701,21219,32179,39.74
5326101,20845,34891,37.4
5326102,14026,37631,27.15
5326103,10887,40765,21.08
5326104,14691,35434,29.31
5326105,14316,27413,34.31
5326106,21729,39533,35.47
5326301,15746,27414,36.48
5326302,28474,33688,45.81
5326303,25959,32995,44.03
5326304,26858,26624,50.22
5326500,22022,21185,50.97
5326701,14790,25461,36.74
5326702,27679,49183,36.01
5327301,18207,27690,39.67
5327302,18386,27946,39.68
5327500,18459,21971,45.66
5327701,23097,13840,62.53
5327702,27713,22362,55.34
5400100,27052,25995,51.0
5400200,27260,28117,49.23
5400300,33349,45320,42.39
5400400,28476,42734,39.99
5400500,18689,22878,44.96
5400600,32466,33923,48.9
5400700,20752,18134,53.37
5400800,39440,33665,53.95
5400900,36390,40349,47.42
5401000,25678,21119,54.87
5401100,29237,24670,54.24
5401200,41688,24816,62.68
5419100,0,2,0.0
5500100,34444,47282,42.15
5500200,20517,33887,37.71
5500300,22466,34698,39.3
5500400,21928,55143,28.45
5500501,20776,26674,43.79
5500502,18645,44140,29.7
5500600,20272,37502,35.09
5500700,16015,33401,32.41
5500800,19433,44419,30.43
5500900,28624,44170,39.32
5501000,19369,26496,42.23
5501100,27644,43924,38.63
5501200,18948,38642,32.9
5501300,26379,37316,41.41
5501400,22394,34474,39.38
5501500,18224,36199,33.49
5501600,16099,28301,36.26
5501700,19539,30690,38.9
5501800,17557,30088,36.85
5501900,21115,38165,35.62
5502000,17903,33549,34.8
5502101,23382,24982,48.35
5502102,17195,38781,30.72
5502103,11129,35948,23.64
5502104,11735,30162,28.01
5502105,13977,36408,27.74
5502200,24484,43392,36.07
5502300,24691,46666,34.6
5502400,14838,28243,34.44
5502501,10309,35969,22.28
5502502,13955,39287,26.21
5502503,14246,53316,21.09
5502600,24489,68291,26.39
5502801,26477,14994,63.84
5502802,19225,36390,34.57
5502803,29004,11326,71.92
5502804,26082,15416,62.85
5502805,25185,11588,68.49
5502806,18552,28520,39.41
5502807,22448,53440,29.58
5502808,17070,33611,33.68
5502900,30504,48572,38.58
5503000,24564,43247,36.22
5600100,14215,33655,29.7
5600200,12488,29072,30.05
5600300,17425,27534,38.76
5600400,21418,40615,34.53
5600500,19077,27259,41.17
7200100,43972,6994,86.28
7200200,36561,5426,87.08
7200300,30438,5026,85.83
7200400,31824,4444,87.75
7200500,41415,8287,83.33
7200600,34856,4762,87.98
7200700,34742,4671,88.15
7200800,48507,8185,85.56
7200900,35686,9982,78.14
7201000,43597,15604,73.64
7201101,44774,18824,70.4
7201102,50382,21884,69.72
7201200,23144,18325,55.81
7201300,50039,16346,75.38
7201400,29722,11167,72.69
7201500,33678,6957,82.88
7201600,33239,6737,83.15
7201700,47256,7829,85.79
7201800,41585,5786,87.79
7201900,53872,7915,87.19
7202000,48791,10315,82.55
7202100,38290,9296,80.46
7202200,28814,8761,76.68
7202300,28898,8371,77.54
