state,POVPIP,has_pap,has_ssip,has_hins4,has_snap,American Indian and Alaska Native,Asian,Black or African American,Native Hawaiian,Pacific Islander,White,Hispanic or Latino,Veteran,Elderly,DIS,English less than very well,WGTP
46,0,0,0,0,0,0,0,0,0,0,0,8,8,8,8,0,8
46,0,0,0,0,0,0,0,0,0,0,106,0,0,0,0,0,106
46,0,0,0,0,0,0,0,0,0,0,403,0,0,0,403,0,403
46,0,0,0,0,0,0,0,0,0,0,560,0,0,560,0,0,560
46,0,0,0,0,0,0,0,0,0,0,167,0,0,167,167,0,167
46,0,0,0,0,0,0,0,0,0,0,79,0,79,79,0,0,79
46,0,0,0,0,0,0,0,0,0,0,179,0,179,179,179,0,179
46,0,0,0,0,0,28,0,0,0,0,0,0,0,0,0,0,28
46,0,0,0,0,0,200,0,0,0,0,0,0,0,0,200,0,200
46,0,0,0,0,0,51,0,0,0,0,0,0,0,51,0,0,51
46,0,0,0,0,0,97,0,0,0,0,97,0,97,97,0,0,97
46,0,0,0,0,1,0,0,0,0,0,519,0,0,0,0,0,519
46,0,0,0,0,1,0,0,0,0,0,43,0,0,0,43,0,43
46,0,0,0,0,1,351,0,0,0,0,0,0,0,0,0,0,351
46,0,0,0,1,0,0,0,0,0,0,123,0,0,0,0,0,123
46,0,0,0,1,0,0,0,0,0,0,25,0,0,25,25,0,25
46,0,0,0,1,0,0,0,0,0,0,112,112,0,0,0,0,112
46,0,0,0,1,0,0,0,0,0,0,118,118,0,0,118,0,118
46,0,0,0,1,0,318,0,0,0,0,0,0,0,0,0,0,318
46,0,0,0,1,1,0,0,0,0,0,142,0,0,0,142,0,142
46,0,0,0,1,1,0,0,0,0,0,104,0,0,104,104,0,104
46,0,0,0,1,1,75,0,0,0,0,75,0,0,0,0,0,75
46,0,0,0,1,1,267,0,0,0,0,267,0,267,267,0,0,267
46,0,0,1,1,1,40,0,0,0,0,40,40,0,0,40,0,40
46,2,0,0,0,0,67,0,67,0,0,67,67,0,0,0,67,67
46,5,0,0,0,0,0,0,0,0,0,90,0,0,0,0,0,90
46,5,0,0,0,0,0,0,0,0,0,46,0,0,0,46,0,46
46,5,0,0,1,0,0,0,0,0,0,383,0,0,0,0,0,383
46,6,0,0,1,0,0,0,0,0,0,21,0,0,21,21,0,21
46,6,0,0,1,0,0,0,0,0,0,93,93,0,0,93,0,93
46,6,1,0,1,1,0,0,0,0,0,32,32,0,0,0,0,32
46,7,0,0,0,0,0,0,0,0,0,408,0,0,0,0,0,408
46,7,0,0,0,0,0,0,0,0,0,200,0,200,0,0,0,200
46,7,0,0,0,1,48,0,0,0,0,0,0,0,0,0,0,48
46,8,0,0,1,1,201,0,201,0,0,201,0,0,0,201,0,201
46,8,1,0,1,0,45,0,0,0,0,45,0,0,0,0,0,45
46,9,0,0,0,0,0,0,0,0,0,182,0,0,0,0,0,182
46,9,0,0,1,1,43,0,0,0,0,0,0,0,0,0,0,43
46,10,0,0,0,0,0,0,0,0,0,0,170,0,0,0,170,170
46,10,0,0,0,0,0,0,0,0,0,99,99,0,99,0,0,99
46,11,0,0,0,0,0,0,0,0,0,364,0,0,364,0,0,364
46,11,0,0,0,0,384,0,0,0,0,0,0,0,0,0,0,384
46,11,0,0,1,0,0,0,0,0,0,16,0,0,16,0,0,16
46,12,0,0,0,0,0,0,0,0,0,145,0,0,0,0,0,145
46,12,0,0,0,0,0,0,0,0,0,91,0,0,91,0,0,91
46,12,0,0,0,0,37,0,0,0,0,37,0,0,37,37,0,37
46,12,0,0,1,1,0,0,0,0,0,36,0,0,0,36,0,36
46,12,0,1,1,1,37,0,0,0,0,0,0,0,0,37,0,37
46,13,0,0,0,0,0,0,0,0,0,35,0,0,0,0,0,35
46,14,0,0,0,0,0,0,0,0,0,144,0,0,144,144,0,144
46,14,0,0,1,1,0,0,0,0,0,163,163,0,0,0,0,163
46,14,0,0,1,1,0,0,497,0,0,497,0,0,0,0,0,497
46,14,1,0,1,1,117,0,0,0,0,0,0,0,117,117,0,117
46,15,0,1,1,1,0,0,0,0,0,126,0,0,0,0,0,126
46,17,0,0,0,0,0,0,0,0,0,33,0,0,0,0,0,33
46,17,0,0,1,0,27,0,0,0,0,0,0,0,27,0,0,27
46,18,0,0,0,0,0,0,0,0,0,156,0,0,156,0,0,156
46,18,0,0,0,0,0,0,0,0,0,46,0,46,46,46,0,46
46,19,0,0,0,0,0,0,0,0,0,18,0,0,0,0,0,18
46,20,0,0,0,0,0,0,0,0,0,24,0,0,24,0,0,24
46,20,0,0,1,0,0,0,0,0,0,0,0,0,247,247,0,247
46,21,0,0,0,0,0,0,0,0,0,761,0,0,0,761,0,761
46,21,0,0,1,1,47,0,0,0,0,0,0,0,0,0,0,47
46,21,1,0,0,1,0,0,68,0,0,68,68,68,0,68,0,68
46,21,1,0,1,1,71,0,0,0,0,0,0,0,0,0,0,71
46,22,0,0,0,0,0,0,0,0,0,48,0,0,0,0,0,48
46,22,0,0,1,1,91,0,0,0,0,0,0,0,0,0,0,91
46,23,0,0,0,0,0,0,0,0,0,495,0,0,0,0,0,495
46,23,0,0,1,0,0,0,0,0,0,39,0,0,39,0,0,39
46,23,0,0,1,0,70,70,0,0,0,70,0,0,0,0,0,70
46,24,0,0,0,0,0,0,0,0,0,12,0,0,12,0,0,12
46,24,0,0,1,0,0,0,0,0,0,136,136,136,0,136,0,136
46,24,1,0,1,1,186,0,0,0,0,186,0,0,0,186,0,186
46,26,0,0,1,1,0,0,0,0,0,112,0,0,0,0,0,112
46,26,1,1,1,1,102,0,0,0,0,0,0,0,102,102,0,102
46,27,0,0,0,0,0,0,0,0,0,61,0,0,61,0,0,61
46,27,0,0,1,1,43,0,0,0,0,0,0,0,0,0,0,43
46,27,0,1,1,1,154,0,0,0,0,0,154,0,154,154,0,154
46,28,0,0,0,0,0,0,0,0,0,274,0,0,0,274,0,274
46,28,0,0,0,0,0,0,0,0,0,160,0,0,160,160,0,160
46,28,0,0,1,0,0,0,0,0,0,15,0,0,15,0,0,15
46,28,1,0,1,1,398,0,0,0,0,0,0,0,0,0,0,398
46,28,1,0,1,1,36,0,0,0,0,0,0,0,0,36,0,36
46,29,0,0,0,0,0,0,0,0,0,31,0,0,31,0,0,31
46,29,0,0,1,0,0,0,0,0,0,17,0,0,17,0,0,17
46,29,0,1,1,0,0,0,0,0,0,90,0,0,90,90,0,90
46,30,0,0,0,0,0,0,0,0,0,14,0,0,14,14,0,14
46,31,0,0,0,1,355,0,0,0,0,355,0,0,355,355,0,355
46,31,1,0,1,1,46,0,0,0,0,0,0,0,0,0,0,46
46,32,0,0,0,0,0,0,0,0,0,75,0,75,0,0,0,75
46,32,0,0,1,1,0,0,0,0,0,36,0,0,0,0,0,36
46,32,1,0,0,0,0,0,0,0,0,33,0,0,0,0,0,33
46,32,1,0,1,1,0,0,0,0,0,120,0,0,0,0,0,120
46,33,0,0,0,0,430,0,0,0,0,430,0,0,0,430,0,430
46,33,0,0,1,0,0,0,0,0,0,134,0,0,0,0,0,134
46,34,0,0,1,1,0,0,0,0,0,102,0,0,0,0,0,102
46,34,0,0,1,1,251,0,0,0,0,0,0,0,0,0,0,251
46,34,0,0,1,1,31,0,0,0,0,0,0,31,0,31,0,31
46,34,1,0,1,1,0,0,0,0,0,0,0,0,0,54,0,54
46,34,1,0,1,1,114,0,0,0,0,0,0,0,0,114,0,114
46,35,0,0,0,0,0,0,0,0,0,35,0,0,0,0,0,35
46,35,0,1,1,1,0,0,0,0,0,33,0,0,33,33,0,33
46,36,0,0,0,0,0,0,0,0,0,268,0,0,0,0,0,268
46,36,0,0,0,0,0,0,0,0,0,49,0,0,0,49,0,49
46,36,0,0,0,1,0,0,0,0,0,174,0,0,0,0,0,174
46,36,1,0,1,1,61,0,0,0,0,0,0,0,0,61,0,61
46,37,0,0,0,0,0,0,0,0,0,24,0,0,24,0,0,24
46,39,0,0,1,0,31,0,0,0,0,31,31,0,0,0,0,31
46,39,0,1,1,1,129,0,0,0,0,0,0,0,0,129,0,129
46,40,1,0,1,1,61,0,0,0,0,0,0,0,0,0,0,61
46,41,0,0,0,0,0,0,0,0,0,20,0,0,0,0,0,20
46,41,0,0,0,0,0,0,0,0,0,22,0,0,22,0,0,22
46,41,0,0,1,0,21,0,0,0,0,0,0,0,0,0,0,21
46,42,0,0,0,0,0,0,0,0,0,603,0,0,603,0,0,603
46,42,0,1,1,1,60,0,0,0,0,60,0,0,0,60,0,60
46,43,0,0,0,0,0,0,0,0,0,268,0,0,0,0,0,268
46,43,0,0,0,0,0,0,0,0,0,97,0,0,97,97,0,97
46,43,1,0,1,1,15,0,0,0,0,0,0,0,0,0,0,15
46,44,0,0,0,0,0,0,0,0,0,351,0,0,0,0,0,351
46,44,0,0,1,0,85,0,0,0,0,0,0,0,0,0,0,85
46,44,0,0,1,1,94,0,0,0,0,0,0,0,0,0,0,94
46,45,0,0,0,0,74,0,0,0,0,0,0,0,0,0,0,74
46,46,0,0,0,0,0,0,0,0,0,48,0,0,0,0,0,48
46,46,0,0,1,0,0,0,0,0,0,15,0,0,0,0,0,15
46,47,1,0,1,0,28,0,0,0,0,0,0,0,0,0,0,28
46,47,1,1,1,0,35,0,0,0,0,0,0,0,35,35,0,35
46,47,1,1,1,1,113,0,0,0,0,0,0,0,0,0,0,113
46,49,0,0,0,0,0,0,0,0,0,75,0,0,75,0,0,75
46,49,0,0,0,0,0,0,0,0,0,44,0,44,44,0,0,44
46,50,0,0,0,0,0,0,98,0,0,0,0,0,0,0,98,98
46,50,0,0,0,1,0,0,0,0,0,167,0,0,167,0,0,167
46,50,0,0,1,0,0,0,0,0,0,28,0,0,0,0,0,28
46,50,0,0,1,1,0,0,0,0,0,153,0,0,0,0,0,153
46,51,0,0,0,0,0,0,0,0,0,112,0,0,0,112,0,112
46,51,0,0,1,0,0,0,0,0,0,284,284,0,0,0,0,284
46,52,0,0,0,0,0,0,0,0,0,175,0,0,175,0,0,175
46,52,0,0,1,1,21,0,0,0,0,0,0,0,0,21,0,21
46,52,1,0,0,1,162,0,0,0,0,0,0,0,0,162,0,162
46,53,0,1,1,1,132,0,0,0,0,0,0,132,132,132,0,132
46,53,1,1,1,1,58,0,0,0,0,0,0,0,0,58,0,58
46,54,0,0,1,1,43,0,0,0,0,0,0,0,0,0,0,43
46,55,0,1,1,1,0,0,0,0,0,26,0,26,26,26,0,26
46,55,1,1,1,1,0,30,0,0,0,0,0,0,0,30,30,30
46,56,0,0,1,0,0,0,0,0,0,22,0,0,0,22,0,22
46,56,0,0,1,0,131,0,0,0,0,0,0,0,0,131,0,131
46,56,0,0,1,1,0,0,0,0,0,85,0,0,85,85,0,85
46,56,1,0,1,1,0,0,0,0,0,352,0,352,0,0,0,352
46,57,0,0,0,0,0,0,0,0,0,117,0,0,0,0,0,117
46,57,0,0,0,0,0,0,0,0,0,129,0,0,129,0,0,129
46,57,0,0,0,0,0,0,0,0,0,23,23,0,0,0,23,23
46,57,0,0,1,0,165,0,0,0,0,0,0,0,0,0,0,165
46,57,0,0,1,1,0,0,0,0,0,128,0,128,0,0,0,128
46,58,0,0,0,1,0,0,0,0,0,282,282,0,0,0,0,282
46,58,1,1,1,1,105,0,0,0,0,0,105,0,0,0,0,105
46,59,0,0,0,0,0,0,0,0,0,0,0,0,11,0,0,11
46,59,0,0,0,0,0,0,0,0,0,373,0,0,0,0,0,373
46,59,0,0,1,0,77,0,0,0,0,77,0,0,77,77,0,77
46,59,0,0,1,1,126,0,0,0,0,0,0,0,126,0,0,126
46,59,1,0,1,1,0,0,162,0,0,0,0,0,0,162,0,162
46,60,0,0,0,0,0,0,0,0,0,18,0,0,18,0,0,18
46,61,0,0,1,0,0,0,35,0,0,35,0,0,35,0,0,35
46,61,0,0,1,1,32,0,0,0,0,0,32,32,32,32,0,32
46,62,1,0,0,1,53,0,0,0,0,0,0,0,0,53,0,53
46,63,0,0,0,0,0,0,0,0,0,36,36,0,0,36,0,36
46,63,0,0,1,1,338,0,0,0,0,0,0,0,0,0,0,338
46,63,0,1,1,0,222,0,0,0,0,0,0,0,222,0,0,222
46,64,0,0,0,0,0,0,0,0,0,14,0,0,14,14,0,14
46,64,0,0,0,0,56,0,0,0,0,0,0,56,56,56,0,56
46,64,0,0,1,0,103,0,0,0,0,0,0,0,103,103,0,103
46,64,0,0,1,1,20,0,0,0,0,0,20,0,0,0,20,20
46,64,1,0,1,0,38,0,0,0,0,0,0,0,0,0,0,38
46,64,1,1,1,1,58,0,0,0,0,0,0,0,0,58,0,58
46,65,0,0,0,0,0,0,0,0,0,0,497,0,0,0,0,497
46,65,0,0,0,0,0,0,258,0,0,258,258,0,0,258,0,258
46,65,0,0,1,1,0,0,0,0,0,170,0,170,0,0,0,170
46,66,0,0,0,0,0,0,0,0,0,434,0,0,0,0,0,434
46,66,0,0,1,1,0,0,0,0,0,52,0,0,0,0,0,52
46,66,0,0,1,1,0,0,0,0,0,189,189,0,0,0,0,189
46,67,0,0,0,0,0,0,0,0,0,29,0,0,29,0,0,29
46,67,0,0,1,1,46,0,0,0,0,0,0,0,0,46,0,46
46,67,0,1,1,1,36,0,0,0,0,0,0,0,0,0,0,36
46,68,0,0,0,0,0,0,0,0,0,322,0,0,0,0,0,322
46,68,0,0,0,0,0,0,0,0,0,61,0,0,61,61,0,61
46,68,0,0,0,0,0,0,0,0,0,28,0,28,28,0,0,28
46,68,0,0,1,1,222,0,0,0,0,0,0,0,222,222,0,222
46,68,0,1,1,1,0,0,0,0,0,15,0,0,0,15,0,15
46,69,0,0,0,0,0,0,0,0,0,57,0,0,57,57,0,57
46,69,0,0,1,0,0,0,0,0,0,31,0,0,31,31,0,31
46,69,0,0,1,1,0,0,141,0,0,141,0,0,0,0,0,141
46,69,0,1,1,0,0,0,0,0,0,66,0,0,0,66,0,66
46,69,0,1,1,1,0,0,0,0,0,32,0,0,0,32,0,32
46,69,0,1,1,1,0,0,0,0,0,414,0,0,414,414,0,414
46,69,0,1,1,1,83,0,0,0,0,83,0,83,0,83,0,83
46,70,0,1,1,0,0,0,0,0,0,0,243,0,243,243,243,243
46,70,0,1,1,1,0,0,0,0,0,72,0,0,0,72,0,72
46,70,0,1,1,1,0,0,0,32,0,32,0,32,32,32,0,32
46,70,1,1,1,1,0,0,0,0,0,24,0,0,24,24,0,24
46,71,0,0,0,0,0,0,0,0,0,189,0,0,189,0,0,189
46,71,0,0,0,0,0,0,0,0,0,316,0,316,0,0,0,316
46,71,0,0,0,1,0,0,0,0,0,157,0,0,157,0,0,157
46,71,0,1,1,1,0,0,0,0,0,15,0,0,15,15,0,15
46,72,0,0,0,0,0,0,0,0,0,60,0,0,0,0,0,60
46,72,0,0,0,0,0,0,0,0,0,233,0,0,0,233,0,233
46,72,0,0,0,0,0,0,0,0,0,114,0,0,114,0,0,114
46,72,0,0,0,0,0,0,0,0,0,242,0,0,242,242,0,242
46,72,1,0,1,0,35,0,0,0,0,0,0,35,35,0,0,35
46,72,1,0,1,1,40,0,0,0,0,40,0,0,0,0,0,40
46,73,0,0,0,0,0,0,0,0,0,29,0,0,29,0,0,29
46,73,0,0,0,0,0,0,0,0,0,29,0,0,29,29,0,29
46,73,0,0,1,0,0,0,0,0,0,145,0,0,0,0,0,145
46,73,1,0,1,0,0,0,0,0,0,15,0,0,15,15,0,15
46,74,0,0,0,0,0,0,0,0,0,159,0,0,0,0,0,159
46,74,0,0,0,0,0,0,0,0,0,210,0,0,0,210,0,210
46,74,0,0,0,0,0,0,0,0,0,14,0,0,14,0,0,14
46,74,0,1,1,0,51,0,0,0,0,0,0,0,51,51,0,51
46,75,0,0,0,0,0,0,0,0,0,38,0,0,38,38,0,38
46,75,0,0,1,1,0,0,0,0,0,27,27,0,0,0,0,27
46,76,0,0,0,0,0,0,0,0,0,133,0,0,133,133,0,133
46,76,0,0,0,0,106,0,0,0,0,106,0,0,106,0,0,106
46,76,0,0,0,0,513,0,513,0,0,513,0,0,0,0,0,513
46,76,0,0,1,1,0,0,0,0,0,234,0,0,0,0,0,234
46,76,1,0,1,0,0,0,0,0,0,52,0,0,52,0,0,52
46,77,0,0,0,0,0,0,0,0,0,0,40,0,0,0,40,40
46,77,0,0,0,0,0,0,0,0,0,93,0,93,93,93,0,93
46,77,0,0,0,0,103,0,0,0,0,103,0,0,103,0,0,103
46,77,1,0,1,0,0,0,0,0,0,79,0,0,79,79,0,79
46,78,0,0,0,0,0,0,0,0,0,26,0,0,26,26,0,26
46,78,0,0,1,0,0,0,0,0,0,22,0,0,22,0,0,22
46,78,0,1,1,0,0,0,0,0,0,35,0,0,0,35,0,35
46,79,0,0,0,0,0,0,0,0,0,98,0,0,98,0,0,98
46,79,0,0,0,0,0,0,0,0,0,27,0,27,27,0,0,27
46,79,0,0,1,1,0,0,0,0,0,145,0,145,145,0,0,145
46,80,0,0,0,0,0,0,0,0,0,58,0,0,58,58,0,58
46,80,0,0,0,0,0,0,0,0,0,18,0,18,18,0,0,18
46,80,0,0,0,0,0,0,0,0,0,341,0,341,341,341,0,341
46,80,0,0,0,1,61,0,0,0,0,0,0,61,61,0,0,61
46,80,0,0,1,0,58,0,0,0,0,0,0,58,58,58,0,58
46,80,0,1,1,0,0,0,0,0,0,10,0,0,10,0,0,10
46,81,0,0,0,0,0,0,0,0,0,350,0,0,0,0,0,350
46,81,0,0,0,0,0,0,0,0,0,59,0,0,59,59,0,59
46,81,0,0,0,0,0,0,0,0,0,28,0,28,28,0,0,28
46,81,0,0,0,0,35,0,0,0,0,0,0,0,0,35,0,35
46,81,0,0,1,1,0,0,0,0,0,12,0,0,0,12,0,12
46,81,0,1,1,1,0,0,0,0,0,245,0,0,245,245,0,245
46,81,1,1,1,1,0,0,0,0,0,31,0,0,31,31,0,31
46,82,0,0,1,1,0,0,0,0,0,293,0,0,0,293,0,293
46,82,0,0,1,1,0,0,0,0,0,273,273,0,0,273,0,273
46,82,0,0,1,1,121,0,0,0,0,0,0,0,121,121,0,121
46,83,0,0,0,1,0,0,0,0,0,24,0,0,24,0,0,24
46,83,0,0,1,0,0,0,0,0,0,25,0,0,25,0,0,25
46,83,1,0,1,0,125,0,0,0,0,0,0,0,125,125,0,125
46,84,0,0,1,0,0,0,0,0,0,85,0,0,0,0,0,85
46,85,0,0,0,0,0,0,0,0,0,158,0,0,0,158,0,158
46,85,0,0,0,0,0,0,0,0,0,97,0,0,97,0,0,97
46,85,0,0,0,0,0,0,0,0,0,16,0,0,16,16,0,16
46,85,0,0,1,0,0,0,0,0,0,85,0,85,0,85,0,85
46,85,0,0,1,0,0,0,0,0,0,224,224,0,0,0,224,224
46,85,0,0,1,1,0,0,0,0,0,200,0,0,0,0,0,200
46,85,0,0,1,1,65,0,0,0,0,0,0,0,65,65,0,65
46,86,0,0,0,0,0,0,0,0,0,197,0,0,0,0,0,197
46,86,0,0,0,0,0,0,0,0,0,80,0,0,0,80,0,80
46,86,0,0,0,0,0,0,0,0,0,60,0,0,60,0,0,60
46,86,0,0,0,0,0,0,0,0,0,81,0,81,81,0,0,81
46,86,0,0,1,0,0,0,0,0,0,39,0,0,39,0,0,39
46,86,0,0,1,0,0,0,0,0,0,169,0,0,169,169,0,169
46,86,0,0,1,1,0,0,0,0,0,57,0,0,0,0,0,57
46,86,0,0,1,1,0,0,0,0,0,18,0,0,18,0,0,18
46,86,0,0,1,1,0,0,0,0,0,164,0,0,164,164,0,164
46,87,0,0,0,0,0,0,0,0,0,41,0,0,0,0,0,41
46,87,0,0,0,0,0,0,0,0,0,58,0,0,58,0,0,58
46,87,0,0,0,0,0,0,0,0,0,63,0,63,63,63,0,63
46,87,0,0,0,1,0,0,0,0,0,34,0,0,0,0,0,34
46,88,0,0,0,0,0,0,0,0,0,49,0,0,0,0,0,49
46,88,0,0,0,0,0,0,0,0,0,25,0,0,25,25,0,25
46,88,0,0,0,0,0,801,0,0,0,0,0,0,0,0,0,801
46,88,0,0,0,1,0,0,0,0,0,15,15,0,0,0,0,15
46,88,0,0,1,0,0,0,0,0,0,26,0,0,26,26,0,26
46,88,0,0,1,1,0,0,0,0,0,9,0,0,0,0,0,9
46,88,0,1,1,1,0,0,0,0,0,181,0,0,181,181,0,181
46,89,0,0,0,0,0,0,0,0,0,223,0,0,223,223,0,223
46,89,0,0,1,0,0,0,0,0,0,36,0,0,36,0,0,36
46,90,0,0,0,0,0,0,0,0,0,213,0,0,213,0,0,213
46,90,0,0,0,0,112,0,0,0,0,112,0,0,0,0,0,112
46,90,0,0,1,0,33,0,0,0,0,0,0,0,0,33,0,33
46,90,0,1,1,1,0,0,0,0,0,117,0,0,117,117,0,117
46,91,0,0,0,0,0,0,0,0,0,207,0,0,0,0,0,207
46,91,0,0,0,0,0,0,0,0,0,22,0,0,22,22,0,22
46,91,0,0,0,0,24,0,0,0,0,0,0,0,0,0,0,24
46,91,0,0,0,1,0,0,0,0,0,10,0,0,0,0,0,10
46,91,0,0,1,1,0,0,0,0,0,176,0,0,176,0,0,176
46,91,0,1,1,0,32,0,0,0,0,0,0,0,0,32,0,32
46,91,1,0,0,1,0,0,0,0,0,20,0,0,20,0,0,20
46,91,1,0,1,1,52,0,0,0,0,0,0,0,0,0,0,52
46,92,0,0,0,0,0,0,0,0,0,73,0,0,0,0,0,73
46,92,0,0,0,0,0,0,0,0,0,23,0,0,23,0,0,23
46,92,0,0,0,0,0,0,0,0,0,59,0,0,59,59,0,59
46,92,0,0,0,0,0,0,0,0,0,49,0,49,49,49,0,49
46,92,0,0,1,0,0,0,0,0,0,32,0,0,0,32,0,32
46,92,0,0,1,0,0,0,0,0,0,34,0,0,34,0,0,34
46,92,0,0,1,0,0,0,0,0,0,88,0,0,88,88,0,88
46,93,0,0,0,0,0,0,0,0,0,59,0,59,59,59,0,59
46,93,0,0,1,1,0,0,0,0,0,181,0,0,181,181,0,181
46,94,0,0,0,0,0,0,0,0,0,74,0,0,0,0,0,74
46,94,0,0,0,0,0,0,0,0,0,31,0,0,31,0,0,31
46,94,0,0,1,0,0,0,0,0,0,146,0,0,0,0,0,146
46,94,0,0,1,0,0,0,0,0,0,88,0,0,88,0,0,88
46,94,0,0,1,0,24,0,0,0,0,0,0,0,24,24,0,24
46,95,0,0,0,0,0,0,0,0,0,133,0,0,133,0,0,133
46,95,0,0,0,0,0,0,0,0,0,31,0,0,31,31,0,31
46,95,0,0,1,0,56,0,0,0,0,0,0,0,0,0,0,56
46,96,0,0,0,0,0,0,0,0,0,362,0,0,362,362,0,362
46,96,0,0,0,0,0,0,0,0,0,216,0,216,216,216,0,216
46,96,0,0,0,1,0,0,0,0,0,25,0,0,25,0,0,25
46,96,0,0,0,1,0,0,0,0,0,106,0,106,106,0,106,106
46,96,0,0,1,0,0,0,0,0,0,251,0,0,0,0,0,251
46,96,0,0,1,0,0,0,0,0,0,17,0,17,17,17,0,17
46,96,0,0,1,0,66,0,0,0,0,66,66,0,0,0,0,66
46,96,0,1,1,0,0,0,0,0,0,160,0,0,160,160,0,160
46,96,1,0,0,0,34,0,0,0,0,0,0,0,0,0,0,34
46,97,0,0,0,0,0,0,0,0,0,30,0,0,30,0,0,30
46,97,1,1,1,1,63,0,0,0,0,0,0,0,63,63,0,63
46,98,0,0,0,0,0,0,0,0,0,70,0,0,0,0,0,70
46,98,0,0,0,0,0,0,0,0,0,21,0,0,21,21,0,21
46,98,0,0,1,0,0,0,0,0,0,27,0,0,27,0,0,27
46,98,0,1,1,1,0,0,0,0,0,697,0,0,0,697,0,697
46,99,0,0,0,0,0,0,0,0,0,25,0,0,25,0,0,25
46,99,0,0,0,0,64,0,0,0,0,64,0,0,0,64,0,64
46,99,0,0,1,0,0,0,0,0,0,10,0,0,10,10,0,10
46,100,0,0,0,0,0,0,0,0,0,441,0,0,0,441,0,441
46,100,0,0,1,0,0,0,0,0,0,36,0,0,0,0,0,36
46,100,0,0,1,1,0,0,0,0,0,179,0,0,0,0,0,179
46,100,0,0,1,1,112,0,0,0,0,0,0,0,0,0,0,112
46,100,1,1,1,1,59,0,0,0,0,0,0,0,59,59,0,59
46,101,0,0,0,0,0,0,0,0,0,173,0,0,0,0,0,173
46,101,0,0,0,0,0,0,0,0,0,164,0,0,164,0,0,164
46,101,0,0,1,1,0,0,0,0,0,249,0,0,0,249,0,249
46,101,0,0,1,1,129,0,0,0,0,0,0,0,0,129,0,129
46,102,0,0,0,0,56,0,0,0,0,0,0,0,56,56,0,56
46,102,0,0,1,1,558,0,0,0,0,558,0,0,0,558,0,558
46,102,0,0,1,1,174,0,0,0,0,174,174,0,0,174,174,174
46,103,0,0,0,0,0,0,0,0,0,42,0,0,42,42,0,42
46,103,0,0,0,0,0,0,0,0,0,30,0,30,30,0,0,30
46,103,0,0,1,0,0,0,0,0,0,59,0,59,59,0,0,59
46,103,0,0,1,1,0,0,0,0,0,82,0,0,82,82,0,82
46,104,0,0,0,0,58,0,0,0,0,0,0,0,58,58,0,58
46,104,0,0,1,0,0,0,0,0,0,26,0,0,26,0,0,26
46,104,0,0,1,0,0,0,0,0,0,66,0,0,66,66,0,66
46,104,0,1,1,1,12,0,0,0,0,0,0,12,12,12,0,12
46,104,0,1,1,1,98,0,0,0,0,98,0,0,98,98,0,98
46,104,1,0,1,1,21,0,0,0,0,0,0,0,0,0,0,21
46,104,1,1,1,0,0,0,0,0,0,77,0,0,77,77,0,77
46,105,0,0,0,0,0,0,0,0,0,86,0,0,86,0,0,86
46,105,0,0,1,0,0,0,0,0,0,52,0,0,0,0,0,52
46,105,0,0,1,0,0,0,0,0,0,81,0,0,81,0,0,81
46,106,0,0,0,0,0,112,0,0,0,112,0,0,0,0,0,112
46,106,0,0,0,1,0,0,23,0,0,23,0,0,23,23,0,23
46,106,0,1,1,0,0,0,0,0,0,20,0,0,20,20,0,20
46,106,0,1,1,0,0,0,0,0,0,24,0,24,24,24,0,24
46,106,1,0,1,0,0,0,0,0,0,58,0,0,58,58,0,58
46,107,0,0,0,0,0,0,0,0,0,285,0,0,0,0,0,285
46,107,0,0,0,0,0,0,0,0,0,52,0,0,0,52,0,52
46,107,0,0,0,0,0,0,0,0,0,260,0,0,260,260,0,260
46,108,0,0,0,1,0,0,0,0,0,35,0,35,35,0,0,35
46,108,0,0,1,0,0,0,0,0,0,110,0,0,0,0,0,110
46,108,0,0,1,0,0,0,0,0,0,12,0,0,12,12,0,12
46,108,0,0,1,0,286,0,0,0,0,286,286,0,0,0,0,286
46,108,0,1,1,1,0,0,300,0,0,0,0,0,300,300,0,300
46,109,0,0,0,0,0,0,0,0,0,310,0,0,0,0,0,310
46,109,0,0,0,0,0,0,0,0,0,103,0,0,0,103,0,103
46,109,0,0,0,0,0,0,0,0,0,27,0,0,27,0,0,27
46,109,0,0,0,0,0,0,0,0,0,140,0,0,140,140,0,140
46,109,0,0,0,0,162,0,0,0,0,0,0,0,0,0,0,162
46,109,0,0,1,0,0,0,0,0,0,91,0,0,0,91,0,91
46,109,1,0,1,1,0,0,0,0,0,100,100,0,0,0,0,100
46,110,0,0,0,0,0,0,0,0,0,156,0,0,0,0,0,156
46,110,0,0,0,0,0,0,0,0,0,31,0,0,31,0,0,31
46,110,0,0,1,0,0,0,0,0,0,0,0,105,0,105,0,105
46,110,0,0,1,1,0,0,0,0,0,64,0,0,0,64,0,64
46,111,0,0,0,0,0,0,0,0,0,53,0,0,0,0,0,53
46,111,0,0,0,0,0,0,0,0,0,74,0,0,74,0,0,74
46,111,0,0,0,0,0,0,0,0,0,28,0,0,28,28,0,28
46,111,0,0,0,0,0,0,0,0,0,20,0,20,20,20,0,20
46,111,0,0,0,0,0,55,0,0,0,0,0,0,0,0,0,55
46,111,0,0,1,0,0,0,0,0,0,120,0,120,0,120,0,120
46,111,0,1,1,1,0,0,0,0,0,187,0,0,0,0,0,187
46,111,1,0,0,0,0,0,0,0,0,23,0,0,23,23,0,23
46,111,1,0,0,1,0,0,0,0,0,29,0,0,29,0,0,29
46,112,0,0,0,0,0,0,0,0,0,58,0,0,58,0,0,58
46,112,0,0,1,0,0,0,0,0,0,40,0,0,0,0,0,40
46,112,0,0,1,0,0,0,0,0,0,145,0,0,145,0,0,145
46,112,0,0,1,1,0,0,0,0,0,141,0,0,141,141,0,141
46,112,0,0,1,1,65,0,0,0,0,0,0,0,0,0,0,65
46,113,0,0,0,0,0,0,0,0,0,72,0,0,72,0,0,72
46,113,0,0,1,0,0,0,193,0,0,193,0,193,0,0,0,193
46,113,0,0,1,1,0,0,0,0,0,19,0,0,0,19,0,19
46,113,0,0,1,1,27,0,0,0,0,0,0,0,0,0,0,27
46,113,0,1,1,0,0,0,0,0,0,108,0,0,0,108,0,108
46,113,1,0,0,0,25,0,0,0,0,0,0,25,25,25,0,25
46,114,0,0,0,0,0,0,0,0,0,23,0,0,0,23,0,23
46,114,0,0,0,1,0,0,0,0,0,103,0,0,103,103,0,103
46,114,0,0,1,0,0,0,0,0,0,18,0,0,0,0,0,18
46,115,0,0,0,0,0,0,0,0,0,38,0,0,0,0,0,38
46,115,0,0,0,0,0,0,0,0,0,83,0,0,83,0,0,83
46,115,0,0,0,0,0,0,0,0,0,122,0,0,122,122,0,122
46,115,0,0,0,0,0,0,365,0,0,365,0,0,0,0,0,365
46,116,0,0,0,0,0,0,0,0,0,108,0,0,0,0,0,108
46,116,0,0,0,0,0,0,0,0,0,18,0,0,18,0,0,18
46,116,0,0,0,0,0,0,0,0,0,47,0,47,47,47,0,47
46,116,0,0,1,0,0,0,0,0,0,155,0,0,155,0,0,155
46,117,0,0,0,0,0,0,0,0,0,108,0,0,0,0,0,108
46,117,0,0,0,0,0,0,0,0,0,19,0,0,19,19,0,19
46,117,0,0,0,1,0,121,0,0,0,0,0,121,121,121,0,121
46,117,0,0,1,1,0,0,0,0,0,23,0,0,23,0,0,23
46,117,0,1,1,0,34,0,0,0,0,0,0,0,34,34,0,34
46,117,1,0,1,0,0,0,0,0,0,35,0,0,35,35,0,35
46,118,0,0,0,0,0,0,0,0,0,145,0,0,145,0,0,145
46,118,0,0,1,0,0,0,0,0,0,97,0,0,0,0,0,97
46,118,0,0,1,0,0,0,0,0,0,56,0,0,56,56,0,56
46,118,0,1,1,1,0,0,0,0,0,94,0,0,94,94,0,94
46,119,0,0,0,0,0,0,0,0,0,38,0,38,38,38,0,38
46,119,0,0,0,1,0,0,0,0,0,359,0,0,0,0,0,359
46,119,0,0,1,0,14,0,0,0,0,14,0,0,0,0,0,14
46,119,0,0,1,1,0,0,0,0,0,605,0,0,0,0,0,605
46,120,0,0,0,0,0,0,0,0,0,20,0,0,0,0,0,20
46,120,0,0,0,0,0,0,0,0,0,213,0,213,213,213,0,213
46,120,1,0,1,1,10,0,0,0,0,10,0,0,0,0,0,10
46,121,0,0,0,0,0,0,0,0,0,198,0,0,0,0,0,198
46,121,0,0,0,0,0,0,0,0,0,35,0,0,35,0,0,35
46,121,0,0,1,0,0,0,0,0,0,10,0,0,10,0,0,10
46,122,0,0,0,0,0,0,0,0,0,16,0,0,0,0,0,16
46,122,0,0,0,0,0,0,0,0,0,275,0,0,275,275,0,275
46,122,0,0,0,0,0,29,29,0,0,29,0,0,29,29,0,29
46,122,0,0,1,0,0,0,0,0,0,57,0,57,57,0,0,57
46,122,0,0,1,0,0,0,12,0,0,12,12,0,0,0,0,12
46,122,0,0,1,1,0,0,0,0,0,105,0,0,105,105,0,105
46,123,0,0,0,0,0,0,0,0,0,272,0,0,0,0,0,272
46,123,0,0,0,0,0,0,0,0,0,64,0,0,64,0,0,64
46,123,0,0,0,0,0,0,0,0,0,27,0,27,27,0,0,27
46,123,0,0,0,0,19,0,0,0,0,19,0,0,0,0,0,19
46,123,0,0,1,0,0,0,0,0,0,56,0,0,0,0,0,56
46,123,0,0,1,0,0,0,222,0,0,0,0,0,0,0,0,222
46,124,0,0,0,0,0,0,0,0,0,33,0,0,0,0,0,33
46,124,0,0,0,0,0,0,0,0,0,164,0,0,164,0,0,164
46,124,0,0,0,0,0,0,0,0,0,467,0,0,467,467,0,467
46,124,0,0,0,1,162,0,0,0,0,0,0,0,0,162,0,162
46,124,0,0,1,0,0,0,24,0,0,24,24,0,0,0,0,24
46,125,0,0,1,0,0,0,0,0,0,56,0,0,0,0,0,56
46,126,0,0,0,0,0,0,0,0,0,44,0,0,44,0,0,44
46,126,0,0,1,0,0,0,0,0,0,68,0,0,0,68,0,68
46,126,1,0,0,0,0,0,0,0,0,30,0,0,0,0,0,30
46,127,0,0,0,1,0,0,0,0,0,12,0,0,12,0,0,12
46,127,0,0,1,0,0,0,0,0,0,157,0,0,0,0,0,157
46,128,0,0,0,0,0,0,0,0,0,0,300,0,0,0,300,300
46,128,0,0,0,0,0,0,0,0,0,33,0,0,0,0,0,33
46,128,0,0,0,0,0,0,0,0,0,117,0,0,117,0,0,117
46,128,0,0,0,0,0,0,0,0,0,33,33,0,33,0,0,33
46,128,0,0,0,0,71,0,0,0,0,71,0,0,71,71,0,71
46,128,0,0,0,0,315,315,0,0,0,315,0,0,0,0,0,315
46,128,0,0,0,1,0,0,0,0,0,47,0,47,47,47,0,47
46,128,0,0,1,0,0,0,0,0,0,100,0,0,0,0,0,100
46,129,0,0,0,0,0,0,0,0,0,215,0,0,0,0,0,215
46,129,0,0,0,0,0,0,0,0,0,25,0,25,25,25,0,25
46,129,0,0,0,0,0,0,0,0,13,0,0,0,0,13,13,13
46,130,0,0,1,0,0,0,0,0,0,12,0,0,0,0,0,12
46,130,0,0,1,0,0,0,0,0,0,468,0,0,0,468,0,468
46,130,0,0,1,0,0,0,0,0,0,149,0,0,149,149,0,149
46,130,0,0,1,0,104,0,0,0,0,104,0,0,0,0,0,104
46,130,0,0,1,1,0,0,0,0,0,149,0,0,0,149,0,149
46,131,0,0,0,0,0,0,0,0,0,58,0,0,0,0,0,58
46,131,0,0,0,0,0,0,0,0,0,62,0,0,62,0,0,62
46,131,0,0,0,0,0,0,0,0,0,64,64,0,0,0,0,64
46,131,0,0,0,0,0,41,0,0,0,0,0,41,41,0,41,41
46,131,0,0,0,0,47,0,0,0,0,0,0,0,0,0,0,47
46,131,0,0,0,0,56,0,0,0,0,56,0,0,56,0,0,56
46,131,0,0,1,0,30,0,0,0,0,0,0,30,0,0,0,30
46,132,0,0,0,0,0,0,0,0,0,63,0,0,0,63,0,63
46,132,0,0,0,0,0,0,0,0,0,63,0,0,63,63,0,63
46,132,0,0,1,1,0,0,0,0,0,56,0,0,0,56,0,56
46,132,1,0,1,0,0,0,0,0,0,71,0,0,0,0,0,71
46,133,0,0,0,0,0,0,0,0,0,108,0,0,0,0,0,108
46,133,0,0,0,0,0,0,0,0,0,20,0,0,20,0,0,20
46,133,0,0,0,0,0,0,0,0,0,161,0,0,161,161,0,161
46,133,0,0,0,0,0,0,0,0,0,148,0,148,148,0,0,148
46,133,0,0,0,0,0,0,0,0,0,10,0,10,10,10,0,10
46,133,0,0,0,1,0,0,0,0,0,49,0,0,49,49,0,49
46,133,0,0,1,1,0,0,0,0,0,105,0,105,105,105,0,105
46,133,1,0,0,0,0,0,0,0,0,131,0,131,131,131,0,131
46,134,0,0,0,0,0,0,0,0,0,34,0,0,34,0,0,34
46,134,0,0,1,0,0,0,0,0,0,35,0,0,0,35,0,35
46,134,0,1,1,1,0,0,0,0,0,279,0,0,279,0,0,279
46,135,0,0,0,0,0,0,0,0,0,109,0,0,109,0,0,109
46,135,0,0,0,0,0,0,0,0,0,397,0,0,397,397,0,397
46,135,0,0,0,0,0,0,0,0,0,91,0,91,91,0,0,91
46,135,0,0,0,0,0,0,0,0,0,53,0,53,53,53,0,53
46,135,0,0,1,0,0,0,0,0,0,28,0,0,28,0,0,28
46,136,0,0,0,0,0,0,0,0,0,38,0,0,38,38,0,38
46,136,0,0,1,0,0,0,0,0,0,57,0,0,57,57,0,57
46,136,0,0,1,0,121,0,0,0,0,121,121,0,0,0,121,121
46,136,0,1,1,0,0,0,0,0,0,9,0,0,9,9,0,9
46,137,0,0,0,0,0,0,0,0,0,167,0,0,0,0,0,167
46,137,0,0,0,0,0,0,0,0,0,87,0,0,87,0,0,87
46,137,0,0,0,0,0,0,0,0,0,12,0,12,12,0,0,12
46,137,0,0,1,0,0,0,0,0,0,17,0,0,17,17,0,17
46,137,0,0,1,0,0,0,0,0,0,16,16,0,0,0,0,16
46,137,0,0,1,1,185,0,0,0,0,185,0,0,0,0,0,185
46,137,1,0,0,0,55,0,0,0,0,0,0,0,0,0,0,55
46,138,0,0,0,0,0,0,0,0,0,83,0,0,83,0,0,83
46,138,0,0,0,0,0,0,0,0,0,146,0,146,146,146,0,146
46,138,0,0,1,0,8,0,8,0,0,8,0,0,0,8,0,8
46,138,0,1,1,1,169,0,0,0,0,169,0,0,169,169,0,169
46,139,0,0,1,0,0,0,0,0,0,13,0,0,0,0,0,13
46,139,0,0,1,0,0,133,0,133,0,133,0,0,0,0,0,133
46,139,0,1,1,0,0,0,0,0,0,117,0,0,117,117,0,117
46,139,0,1,1,1,360,0,0,0,0,0,0,0,0,360,0,360
46,140,0,0,0,0,0,0,0,0,0,384,0,0,384,0,0,384
46,140,0,0,0,0,0,0,0,0,0,18,0,18,18,0,0,18
46,140,0,0,0,0,0,0,0,0,0,12,0,12,12,12,0,12
46,140,0,0,0,0,26,0,0,0,0,0,0,0,26,0,0,26
46,140,0,0,1,0,0,0,0,0,0,45,0,0,45,45,0,45
46,140,0,1,1,1,0,0,0,0,0,142,0,142,142,142,0,142
46,141,0,0,0,0,0,0,0,0,0,261,0,0,0,0,0,261
46,141,0,0,0,0,0,0,0,0,0,33,0,0,33,0,0,33
46,141,0,0,0,0,0,0,0,0,0,18,0,0,18,18,0,18
46,141,0,0,0,0,0,0,0,0,0,116,0,116,116,0,0,116
46,141,0,0,1,0,32,0,0,0,0,32,0,32,0,32,0,32
46,142,0,0,0,0,0,0,0,0,0,287,0,0,287,0,0,287
46,142,0,0,1,0,0,0,0,0,0,89,0,89,0,89,0,89
46,142,0,0,1,0,0,0,0,0,0,36,36,0,36,0,0,36
46,142,0,1,1,0,0,0,0,0,0,29,0,29,29,29,0,29
46,143,0,0,0,0,0,0,0,0,0,464,0,0,0,0,0,464
46,143,0,0,0,0,0,0,0,0,0,56,0,0,56,0,0,56
46,143,0,0,0,0,0,0,0,0,0,24,0,0,24,24,0,24
46,143,0,0,0,0,0,0,0,0,0,33,0,33,33,33,0,33
46,143,0,0,1,0,0,0,0,0,0,175,0,175,175,0,0,175
46,143,0,0,1,1,0,0,0,0,0,13,0,0,0,0,0,13
46,144,0,0,0,0,0,0,0,0,0,433,0,0,0,0,0,433
46,144,0,0,0,0,0,0,0,0,0,25,0,0,0,25,0,25
46,144,0,0,0,0,0,0,0,0,0,38,0,0,38,38,0,38
46,144,0,0,1,0,0,0,0,0,0,22,0,0,0,0,0,22
46,144,0,0,1,1,0,0,0,0,0,58,0,0,58,0,0,58
46,144,0,1,1,0,0,0,0,0,0,76,0,0,76,76,0,76
46,144,1,0,0,0,0,0,0,0,0,14,0,0,0,0,0,14
46,144,1,0,1,0,0,0,0,0,0,11,0,0,11,0,0,11
46,145,0,0,0,0,0,0,0,0,0,280,0,0,0,280,0,280
46,145,0,0,0,0,0,0,0,0,0,252,0,0,252,252,0,252
46,145,0,0,0,0,0,0,0,53,53,53,53,53,0,0,0,53
46,145,0,0,0,0,0,0,15,0,0,0,0,0,0,0,0,15
46,145,0,0,0,0,0,0,82,0,0,82,0,82,82,0,0,82
46,145,1,1,1,1,0,0,0,0,0,257,0,0,257,257,0,257
46,146,0,0,0,0,0,0,0,0,0,60,0,0,0,0,0,60
46,146,0,0,0,0,0,0,0,0,0,99,0,0,99,99,0,99
46,146,0,0,0,0,0,0,0,0,0,25,0,25,25,0,0,25
46,146,0,0,0,0,0,0,0,0,0,14,0,14,14,14,0,14
46,146,0,0,0,0,0,344,0,0,0,344,0,0,0,0,0,344
46,146,0,0,0,1,0,0,0,0,0,25,0,25,25,25,0,25
46,147,0,0,0,0,0,0,0,0,0,150,0,0,150,150,0,150
46,148,0,0,0,0,0,0,0,0,0,161,0,0,0,0,0,161
46,148,0,0,0,0,0,0,0,0,0,28,0,0,28,0,0,28
46,148,0,0,0,0,0,0,0,0,0,14,0,0,14,14,0,14
46,148,0,0,0,0,83,0,0,0,0,0,0,0,0,0,0,83
46,148,0,0,1,0,0,0,0,0,0,117,0,0,0,117,0,117
46,148,0,0,1,0,16,0,0,0,0,0,16,0,0,0,0,16
46,148,0,0,1,0,515,0,0,0,0,515,0,0,0,0,0,515
46,149,0,0,0,0,0,0,0,0,0,20,0,0,0,0,0,20
46,149,0,0,0,0,0,0,0,0,0,82,0,0,82,0,0,82
46,149,0,0,0,0,0,0,0,0,0,61,0,0,61,61,0,61
46,149,0,0,1,0,0,0,0,0,0,38,0,0,38,0,0,38
46,149,0,1,1,0,0,0,0,0,0,136,0,0,136,136,0,136
46,150,0,0,0,0,0,0,0,0,0,12,0,0,12,0,0,12
46,150,0,0,0,0,12,0,0,0,0,12,0,0,0,0,0,12
46,151,0,0,0,0,0,0,0,0,0,171,0,0,0,0,0,171
46,151,0,0,0,0,0,0,0,0,0,45,0,0,45,0,0,45
46,151,0,0,1,0,0,0,0,0,0,249,0,0,0,0,0,249
46,151,0,0,1,0,187,0,0,0,0,187,0,0,0,187,0,187
46,151,0,1,1,1,0,0,0,0,0,72,0,0,72,0,0,72
46,152,0,0,0,0,0,0,0,0,0,137,0,0,0,0,0,137
46,152,0,0,0,0,0,0,0,0,0,44,0,0,44,0,0,44
46,152,0,0,0,0,0,0,0,0,0,307,0,307,307,307,0,307
46,152,0,0,0,0,0,0,0,0,0,368,368,368,368,368,0,368
46,152,0,0,1,0,0,0,0,0,0,189,0,0,0,0,0,189
46,153,0,0,0,0,0,0,0,0,0,199,0,0,0,0,0,199
46,153,0,0,0,0,0,0,0,0,0,238,0,0,238,0,0,238
46,153,0,0,0,1,0,0,0,0,0,211,0,0,0,211,0,211
46,153,0,0,1,1,0,0,0,0,0,55,0,0,0,0,0,55
46,154,0,0,0,0,0,0,0,0,0,143,0,0,0,0,0,143
46,154,0,0,0,0,0,0,0,0,0,541,0,0,541,0,0,541
46,154,0,0,0,0,0,0,0,0,0,41,0,0,41,41,0,41
46,154,0,0,0,0,0,0,0,0,0,60,60,0,60,60,0,60
46,154,0,0,1,0,0,0,0,0,0,145,0,0,145,145,0,145
46,155,0,0,0,0,0,0,0,0,0,481,0,0,0,0,0,481
46,155,0,0,0,0,0,0,0,0,0,31,0,0,31,0,0,31
46,155,0,0,0,0,0,0,0,0,0,36,0,0,36,36,0,36
46,155,0,0,0,0,41,0,0,0,0,0,0,0,41,0,0,41
46,155,0,0,0,0,36,0,0,0,0,36,0,36,36,0,0,36
46,155,0,0,1,0,0,0,0,0,0,325,0,0,0,0,0,325
46,156,0,0,0,0,0,0,0,0,0,78,0,0,78,0,0,78
46,156,0,0,0,0,0,0,0,0,0,168,0,0,168,168,0,168
46,156,0,0,0,0,0,0,0,0,0,26,0,26,26,26,0,26
46,156,0,0,0,0,0,0,0,0,0,208,208,208,208,0,0,208
46,157,0,0,0,0,0,0,0,0,0,37,0,0,0,0,0,37
46,157,0,0,0,0,0,0,0,0,0,173,0,0,173,0,0,173
46,157,0,0,0,0,0,0,0,0,0,50,0,0,50,50,0,50
46,157,0,0,0,0,0,0,0,0,0,13,0,13,0,0,0,13
46,157,0,0,0,0,0,0,740,0,0,0,0,0,0,0,0,740
46,157,1,0,1,0,0,0,0,0,0,301,0,0,0,301,0,301
46,158,0,0,1,0,0,0,0,0,0,15,0,0,0,15,0,15
46,158,0,1,1,1,110,0,110,0,0,110,110,0,110,110,0,110
46,159,0,0,0,0,0,0,0,0,0,242,0,0,242,0,0,242
46,159,0,0,1,0,0,0,0,0,0,35,0,35,35,35,0,35
46,160,0,0,0,0,0,0,0,0,0,161,0,0,0,0,0,161
46,160,0,0,0,0,0,0,0,0,0,103,0,0,103,103,0,103
46,160,0,0,0,0,0,0,0,0,0,23,0,23,23,0,0,23
46,160,0,1,1,0,0,0,0,0,0,53,0,0,0,53,0,53
46,161,0,0,0,0,0,0,0,0,0,14,0,0,0,0,0,14
46,161,0,0,0,0,0,0,0,0,0,22,0,0,22,0,0,22
46,161,0,0,0,0,0,0,0,0,0,102,0,102,102,102,0,102
46,162,0,0,0,0,0,0,0,0,0,364,0,0,0,0,0,364
46,162,0,0,0,0,0,0,0,0,0,50,0,0,50,50,0,50
46,162,0,0,0,1,37,0,0,0,0,37,0,0,37,37,0,37
46,162,0,0,1,0,49,0,0,0,0,0,0,49,0,0,0,49
46,162,0,0,1,1,73,0,0,0,0,0,0,73,0,73,0,73
46,162,0,1,1,1,0,0,0,0,0,23,0,0,0,23,0,23
46,163,0,0,0,0,0,0,0,0,0,35,0,35,35,35,0,35
46,163,0,0,0,0,0,0,420,0,0,0,0,0,0,0,0,420
46,163,0,0,0,1,648,0,0,0,0,0,0,0,0,0,0,648
46,163,0,0,1,0,70,0,0,0,0,0,70,0,0,70,70,70
46,163,1,0,0,0,0,0,0,0,0,94,0,0,94,94,0,94
46,163,1,0,1,0,47,0,0,0,0,0,0,0,47,0,0,47
46,164,0,0,0,0,0,0,0,0,0,67,0,67,67,0,0,67
46,164,0,0,1,0,0,0,0,0,0,23,0,0,0,0,0,23
46,165,0,0,0,0,0,0,0,0,0,281,0,0,0,0,0,281
46,165,0,0,0,0,0,0,0,0,0,64,0,0,64,0,0,64
46,165,0,1,1,0,37,0,0,0,0,0,0,0,37,0,0,37
46,166,0,0,0,0,0,0,0,0,0,12,0,0,0,0,0,12
46,166,0,0,0,0,0,0,0,0,0,164,0,0,164,164,0,164
46,166,0,0,0,0,0,0,0,0,0,49,0,49,0,49,0,49
46,166,0,0,0,0,99,0,0,0,0,99,0,99,99,0,0,99
46,167,0,0,0,0,0,0,0,0,0,56,0,0,0,56,0,56
46,167,0,0,1,0,0,0,0,0,0,266,266,0,0,266,0,266
46,167,0,0,1,0,0,0,121,0,0,121,0,0,0,0,0,121
46,168,0,0,0,0,0,0,0,0,0,179,0,179,0,179,0,179
46,168,0,0,0,0,0,0,0,0,0,13,0,13,13,0,0,13
46,168,0,0,0,0,0,0,0,19,0,19,0,19,19,19,0,19
46,169,0,0,0,0,0,0,0,0,0,105,0,0,0,0,0,105
46,169,0,0,0,0,0,0,0,0,0,115,0,0,115,0,0,115
46,169,0,0,0,0,0,0,0,0,0,28,0,28,28,0,0,28
46,170,0,0,0,0,0,0,0,0,0,389,0,0,0,0,0,389
46,170,0,0,0,0,0,0,0,0,0,300,0,0,300,0,0,300
46,170,0,0,0,0,0,0,0,0,0,78,0,0,78,78,0,78
46,170,0,0,0,0,49,0,0,0,0,0,0,0,0,0,0,49
46,170,0,1,1,1,90,0,0,0,0,90,0,0,90,90,0,90
46,171,0,0,0,0,0,0,0,0,0,55,0,0,0,55,0,55
46,171,0,0,0,0,0,0,0,0,0,67,0,0,67,0,0,67
46,171,0,0,1,0,0,0,0,0,0,124,0,0,124,0,0,124
46,171,0,1,1,0,0,0,0,0,0,12,0,0,12,12,0,12
46,172,0,0,0,0,0,0,0,0,0,146,0,0,0,0,0,146
46,172,0,0,1,0,0,0,0,0,0,13,0,0,13,13,0,13
46,172,0,1,1,0,0,0,0,0,0,147,0,0,147,147,0,147
46,173,0,0,0,0,0,0,0,0,0,62,0,0,62,62,0,62
46,173,0,0,0,0,0,0,0,0,0,295,295,0,0,295,0,295
46,173,0,0,0,0,39,0,0,0,0,0,0,0,0,0,0,39
46,173,0,0,0,0,53,0,0,0,0,0,0,0,53,0,0,53
46,174,0,0,0,0,0,0,0,0,0,342,0,0,0,0,0,342
46,174,0,0,0,0,0,0,0,0,0,26,0,0,0,26,0,26
46,174,0,0,0,0,0,0,0,0,0,151,0,0,151,0,0,151
46,174,0,0,0,0,0,0,0,0,0,17,0,17,17,17,0,17
46,174,0,0,0,0,177,0,0,0,0,0,0,177,177,177,0,177
46,175,0,0,0,0,0,0,0,0,0,47,0,0,0,0,0,47
46,175,0,0,1,0,0,0,0,0,0,376,0,0,376,376,0,376
46,175,0,0,1,0,0,175,0,0,0,0,0,0,0,0,175,175
46,176,0,0,0,0,0,0,0,0,0,176,0,0,0,0,0,176
46,176,0,0,0,0,0,0,0,0,0,328,0,0,328,0,0,328
46,176,0,0,0,0,0,0,0,0,0,62,0,62,62,0,0,62
46,176,0,0,0,0,0,0,67,0,0,0,0,67,0,0,67,67
46,177,0,0,0,0,0,0,0,0,0,193,0,0,0,0,0,193
46,177,0,0,0,0,0,0,0,0,0,22,0,0,22,22,0,22
46,177,0,0,0,0,41,0,0,0,0,41,0,41,41,41,0,41
46,177,0,0,1,0,0,0,0,0,0,145,0,145,145,0,0,145
46,178,0,0,0,0,0,0,0,0,0,314,0,0,0,0,0,314
46,178,0,0,0,0,0,0,0,0,0,36,0,0,36,0,0,36
46,178,0,0,0,0,0,0,0,0,0,82,0,82,82,0,0,82
46,178,0,0,0,0,0,0,0,0,0,38,0,38,38,38,0,38
46,178,0,0,0,0,0,0,24,0,0,24,0,0,0,24,0,24
46,178,0,0,1,0,0,0,0,0,0,308,0,0,0,0,0,308
46,178,0,0,1,0,0,0,0,0,0,9,0,0,9,0,0,9
46,178,0,0,1,0,0,94,0,0,0,94,0,0,0,0,0,94
46,178,0,0,1,0,137,0,0,0,0,0,0,0,137,0,0,137
46,178,1,0,0,0,0,0,0,0,0,169,0,0,0,0,0,169
46,179,0,0,0,0,0,0,0,0,0,608,0,0,0,0,0,608
46,179,0,0,0,0,0,0,0,0,0,125,0,0,125,125,0,125
46,179,0,0,0,0,0,0,0,0,0,144,0,144,144,0,0,144
46,179,0,0,0,0,0,0,9,0,0,0,9,0,9,0,0,9
46,179,0,0,0,1,0,0,0,0,0,69,69,0,69,69,0,69
46,179,0,0,1,1,0,0,0,0,0,189,0,0,0,189,0,189
46,180,0,0,0,0,0,0,0,0,0,270,0,0,0,0,0,270
46,180,0,0,0,0,0,0,0,0,0,504,0,0,504,0,0,504
46,180,0,0,0,0,0,0,0,0,0,213,0,0,213,213,0,213
46,180,0,0,0,0,0,0,0,0,0,140,0,140,140,140,0,140
46,180,0,0,0,0,59,0,0,0,0,0,0,0,59,0,0,59
46,180,0,0,1,0,38,38,0,0,0,0,38,0,38,0,0,38
46,181,0,0,0,0,0,0,0,0,0,219,0,0,0,0,0,219
46,181,0,0,0,0,0,0,0,0,0,51,0,0,51,0,0,51
46,181,0,0,0,0,0,0,0,0,0,147,0,147,147,0,0,147
46,181,0,0,1,0,0,0,0,0,0,32,0,0,32,0,0,32
46,182,0,0,0,0,0,0,0,0,0,38,0,0,0,0,0,38
46,182,0,0,0,0,0,0,0,0,0,86,0,0,86,0,0,86
46,182,0,0,0,0,0,0,0,0,0,14,0,0,14,14,0,14
46,182,1,0,0,0,0,0,0,0,0,68,0,68,68,0,0,68
46,183,0,0,0,0,0,0,0,0,0,314,0,0,0,0,0,314
46,183,0,0,0,0,0,0,0,0,0,23,0,23,23,0,0,23
46,183,0,0,0,0,0,0,0,0,0,118,118,0,0,0,0,118
46,183,0,0,0,0,51,0,0,0,0,51,0,0,51,0,0,51
46,183,0,0,1,0,0,0,0,0,0,213,0,0,0,213,0,213
46,183,0,1,1,0,0,0,0,0,0,43,0,0,43,43,0,43
46,184,0,0,0,0,0,0,0,0,0,472,0,0,0,0,0,472
46,184,0,0,0,0,0,0,0,0,0,78,0,0,78,0,0,78
46,184,0,0,0,0,0,0,0,0,0,24,0,0,24,24,0,24
46,184,0,0,0,0,0,0,0,0,0,317,0,317,317,317,0,317
46,185,0,0,0,0,0,0,0,0,0,0,0,0,0,0,0,123
46,185,0,0,0,0,0,0,0,0,0,59,0,0,0,0,0,59
46,185,0,0,0,0,0,0,0,0,0,667,667,0,0,0,0,667
46,185,0,0,0,0,0,340,0,0,0,0,0,0,0,0,0,340
46,185,0,0,0,1,0,0,0,0,0,19,0,0,19,19,0,19
46,185,0,0,1,0,43,0,0,0,0,43,0,0,0,0,0,43
46,186,0,0,0,0,0,0,0,0,0,152,0,0,152,0,0,152
46,186,0,0,0,0,0,0,0,0,0,95,0,0,95,95,0,95
46,187,0,0,0,0,0,0,0,0,0,181,0,0,0,0,0,181
46,187,0,0,0,0,0,210,0,0,0,210,210,210,0,0,210,210
46,187,0,0,1,0,14,0,0,0,0,0,0,0,0,0,0,14
46,188,0,0,0,0,0,0,0,0,0,45,0,0,0,0,0,45
46,188,0,0,0,0,0,0,0,0,0,297,0,297,297,0,0,297
46,188,0,0,0,0,0,0,14,0,0,14,0,0,14,14,0,14
46,188,0,0,0,0,110,0,0,0,0,110,0,0,0,0,0,110
46,189,0,0,0,0,0,0,0,0,0,93,0,0,0,0,0,93
46,189,0,0,0,0,0,0,0,0,0,105,0,0,105,0,0,105
46,189,0,0,0,0,0,0,0,0,0,86,0,86,86,86,0,86
46,189,0,0,0,0,12,0,0,0,0,0,0,12,0,0,0,12
46,189,0,0,1,1,0,0,0,0,0,59,0,0,0,0,0,59
46,190,0,0,0,0,0,0,0,0,0,764,0,0,0,0,0,764
46,190,0,0,0,0,0,0,0,0,0,130,0,0,0,130,0,130
46,190,0,0,0,0,0,0,0,0,0,74,0,0,74,0,0,74
46,191,0,0,0,0,0,0,0,0,0,121,0,0,0,0,0,121
46,191,0,0,0,0,0,0,0,0,0,23,0,0,23,0,0,23
46,191,0,1,1,0,0,0,0,0,0,38,0,0,38,38,0,38
46,192,0,0,0,0,0,0,0,0,0,223,0,0,0,0,0,223
46,192,0,0,0,0,0,0,0,0,0,452,0,0,452,0,0,452
46,193,0,0,0,0,0,0,0,0,0,32,0,0,32,0,0,32
46,194,0,0,0,0,0,0,0,0,0,64,0,0,0,0,0,64
46,194,0,0,1,0,80,0,0,0,0,0,0,0,0,80,80,80
46,194,1,0,1,1,0,0,76,0,0,76,0,0,76,0,0,76
46,195,0,0,0,0,0,0,0,0,0,555,0,0,0,0,0,555
46,195,0,0,0,0,0,0,0,0,0,285,0,0,285,0,0,285
46,195,0,0,0,0,0,0,0,0,0,31,0,31,31,0,0,31
46,195,0,0,0,0,45,0,0,0,0,0,0,0,0,0,0,45
46,195,0,0,1,0,251,0,0,0,0,251,0,0,0,0,0,251
46,195,0,0,1,1,0,0,0,0,189,189,0,0,189,189,0,189
46,196,0,0,0,0,0,0,0,0,0,148,0,0,0,0,0,148
46,196,0,0,1,0,0,0,0,0,0,13,0,0,13,0,0,13
46,196,0,1,1,0,0,0,0,0,0,11,0,0,0,0,0,11
46,196,0,1,1,0,0,0,0,0,0,59,0,0,0,59,0,59
46,196,0,1,1,0,0,0,0,0,0,105,0,105,105,105,0,105
46,196,1,1,1,0,0,0,0,0,0,20,0,20,20,20,0,20
46,196,1,1,1,1,0,0,0,0,0,32,0,0,32,32,0,32
46,197,0,0,0,0,0,0,0,0,0,1005,0,0,0,0,0,1005
46,197,0,0,0,0,9,0,0,0,0,0,0,0,0,0,0,9
46,197,0,0,0,1,70,0,0,0,0,0,0,0,70,70,0,70
46,197,0,0,1,0,0,0,0,0,0,169,0,0,0,0,0,169
46,197,0,0,1,0,0,0,0,0,0,78,78,0,0,78,78,78
46,198,0,0,0,0,0,0,0,0,0,191,0,0,0,0,0,191
46,198,0,0,0,0,0,0,0,0,0,93,0,0,93,0,0,93
46,199,0,0,0,0,0,0,0,0,0,194,0,0,0,0,0,194
46,199,0,0,0,0,0,0,0,0,0,36,0,0,0,36,0,36
46,199,0,0,0,0,0,0,0,0,0,49,0,0,49,49,0,49
46,199,0,0,1,1,0,0,0,0,0,105,0,0,0,0,0,105
46,200,0,0,0,0,0,0,0,0,0,574,0,0,0,0,0,574
46,200,0,0,0,0,0,0,0,0,0,10,0,0,10,0,0,10
46,200,0,0,0,0,0,0,0,0,0,94,0,94,0,94,0,94
46,200,0,0,1,0,53,0,0,0,0,0,0,0,0,0,0,53
46,201,0,0,0,0,0,0,0,0,0,33,0,0,0,0,0,33
46,201,0,0,0,0,0,0,0,0,0,49,0,0,49,49,0,49
46,201,0,0,0,0,0,0,0,0,0,56,0,56,56,0,0,56
46,201,0,0,0,0,0,44,44,0,0,0,44,44,0,0,0,44
46,201,0,0,1,0,0,0,0,0,0,26,0,0,0,0,0,26
46,201,0,0,1,0,0,0,0,0,0,38,0,0,38,0,0,38
46,201,0,0,1,0,50,0,0,0,0,0,0,0,0,0,0,50
46,201,0,0,1,0,23,0,0,0,0,23,0,0,23,0,0,23
46,202,0,0,0,0,0,0,0,0,0,112,0,0,0,0,0,112
46,202,0,0,0,0,0,0,0,0,0,23,0,0,23,0,0,23
46,202,0,0,1,1,0,0,0,0,0,149,0,0,149,0,0,149
46,203,0,0,0,0,0,0,0,0,0,16,0,0,0,0,0,16
46,203,0,0,0,0,0,0,0,0,0,408,0,0,408,0,0,408
46,203,0,0,0,0,0,0,0,0,0,16,0,16,16,16,0,16
46,203,0,0,0,0,109,0,0,0,0,0,0,0,0,0,0,109
46,203,0,0,1,1,20,0,0,0,0,0,0,0,0,0,0,20
46,204,0,0,0,0,0,0,0,0,0,541,0,0,0,0,0,541
46,204,0,0,0,0,0,0,0,0,0,556,0,0,556,0,0,556
46,204,0,1,1,0,0,0,0,0,0,43,0,43,0,43,0,43
46,204,1,0,1,0,180,0,0,0,0,180,0,0,0,0,0,180
46,205,0,0,0,0,0,0,0,0,0,299,0,0,0,299,0,299
46,205,0,0,0,0,0,0,0,0,0,73,0,0,73,0,0,73
46,205,0,0,0,0,0,0,0,0,0,30,0,30,0,0,0,30
46,205,0,0,0,0,0,0,0,0,0,36,0,36,36,36,0,36
46,205,0,0,0,0,16,0,0,0,0,0,0,0,16,0,0,16
46,205,0,0,1,0,19,0,0,0,0,19,0,0,19,19,0,19
46,206,0,0,0,0,0,0,0,0,0,103,0,0,0,0,0,103
46,206,0,0,0,0,0,0,0,0,0,25,0,0,0,25,0,25
46,206,0,0,0,0,0,0,0,0,0,11,0,0,11,11,0,11
46,206,0,0,0,0,0,0,94,0,0,94,0,0,0,0,0,94
46,206,0,0,1,0,0,0,253,0,0,0,0,0,253,253,0,253
46,207,0,0,0,0,0,0,0,0,0,1004,0,0,0,0,0,1004
46,207,0,0,0,0,0,0,0,0,0,103,0,0,103,103,0,103
46,207,0,0,0,0,0,322,0,0,0,322,0,0,0,0,0,322
46,207,0,0,1,0,0,0,0,0,0,672,0,0,0,0,0,672
46,208,0,0,0,0,0,0,0,0,0,190,0,0,0,0,0,190
46,208,0,0,0,0,0,0,0,0,0,23,0,23,23,0,0,23
46,209,0,0,0,0,0,0,0,0,0,18,0,0,0,0,0,18
46,209,0,0,0,0,0,0,0,0,0,127,0,0,127,0,0,127
46,209,0,0,0,0,0,0,0,0,0,47,0,0,47,47,0,47
46,209,0,1,1,0,0,0,0,0,0,326,0,0,326,326,0,326
46,210,0,0,0,0,0,0,0,0,0,358,0,0,0,0,0,358
46,210,0,0,0,0,0,0,0,0,0,78,0,78,78,0,0,78
46,210,0,0,0,0,0,0,0,0,0,36,36,0,0,36,0,36
46,210,0,0,0,0,25,0,0,0,0,0,25,0,0,0,0,25
46,210,0,0,1,1,0,0,0,0,0,24,0,0,0,0,0,24
46,211,0,0,0,0,0,0,0,0,0,26,0,0,0,0,0,26
46,211,0,0,0,0,0,0,0,0,0,28,0,28,28,0,0,28
46,211,0,0,0,0,0,73,0,0,0,0,0,73,0,0,73,73
46,212,0,0,0,0,0,0,0,0,0,57,0,0,0,0,0,57
46,212,0,0,0,0,0,0,0,0,0,159,0,0,0,159,0,159
46,212,0,0,0,0,0,0,0,0,0,157,0,0,157,157,0,157
46,212,0,0,1,0,0,0,0,0,0,29,0,0,0,0,0,29
46,213,0,0,0,0,0,0,0,0,0,485,0,0,0,0,0,485
46,213,0,0,0,0,0,0,0,0,0,40,0,0,40,0,0,40
46,213,0,0,0,0,0,0,0,0,0,244,0,244,0,0,0,244
46,213,0,0,0,0,0,0,0,0,0,90,0,90,90,0,0,90
46,213,0,0,0,0,27,0,0,0,0,0,27,0,0,0,27,27
46,213,0,0,0,1,80,0,0,0,0,0,0,0,80,80,0,80
46,214,0,0,0,0,0,0,0,0,0,261,0,0,0,0,0,261
46,214,0,0,0,0,0,0,0,0,0,38,0,0,38,0,0,38
46,214,0,0,0,0,0,0,0,0,0,74,0,0,74,74,0,74
46,214,0,0,0,0,0,0,0,0,0,15,0,15,15,0,0,15
46,214,0,0,1,0,0,0,0,0,0,17,0,0,17,17,0,17
46,214,0,0,1,0,20,0,0,0,0,20,0,0,0,0,0,20
46,215,0,0,0,0,0,0,0,0,0,45,0,0,0,45,0,45
46,215,0,0,0,0,0,0,0,0,0,123,0,0,123,0,0,123
46,215,0,0,1,0,0,0,0,0,0,65,0,0,0,0,0,65
46,215,0,0,1,0,0,0,0,0,0,105,0,0,105,105,0,105
46,216,0,0,0,0,0,0,0,0,0,0,15,0,0,0,15,15
46,216,0,0,0,0,0,0,0,0,0,196,0,0,0,0,0,196
46,216,0,0,0,0,0,0,0,0,0,324,0,0,324,0,0,324
46,216,0,0,0,0,0,0,0,0,0,357,0,0,357,357,0,357
46,216,0,0,0,0,0,0,0,0,0,288,0,288,288,0,0,288
46,217,0,0,0,0,0,0,0,0,0,169,0,0,0,0,0,169
46,217,0,0,0,0,0,0,0,0,0,75,0,0,75,0,0,75
46,217,0,0,0,0,0,0,0,0,0,144,0,0,144,144,0,144
46,217,0,0,0,0,0,0,0,0,0,124,0,124,0,0,0,124
46,217,0,0,0,0,0,0,0,0,0,30,0,30,30,30,0,30
46,217,0,0,0,0,0,0,0,0,0,73,73,73,0,73,0,73
46,218,0,0,0,0,0,0,0,0,0,236,0,0,0,0,0,236
46,218,0,0,0,0,0,0,0,0,0,151,0,0,0,151,0,151
46,218,0,0,0,0,0,0,0,0,0,107,0,0,107,0,0,107
46,218,0,0,0,0,0,0,0,0,0,47,0,47,47,47,0,47
46,218,0,0,0,0,22,0,0,0,0,0,22,0,0,0,0,22
46,218,0,0,1,0,0,0,0,0,0,80,0,0,0,0,0,80
46,219,0,0,0,0,0,0,0,0,0,22,0,0,0,0,0,22
46,219,0,0,0,0,0,0,0,0,0,236,0,0,0,236,0,236
46,219,0,0,0,0,0,0,0,0,0,45,0,0,45,0,0,45
46,219,0,0,0,0,0,0,0,0,0,107,0,0,107,107,0,107
46,219,0,0,1,0,0,0,0,0,0,28,0,0,0,0,0,28
46,219,0,0,1,0,0,0,0,0,0,109,0,0,0,109,0,109
46,219,0,0,1,1,0,0,0,0,0,41,0,0,0,41,0,41
46,220,0,0,0,0,0,0,0,0,0,68,0,0,68,0,0,68
46,220,0,0,0,0,0,0,0,0,0,39,0,0,39,39,0,39
46,220,0,0,0,0,0,0,0,0,0,103,0,103,103,0,0,103
46,220,0,0,0,0,0,0,0,0,0,49,0,49,49,49,0,49
46,221,0,0,0,0,0,0,0,0,0,50,0,0,0,0,0,50
46,221,0,0,0,0,0,0,0,0,0,20,0,0,20,0,0,20
46,221,0,0,0,0,0,0,0,0,0,182,0,182,0,182,0,182
46,221,0,0,0,0,0,0,0,0,0,19,0,19,19,0,0,19
46,221,0,0,0,0,0,0,0,0,0,16,0,16,16,16,0,16
46,221,0,0,1,0,0,0,0,0,0,103,0,0,0,103,0,103
46,221,0,0,1,0,0,0,0,0,0,23,0,0,23,23,0,23
46,221,0,0,1,0,0,0,0,0,0,590,0,590,590,590,0,590
46,222,0,0,0,0,0,0,0,0,0,572,0,0,0,0,0,572
46,222,0,0,0,0,0,0,0,0,0,526,0,0,526,0,0,526
46,222,0,0,0,0,0,0,0,0,0,69,0,69,0,69,0,69
46,222,0,0,0,0,0,0,0,0,0,104,104,0,0,0,0,104
46,222,0,0,0,0,105,0,0,0,0,105,0,0,0,0,0,105
46,222,0,0,1,0,0,0,0,0,0,32,0,0,0,0,0,32
46,222,0,0,1,0,0,0,0,0,0,96,96,0,0,0,96,96
46,223,0,0,0,0,0,0,0,0,0,52,0,0,0,0,0,52
46,223,0,0,0,0,0,0,0,0,0,31,0,0,31,31,0,31
46,223,0,0,0,0,0,0,0,0,0,29,0,29,29,29,0,29
46,223,0,0,0,0,0,65,0,0,0,65,0,0,0,0,0,65
46,224,0,0,0,0,0,0,0,0,0,28,0,0,0,28,0,28
46,224,0,0,0,0,0,0,0,0,0,124,0,0,124,0,0,124
46,224,0,0,0,0,0,0,0,0,0,521,0,0,521,521,0,521
46,224,0,0,0,0,0,0,0,0,0,40,0,40,0,0,0,40
46,224,0,0,0,0,0,0,0,0,0,299,0,299,299,0,0,299
46,224,0,0,0,0,0,0,104,0,0,104,0,0,0,0,0,104
46,225,0,0,0,0,0,0,0,0,0,64,0,0,0,0,0,64
46,225,0,0,0,0,0,0,0,0,0,177,0,0,0,177,0,177
46,225,0,0,0,0,0,0,139,0,0,0,0,0,0,0,139,139
46,225,0,0,0,0,35,0,0,0,0,35,0,35,0,35,0,35
46,225,0,0,1,0,0,0,0,0,0,76,0,0,0,76,0,76
46,226,0,0,0,0,0,0,0,0,0,0,442,0,0,0,442,442
46,226,0,0,0,0,0,0,0,0,0,16,0,0,0,0,0,16
46,226,0,0,0,0,0,0,0,0,0,157,0,0,157,0,0,157
46,226,0,0,0,0,0,0,0,0,0,143,0,143,143,0,0,143
46,226,1,0,1,0,0,0,312,0,0,312,312,0,312,0,0,312
46,227,0,0,0,0,0,0,0,0,0,212,0,0,0,0,0,212
46,227,0,0,0,0,0,0,0,0,0,322,0,0,322,322,0,322
46,227,0,0,0,0,0,0,0,0,0,296,0,296,0,296,0,296
46,227,0,0,0,0,64,0,0,0,0,64,64,0,0,0,0,64
46,227,0,0,1,0,0,0,0,0,0,189,0,0,0,0,0,189
46,228,0,0,0,0,0,0,0,0,0,140,0,0,0,0,0,140
46,228,0,0,0,0,0,0,0,0,0,377,0,377,0,0,0,377
46,228,0,0,0,0,0,0,0,0,0,190,190,190,190,0,0,190
46,228,0,0,0,0,103,0,0,0,0,0,0,103,0,103,0,103
46,228,0,0,1,0,0,0,0,0,0,64,0,0,0,0,0,64
46,228,0,0,1,0,0,0,0,0,0,514,0,514,0,0,0,514
46,228,0,1,1,0,0,0,0,0,0,70,0,0,70,0,0,70
46,229,0,0,0,0,0,0,0,0,0,886,0,0,0,0,0,886
46,229,0,0,0,0,0,0,0,0,0,138,0,0,138,0,0,138
46,229,0,0,0,0,0,0,0,0,0,15,0,0,15,15,0,15
46,229,0,0,0,0,0,0,0,0,0,171,0,171,0,0,0,171
46,229,0,0,0,0,0,0,0,0,0,102,0,102,102,0,0,102
46,229,0,0,0,0,0,0,0,0,0,29,0,29,29,29,0,29
46,229,0,0,0,0,25,0,0,0,0,0,25,0,0,25,0,25
46,229,0,0,0,1,0,0,0,0,0,24,0,0,24,24,0,24
46,229,0,1,1,1,0,0,0,0,0,107,0,0,107,0,0,107
46,230,0,0,0,0,0,0,0,0,0,181,0,0,0,0,0,181
46,230,0,0,0,0,0,0,0,0,0,25,0,0,0,25,0,25
46,230,0,0,0,0,0,0,0,0,0,312,0,0,312,0,0,312
46,230,0,0,0,0,0,0,0,0,0,98,0,0,98,98,0,98
46,230,0,1,1,1,0,0,0,0,0,60,0,0,60,60,0,60
46,231,0,0,0,0,0,0,0,0,0,433,0,0,0,0,0,433
46,231,0,0,0,0,0,0,0,0,0,179,0,0,179,0,0,179
46,231,0,0,0,0,0,0,0,0,0,14,0,0,14,14,0,14
46,231,0,0,0,0,0,0,0,0,0,234,0,234,234,0,0,234
46,231,0,0,1,0,0,0,0,0,0,79,0,0,79,0,0,79
46,231,0,0,1,0,0,0,0,0,0,122,0,122,0,0,0,122
46,231,0,1,1,0,0,0,0,0,0,42,0,0,42,0,0,42
46,232,0,0,0,0,0,0,0,0,0,185,0,0,0,0,0,185
46,232,0,0,0,0,0,0,0,0,0,28,0,0,28,0,0,28
46,232,0,0,0,0,0,0,0,0,0,81,0,81,81,81,0,81
46,233,0,0,0,0,0,0,0,0,0,629,0,0,0,0,0,629
46,233,0,0,0,0,0,0,0,0,0,186,0,0,186,0,0,186
46,234,0,0,0,0,0,0,0,0,0,228,0,0,0,0,0,228
46,234,0,0,0,0,0,0,0,0,0,13,0,0,13,13,0,13
46,234,0,0,0,0,0,0,0,0,0,43,0,43,0,0,0,43
46,234,0,1,1,1,0,0,0,0,0,161,0,0,161,161,0,161
46,235,0,0,0,0,0,0,0,0,0,570,0,0,0,570,0,570
46,235,0,0,0,0,0,0,0,0,0,202,0,0,202,0,0,202
46,235,0,0,0,0,0,0,0,0,0,75,0,0,75,75,0,75
46,235,0,0,0,0,0,0,0,0,22,22,0,0,0,0,0,22
46,235,0,0,0,0,49,0,0,0,0,0,0,0,0,0,0,49
46,235,0,0,0,1,0,0,0,0,0,74,0,0,0,0,0,74
46,235,0,0,1,0,38,0,0,0,0,38,0,38,0,0,0,38
46,236,0,0,0,0,0,0,0,0,0,781,0,0,0,0,0,781
46,237,0,0,0,0,0,0,0,0,0,182,0,0,0,0,0,182
46,237,0,0,0,0,0,0,0,0,0,16,0,0,16,0,0,16
46,237,0,0,1,0,0,0,0,0,0,306,306,306,0,306,0,306
46,238,0,0,0,0,0,0,0,0,0,140,0,140,140,0,0,140
46,238,0,0,0,0,201,0,0,0,0,0,0,0,0,0,0,201
46,239,0,0,0,0,0,0,0,0,0,20,0,0,20,20,0,20
46,239,0,0,0,0,0,0,0,0,0,11,11,0,0,11,0,11
46,239,0,0,1,0,0,0,0,0,0,290,0,0,0,0,0,290
46,239,0,0,1,0,248,0,0,0,0,248,0,0,0,0,0,248
46,240,0,0,0,0,0,0,0,0,0,360,0,0,0,0,0,360
46,240,0,0,0,0,0,0,0,0,0,15,0,0,15,0,0,15
46,240,0,0,0,0,0,0,0,0,0,15,0,0,15,15,0,15
46,240,0,0,0,0,0,0,0,0,0,81,0,81,81,81,0,81
46,240,1,0,1,0,0,0,0,0,0,85,0,0,0,0,0,85
46,241,0,0,0,0,0,0,0,0,0,108,0,0,108,0,0,108
46,241,0,0,0,0,0,0,0,0,0,67,0,67,67,67,0,67
46,241,0,0,0,1,0,0,256,0,0,0,0,256,256,0,0,256
46,242,0,0,0,0,0,0,0,0,0,114,0,0,0,0,0,114
46,242,0,0,0,0,0,0,0,0,0,31,0,0,0,31,0,31
46,242,0,0,0,0,0,0,0,0,0,640,0,0,640,0,0,640
46,242,0,0,1,1,0,0,0,0,0,155,0,155,155,0,0,155
46,243,0,0,0,0,0,0,0,0,0,326,0,0,0,0,0,326
46,243,0,0,0,0,0,0,0,0,0,190,0,0,190,0,0,190
46,244,0,0,0,0,0,0,0,0,0,200,0,0,0,0,0,200
46,244,0,0,0,0,0,0,0,0,0,38,0,0,38,0,0,38
46,244,0,0,0,0,31,0,0,0,0,0,0,0,0,0,0,31
46,244,0,0,1,1,39,0,0,0,0,0,0,39,0,39,0,39
46,245,0,0,0,0,0,0,0,0,0,98,0,0,0,0,0,98
46,245,0,0,0,0,0,0,0,0,0,11,0,0,11,0,0,11
46,245,0,0,0,0,0,0,0,0,0,50,50,0,0,50,50,50
46,245,0,0,1,0,131,0,0,0,0,0,0,0,131,131,0,131
46,246,0,0,0,0,0,0,0,0,0,116,0,0,0,0,0,116
46,246,0,0,0,0,0,0,0,0,0,57,0,0,57,0,0,57
46,246,0,0,0,0,0,0,0,0,0,51,0,0,51,51,0,51
46,246,0,0,0,0,0,643,0,0,0,643,0,0,0,0,0,643
46,246,0,0,1,0,0,0,0,0,0,295,0,0,0,295,0,295
46,247,0,0,0,0,0,0,0,0,0,111,0,0,111,0,0,111
46,247,0,0,0,0,0,0,0,0,0,178,0,178,0,178,0,178
46,248,0,0,0,0,0,0,0,0,0,74,0,0,0,0,0,74
46,248,0,0,0,0,0,0,0,0,0,95,0,95,95,0,0,95
46,248,0,1,1,0,0,0,0,0,0,27,0,0,27,0,0,27
46,248,1,0,1,0,62,0,0,0,0,0,0,62,62,0,0,62
46,249,0,0,0,0,0,0,0,0,0,519,0,0,0,0,0,519
46,249,0,0,0,0,0,0,0,0,0,474,0,0,474,0,0,474
46,249,0,0,0,0,0,0,0,0,0,235,0,235,0,235,0,235
46,249,0,0,0,1,0,0,0,0,0,231,0,0,0,231,0,231
46,249,0,0,1,0,0,0,0,0,0,152,0,0,152,152,0,152
46,249,0,1,1,0,0,0,0,0,0,13,0,0,13,13,13,13
46,250,0,0,0,0,0,0,0,0,0,135,0,0,0,0,0,135
46,250,0,0,0,0,0,0,0,0,0,25,0,0,25,0,0,25
46,250,0,0,0,0,22,0,0,0,0,22,0,22,0,0,0,22
46,251,0,0,0,0,0,0,0,0,0,202,0,0,0,0,0,202
46,251,0,0,0,0,0,0,0,0,0,369,0,0,369,0,0,369
46,251,0,0,0,0,0,0,0,0,0,41,0,0,41,41,0,41
46,251,0,0,1,0,0,0,0,0,0,94,0,0,94,94,0,94
46,251,0,1,1,0,0,0,0,0,0,65,0,0,65,65,0,65
46,252,0,0,0,0,0,0,0,0,0,92,0,0,0,0,0,92
46,252,0,0,0,0,0,0,0,0,0,301,0,0,301,0,0,301
46,252,0,0,0,0,0,0,167,0,0,0,0,0,0,0,0,167
46,252,0,0,1,0,0,0,0,0,0,43,0,0,0,0,0,43
46,252,0,0,1,0,50,0,50,0,0,50,0,0,0,50,0,50
46,252,0,1,1,0,18,0,0,0,0,0,0,0,18,18,0,18
46,253,0,0,0,0,0,0,0,0,0,23,0,0,0,0,0,23
46,253,0,0,0,0,0,0,0,0,0,130,0,0,130,130,0,130
46,253,0,0,0,0,0,0,0,0,0,122,0,122,0,0,0,122
46,254,0,0,0,0,0,0,0,0,0,19,0,0,19,0,0,19
46,254,0,0,0,0,0,0,0,0,0,19,0,0,19,19,0,19
46,254,0,0,0,0,0,0,25,0,0,0,25,0,0,0,0,25
46,254,0,0,0,0,0,0,169,0,0,169,0,0,0,0,0,169
46,254,0,0,0,0,0,23,0,0,23,23,0,23,0,0,0,23
46,254,0,0,0,0,227,0,0,0,0,0,0,0,0,0,0,227
46,254,0,0,0,0,97,0,0,0,0,97,0,0,0,0,0,97
46,255,0,0,0,0,0,0,0,0,0,44,0,0,0,0,0,44
46,255,0,0,0,0,0,0,0,0,0,140,0,0,140,0,0,140
46,255,0,0,0,0,0,0,0,0,0,56,0,56,56,0,0,56
46,255,0,0,1,0,0,0,0,0,0,116,0,0,116,0,0,116
46,256,0,0,0,0,0,0,0,0,0,162,0,0,0,0,0,162
46,256,0,0,0,0,0,0,0,0,0,172,0,0,0,172,0,172
46,256,0,0,0,0,0,0,0,0,0,388,0,0,388,0,0,388
46,256,0,0,0,0,0,0,0,0,0,58,0,0,58,58,0,58
46,256,0,0,0,0,0,0,0,0,0,162,0,162,0,0,0,162
46,256,0,0,0,0,0,0,0,0,0,29,0,29,29,0,0,29
46,256,0,0,1,0,0,0,0,0,0,54,0,0,0,0,0,54
46,256,0,0,1,1,0,0,0,0,0,101,0,101,101,0,0,101
46,257,0,0,0,0,0,0,0,0,0,358,0,0,0,0,0,358
46,257,0,0,0,0,0,0,0,0,0,42,0,42,42,42,0,42
46,257,1,0,1,0,14,0,0,0,0,0,0,0,0,14,0,14
46,258,0,0,0,0,0,0,0,0,0,107,0,0,0,0,0,107
46,258,0,0,0,0,0,0,0,0,0,514,0,0,514,0,0,514
46,258,0,0,0,0,0,0,0,0,0,115,0,115,0,0,0,115
46,258,0,0,0,0,0,0,330,0,0,0,330,330,0,0,0,330
46,259,0,0,0,0,0,0,0,0,0,489,0,0,0,0,0,489
46,259,0,0,0,0,0,0,0,0,0,277,0,0,277,0,0,277
46,259,0,0,0,0,23,0,0,0,0,0,0,0,23,23,0,23
46,259,0,0,1,0,0,0,0,0,0,113,0,0,0,113,0,113
46,259,0,0,1,0,67,67,67,0,0,67,0,0,0,0,0,67
46,260,0,0,0,0,0,0,0,0,0,323,0,0,0,0,0,323
46,260,0,0,0,0,0,275,0,0,0,275,0,275,0,0,0,275
46,260,0,0,1,0,0,0,0,0,0,31,0,0,0,0,0,31
46,261,0,0,0,0,0,0,0,0,0,125,0,0,0,0,0,125
46,261,0,0,0,0,0,0,0,0,0,104,104,0,0,104,0,104
46,261,0,0,1,0,0,0,0,0,0,179,0,0,0,0,0,179
46,261,0,1,1,0,0,0,0,0,0,49,0,0,0,49,0,49
46,262,0,0,0,0,0,0,0,0,0,226,0,0,0,0,0,226
46,262,0,0,0,0,0,0,0,0,0,85,0,0,0,85,0,85
46,262,0,0,0,0,0,0,0,0,0,19,0,19,19,19,0,19
46,262,0,0,0,0,0,0,154,0,0,154,0,154,154,154,0,154
46,262,0,0,1,1,0,0,0,0,0,28,0,0,0,28,0,28
46,263,0,0,0,0,0,0,0,0,0,513,0,0,0,0,0,513
46,263,0,0,0,0,0,0,0,0,0,86,0,0,86,0,0,86
46,263,0,0,0,0,0,0,0,0,0,129,0,0,129,129,0,129
46,263,0,0,0,0,0,0,0,0,0,96,0,96,96,0,0,96
46,263,0,0,0,0,0,0,0,0,0,360,0,360,360,360,0,360
46,263,0,0,0,0,0,0,0,0,0,188,188,0,0,0,0,188
46,263,0,0,0,0,24,0,0,0,0,24,0,0,0,0,0,24
46,264,0,0,0,0,0,0,0,0,0,86,0,0,0,0,0,86
46,264,0,0,0,0,0,0,0,0,0,181,0,0,181,0,0,181
46,264,0,0,0,0,0,0,0,0,0,51,0,0,51,51,0,51
46,264,0,0,0,0,0,0,22,0,0,22,0,0,0,0,0,22
46,264,0,0,0,0,176,0,0,0,0,0,176,0,0,0,0,176
46,265,0,0,0,0,0,0,0,0,0,450,0,0,0,0,0,450
46,265,0,0,0,0,0,0,0,0,0,127,0,0,127,0,0,127
46,265,0,0,0,0,35,0,0,0,0,35,35,0,0,0,0,35
46,265,0,0,1,0,0,0,0,0,0,122,0,0,0,122,0,122
46,266,0,0,0,0,0,0,0,0,0,207,0,0,207,0,0,207
46,266,0,0,0,0,19,0,0,0,0,0,0,0,19,0,0,19
46,266,0,0,1,1,0,0,0,0,0,27,0,0,27,27,0,27
46,267,0,0,0,0,0,0,0,0,0,15,0,0,0,0,0,15
46,267,0,0,0,0,0,0,0,0,0,23,0,0,0,23,0,23
46,267,0,1,1,0,0,0,0,0,0,62,0,0,0,0,0,62
46,268,0,0,0,0,0,0,0,0,0,332,0,0,0,0,0,332
46,268,0,0,0,0,0,0,0,0,0,28,0,0,28,0,0,28
46,268,0,0,0,0,0,0,24,0,0,24,0,0,0,0,0,24
46,268,0,0,1,0,15,0,0,0,0,15,15,15,0,0,15,15
46,269,0,0,0,0,0,0,0,0,0,447,0,0,0,0,0,447
46,269,0,0,0,0,0,0,0,0,0,70,0,0,0,70,0,70
46,269,0,0,0,0,0,0,0,0,0,39,0,0,39,0,0,39
46,269,0,0,0,0,0,0,0,0,0,82,0,82,82,82,0,82
46,269,0,0,0,0,38,0,0,0,0,38,0,0,0,0,0,38
46,269,0,0,1,0,0,0,0,0,0,19,0,0,0,0,0,19
46,269,0,1,1,0,0,0,0,0,0,10,0,0,10,10,0,10
46,270,0,0,0,0,0,0,0,0,0,260,0,0,0,260,0,260
46,270,0,0,0,0,0,0,0,0,0,50,0,0,50,50,0,50
46,270,0,0,1,0,0,0,0,0,0,250,250,0,0,0,0,250
46,271,0,0,0,0,0,0,0,0,0,13,0,0,0,0,0,13
46,271,0,0,0,0,0,0,0,0,0,13,0,0,13,0,0,13
46,271,0,0,0,0,55,0,0,0,0,0,0,0,55,55,0,55
46,271,0,0,0,0,48,0,0,0,0,48,0,0,0,48,0,48
46,271,0,0,1,0,0,0,0,0,0,230,0,0,0,0,0,230
46,272,0,0,0,0,0,0,0,0,0,68,0,0,0,0,0,68
46,272,0,0,0,0,0,0,0,0,0,153,0,0,153,0,0,153
46,272,0,0,0,0,0,0,0,0,0,91,0,91,91,0,0,91
46,272,0,0,0,0,0,0,0,0,0,226,0,226,226,226,0,226
46,272,0,0,0,0,288,0,0,0,0,288,0,288,0,0,0,288
46,272,0,0,1,0,0,0,0,0,0,17,0,0,0,17,0,17
46,273,0,0,0,0,0,0,0,0,0,49,0,0,0,0,0,49
46,273,0,0,0,0,0,0,0,0,0,19,0,0,19,0,0,19
46,273,0,0,0,0,0,0,0,0,0,51,0,0,51,51,0,51
46,273,0,0,0,0,0,0,0,0,0,19,0,19,0,0,0,19
46,273,0,0,0,0,28,0,0,0,0,0,0,0,28,28,0,28
46,273,0,0,1,0,0,0,0,0,0,65,0,0,0,0,0,65
46,274,0,0,0,0,0,0,0,0,0,22,0,0,0,0,0,22
46,274,0,0,0,0,0,0,0,0,0,173,173,0,0,0,0,173
46,274,0,0,0,0,0,0,373,0,0,0,0,0,0,0,0,373
46,275,0,0,0,0,0,0,0,0,0,116,0,0,0,0,0,116
46,275,0,0,0,0,0,0,0,0,0,165,0,0,165,165,0,165
46,275,0,0,0,0,0,0,0,0,0,140,0,140,140,140,0,140
46,275,0,0,1,0,0,0,0,0,0,158,0,0,158,158,0,158
46,276,0,0,0,0,0,0,0,0,0,560,0,0,0,0,0,560
46,276,0,0,0,0,0,0,0,0,0,25,0,25,25,0,0,25
46,276,0,0,0,0,0,118,0,0,0,118,0,118,118,118,118,118
46,277,0,0,0,0,0,0,0,0,0,258,0,0,0,0,0,258
46,277,0,0,0,0,0,0,0,0,0,17,0,0,17,0,0,17
46,277,0,0,0,0,0,0,0,0,0,471,0,0,471,471,0,471
46,277,0,0,0,0,0,0,13,0,0,13,0,0,0,0,0,13
46,277,0,0,0,0,76,0,0,0,0,0,0,76,76,76,0,76
46,277,0,0,1,0,0,0,0,0,0,96,0,0,0,96,0,96
46,278,0,0,0,0,0,0,0,0,0,34,0,0,0,0,0,34
46,278,0,0,0,0,0,0,0,0,0,393,0,0,0,393,0,393
46,278,0,0,0,0,0,0,0,0,0,252,0,0,252,0,0,252
46,278,0,0,0,0,0,0,0,0,0,13,0,0,13,13,0,13
46,278,0,0,0,0,8,0,0,0,0,0,0,8,0,0,0,8
46,279,0,0,0,0,0,0,0,0,0,0,0,0,56,0,0,56
46,279,0,0,0,0,0,0,0,0,0,117,0,0,0,0,0,117
46,279,0,0,0,0,0,0,0,0,0,60,0,0,60,0,0,60
46,279,0,0,0,0,0,0,0,0,0,106,0,106,106,0,0,106
46,280,0,0,0,0,0,0,0,0,0,45,0,0,0,0,0,45
46,280,0,0,0,0,0,0,0,0,0,25,0,0,25,0,0,25
46,280,0,1,1,0,0,0,0,0,0,31,0,0,0,0,0,31
46,281,0,0,0,0,0,0,0,0,0,827,0,0,0,0,0,827
46,281,0,0,0,0,0,0,0,0,0,81,0,0,81,81,0,81
46,281,0,0,0,0,0,0,0,0,0,22,0,22,22,0,0,22
46,281,0,0,0,0,0,0,0,0,0,47,47,0,47,0,0,47
46,282,0,0,0,0,0,0,0,0,0,127,0,0,0,0,0,127
46,282,0,0,0,0,0,0,0,0,0,220,0,0,220,0,0,220
46,282,0,0,0,0,0,44,0,0,0,44,0,0,44,0,0,44
46,282,0,0,0,0,0,82,0,0,0,82,0,82,0,0,0,82
46,282,0,0,0,0,56,0,0,0,0,56,0,56,0,0,0,56
46,283,0,0,0,0,0,0,0,0,0,83,0,0,0,0,0,83
46,283,0,0,0,0,0,0,0,0,0,154,0,0,0,154,0,154
46,283,0,0,0,0,0,0,0,0,0,17,0,0,17,0,0,17
46,283,0,0,0,0,0,0,0,0,0,14,0,14,14,0,0,14
46,283,0,0,0,0,0,0,0,0,0,20,0,20,20,20,0,20
46,283,0,0,0,0,209,0,0,0,0,209,0,0,0,0,0,209
46,283,0,0,0,0,140,0,0,0,0,140,0,0,0,140,0,140
46,284,0,0,0,0,0,0,0,0,0,70,0,0,0,0,0,70
46,284,0,0,0,0,0,0,0,0,0,814,0,814,0,814,0,814
46,284,0,0,0,0,419,0,0,0,0,419,0,0,0,0,0,419
46,285,0,0,0,0,0,0,0,0,0,177,0,0,0,0,0,177
46,285,0,0,0,0,0,0,0,0,0,310,0,0,310,310,0,310
46,285,0,0,0,0,0,0,0,0,0,299,0,299,299,299,0,299
46,286,0,0,0,0,0,0,0,0,0,131,0,0,0,0,0,131
46,286,0,0,0,0,0,0,0,0,0,22,0,0,22,0,0,22
46,287,0,0,0,0,0,0,0,0,0,88,0,0,0,0,0,88
46,287,0,0,0,0,0,0,0,0,0,66,0,0,66,0,0,66
46,288,0,0,0,0,0,0,0,0,0,62,0,0,0,0,0,62
46,288,0,0,0,0,0,0,0,0,0,103,0,0,0,103,0,103
46,288,0,0,0,0,0,0,0,0,0,42,0,0,42,0,0,42
46,288,0,0,0,0,0,0,0,0,0,268,0,268,268,0,0,268
46,288,0,0,1,0,0,0,0,0,0,31,0,0,31,0,0,31
46,289,0,0,0,0,0,0,0,0,0,333,0,0,0,0,0,333
46,289,0,0,0,0,0,0,0,0,0,22,0,0,0,22,0,22
46,289,0,0,0,0,0,0,0,0,0,45,0,0,45,0,0,45
46,289,0,0,0,0,0,0,0,0,0,211,0,0,211,211,0,211
46,289,0,0,0,0,0,0,0,0,0,181,0,181,0,0,0,181
46,290,0,0,0,0,0,0,0,0,0,679,0,0,0,0,0,679
46,290,0,0,0,0,0,0,0,0,0,211,0,0,211,0,0,211
46,290,0,0,0,0,0,0,0,0,0,75,0,75,0,0,0,75
46,290,0,0,0,0,0,0,0,0,0,35,0,35,35,35,0,35
46,290,0,0,1,0,0,0,0,0,0,73,0,0,73,0,0,73
46,290,1,0,1,1,0,0,0,0,0,0,207,0,0,0,0,207
46,291,0,0,0,0,0,0,0,0,0,236,0,0,0,0,0,236
46,291,0,0,0,0,0,0,0,0,0,35,0,0,0,35,0,35
46,291,0,0,0,0,0,0,0,0,0,134,0,0,134,134,0,134
46,292,0,0,0,0,0,0,0,0,0,541,0,0,0,0,0,541
46,292,0,0,0,0,0,0,0,0,0,31,0,0,31,31,0,31
46,292,0,0,0,0,0,0,0,0,0,194,0,194,0,0,0,194
46,292,0,0,0,0,0,0,0,0,0,19,0,19,19,19,0,19
46,292,0,0,0,0,0,0,0,0,192,192,0,0,0,0,0,192
46,292,0,0,0,0,0,0,97,0,0,97,0,97,0,97,0,97
46,292,0,0,0,1,0,0,0,0,0,37,0,0,0,0,0,37
46,292,0,0,1,0,0,0,0,0,0,221,0,221,0,0,0,221
46,293,0,0,0,0,0,0,0,0,0,41,0,0,0,0,0,41
46,293,0,0,0,0,0,0,0,0,0,27,0,0,27,0,0,27
46,293,0,0,0,0,0,0,0,0,0,80,80,0,0,0,0,80
46,293,0,0,0,0,32,0,0,0,0,32,0,0,32,32,0,32
46,293,0,0,0,1,19,0,0,0,0,0,0,0,19,0,0,19
46,293,0,0,1,0,0,0,0,0,0,28,0,0,28,0,0,28
46,293,0,1,1,0,0,0,0,0,0,21,0,0,21,21,0,21
46,294,0,0,0,0,0,0,0,0,0,402,0,0,0,0,0,402
46,294,0,0,0,0,0,0,0,0,0,214,0,0,214,0,0,214
46,294,0,0,0,0,0,0,0,0,0,57,0,0,57,57,0,57
46,294,0,0,0,0,0,0,0,0,0,118,0,118,118,118,0,118
46,295,0,0,0,0,0,0,0,0,0,120,0,0,0,0,0,120
46,295,0,1,1,0,232,0,0,0,0,0,0,0,0,232,0,232
46,296,0,0,0,0,0,0,0,0,0,772,0,0,0,0,0,772
46,296,0,0,0,0,0,0,0,0,0,118,0,0,118,0,0,118
46,296,0,0,0,0,0,0,0,0,0,14,0,14,14,0,0,14
46,297,0,0,0,0,0,0,0,0,0,624,0,0,0,0,0,624
46,297,0,0,0,0,0,0,0,0,0,204,0,0,204,0,0,204
46,297,0,0,0,0,0,0,0,0,0,217,0,217,0,0,0,217
46,297,0,0,0,0,0,0,152,0,0,152,0,0,152,152,0,152
46,297,0,0,0,0,15,0,0,0,0,0,0,0,15,15,0,15
46,298,0,0,0,0,0,0,0,0,0,42,0,0,0,0,0,42
46,298,0,0,0,0,0,0,0,0,0,41,0,0,41,0,0,41
46,299,0,0,0,0,0,0,0,0,0,0,79,0,0,79,79,79
46,299,0,0,0,0,0,0,0,0,0,311,0,0,0,0,0,311
46,299,0,0,0,0,0,0,0,0,0,263,0,0,263,0,0,263
46,299,0,0,1,0,0,0,0,0,0,208,0,0,0,0,0,208
46,299,0,0,1,0,0,0,0,0,0,43,0,0,0,43,0,43
46,300,0,0,0,0,0,0,0,0,0,400,0,0,0,0,0,400
46,300,0,0,0,0,0,0,0,0,0,149,0,0,0,149,149,149
46,300,0,0,0,0,0,0,0,0,0,16,0,0,16,0,0,16
46,300,0,0,0,0,0,0,0,0,0,27,0,0,27,27,0,27
46,301,0,0,0,0,0,0,0,0,0,98,0,0,0,0,0,98
46,301,0,0,0,0,0,0,0,0,0,102,0,0,102,102,0,102
46,302,0,0,0,0,0,0,0,0,0,700,0,0,0,0,0,700
46,302,0,0,0,0,0,0,0,0,0,73,0,73,0,0,0,73
46,302,0,0,0,0,0,0,0,0,0,22,0,22,22,0,0,22
46,302,1,0,1,0,93,0,0,0,0,0,0,0,0,0,0,93
46,303,0,0,0,0,0,0,0,0,0,226,0,0,0,0,0,226
46,303,0,0,0,0,0,0,0,0,0,17,0,0,17,17,0,17
46,303,0,0,0,0,0,0,0,0,0,153,0,153,0,0,0,153
46,303,0,0,0,1,0,0,0,0,0,9,0,0,9,0,0,9
46,304,0,0,0,0,0,0,0,0,0,49,0,0,0,0,0,49
46,304,0,0,0,0,0,0,0,0,0,22,0,0,22,0,0,22
46,304,0,0,0,0,0,0,0,0,0,129,0,0,129,129,0,129
46,305,0,0,0,0,0,0,0,0,0,101,0,0,0,0,0,101
46,305,0,0,0,0,0,0,0,0,0,96,0,0,96,0,0,96
46,305,0,0,0,0,49,0,0,0,0,0,0,49,49,0,0,49
46,306,0,0,0,0,0,0,0,0,0,322,0,0,0,0,0,322
46,306,0,0,0,0,0,0,0,0,0,174,0,0,174,0,0,174
46,307,0,0,0,0,0,0,0,0,0,178,0,0,0,0,0,178
46,307,0,0,0,0,0,0,0,0,0,35,0,0,35,0,0,35
46,307,0,0,0,1,14,0,0,0,0,0,0,0,14,14,0,14
46,307,0,1,1,0,0,0,0,0,0,20,0,0,20,20,0,20
46,308,0,0,0,0,0,0,0,0,0,570,0,0,0,0,0,570
46,308,0,0,0,0,0,0,0,0,0,179,0,179,179,179,0,179
46,308,0,0,0,0,0,82,0,0,0,82,0,0,0,0,0,82
46,308,0,0,0,0,216,0,0,0,0,216,0,0,0,0,0,216
46,308,0,1,1,0,0,0,0,0,0,0,94,0,94,0,94,94
46,308,1,0,1,1,0,0,0,0,0,201,0,0,0,0,0,201
46,309,0,0,0,0,0,0,0,0,0,458,0,0,0,0,0,458
46,309,0,0,0,0,0,0,0,0,0,35,0,0,35,35,0,35
46,309,0,0,0,0,0,0,0,0,0,55,0,55,0,0,0,55
46,310,0,0,0,0,0,0,0,0,0,338,0,0,0,0,0,338
46,310,0,0,0,0,0,0,0,0,0,48,0,0,48,0,0,48
46,310,0,0,0,0,0,0,0,0,0,105,0,0,105,105,0,105
46,310,0,0,0,0,0,0,0,0,0,81,0,81,0,81,0,81
46,310,0,0,0,0,0,22,0,22,0,22,0,0,0,0,0,22
46,311,0,0,0,0,0,0,0,0,0,143,0,0,0,0,0,143
46,311,0,0,0,0,0,0,0,0,0,21,0,0,21,0,0,21
46,311,0,0,0,0,0,0,0,0,0,120,0,0,120,120,0,120
46,311,0,0,0,0,0,0,0,0,0,33,0,33,33,0,0,33
46,311,0,0,0,0,0,0,0,0,0,30,0,30,30,30,0,30
46,312,0,0,0,0,0,0,0,0,0,41,0,41,41,0,0,41
46,312,0,0,1,0,0,0,0,0,0,71,0,71,0,0,0,71
46,312,1,0,1,0,89,0,0,0,0,0,0,0,89,0,0,89
46,313,0,0,0,0,0,0,0,0,0,258,0,0,258,0,0,258
46,314,0,0,0,0,0,0,0,0,0,26,0,0,0,0,0,26
46,314,0,0,0,0,0,0,0,0,0,153,0,0,153,0,0,153
46,314,0,0,0,0,0,0,0,0,0,23,0,0,23,23,0,23
46,314,0,0,0,0,0,0,0,0,0,129,0,129,129,0,0,129
46,314,0,0,1,0,0,0,0,0,0,95,0,95,95,95,0,95
46,315,0,0,0,0,0,0,0,0,0,159,0,0,0,0,0,159
46,315,0,0,0,0,0,0,0,0,0,44,0,0,44,0,0,44
46,315,0,0,0,0,0,0,0,0,0,170,0,170,170,170,0,170
46,315,0,0,0,0,88,0,0,0,0,0,0,0,88,0,0,88
46,315,0,0,1,0,0,0,0,0,0,91,0,91,91,91,0,91
46,316,0,0,0,0,0,0,0,0,0,55,0,0,0,0,0,55
46,316,0,0,0,0,0,0,0,0,0,226,0,0,226,0,0,226
46,316,0,0,0,0,0,0,0,0,0,926,0,926,926,926,0,926
46,317,0,0,0,0,0,0,0,0,0,27,0,0,27,0,0,27
46,317,0,0,0,0,0,0,0,0,0,286,0,286,0,0,0,286
46,317,0,0,0,0,0,0,0,0,0,14,0,14,14,14,0,14
46,317,0,0,0,0,0,0,10,0,0,10,0,0,0,0,0,10
46,317,0,0,0,0,38,0,0,0,0,0,0,0,0,0,0,38
46,317,0,0,1,0,0,0,0,0,0,106,0,0,106,0,0,106
46,318,0,0,0,0,0,0,0,0,0,469,0,0,0,0,0,469
46,318,1,0,0,0,0,0,0,0,0,68,0,0,0,0,0,68
46,319,0,0,0,0,0,0,0,0,0,100,0,0,0,0,0,100
46,319,0,0,0,0,0,0,0,0,0,59,0,0,0,59,0,59
46,319,0,0,0,0,0,0,0,0,0,86,0,0,86,0,0,86
46,319,0,0,0,0,0,0,0,0,0,304,0,0,304,304,0,304
46,319,0,0,0,0,0,0,0,0,0,54,0,54,54,54,0,54
46,319,0,0,0,0,101,0,0,0,0,101,0,0,0,0,0,101
46,320,0,0,0,0,0,0,0,0,0,61,0,0,0,0,0,61
46,320,0,0,0,0,0,0,0,0,0,25,0,0,25,25,0,25
46,320,0,0,1,0,0,0,0,0,0,502,0,502,0,502,0,502
46,320,0,0,1,0,0,0,0,0,0,145,145,0,0,0,0,145
46,320,0,1,1,0,0,0,0,0,0,66,0,0,66,0,0,66
46,321,0,0,0,0,0,0,0,0,0,464,0,0,0,0,0,464
46,321,0,0,0,0,0,0,0,0,0,13,0,0,13,0,0,13
46,321,0,0,0,0,0,0,0,0,0,359,0,0,359,359,0,359
46,321,0,0,0,0,0,0,0,0,0,18,0,18,18,0,0,18
46,321,0,0,1,0,0,0,0,0,0,30,0,0,30,0,0,30
46,322,0,0,0,0,0,0,0,0,0,548,0,0,0,0,0,548
46,322,0,0,0,0,0,0,0,0,0,31,0,0,0,31,0,31
46,322,0,0,0,0,0,0,0,0,0,463,0,0,463,0,0,463
46,322,0,0,0,0,0,0,0,0,0,51,0,51,51,51,0,51
46,322,0,0,0,0,15,0,0,0,0,0,0,0,0,0,0,15
46,323,0,0,0,0,0,0,0,0,0,36,0,0,0,0,0,36
46,323,0,0,0,0,0,0,0,0,0,866,0,0,866,0,0,866
46,323,0,0,0,0,0,0,0,0,0,224,0,0,224,224,0,224
46,323,0,0,0,0,0,0,0,0,0,174,0,174,174,174,0,174
46,323,0,0,0,0,207,0,0,0,0,207,0,207,0,0,0,207
46,324,0,0,0,0,0,0,0,0,0,100,0,0,0,0,0,100
46,324,0,0,0,0,0,0,77,0,0,77,0,0,0,0,0,77
46,325,0,0,0,0,0,0,0,0,0,334,0,0,0,0,0,334
46,325,0,0,0,0,0,0,0,0,0,511,0,0,511,0,0,511
46,325,0,0,0,0,0,0,0,0,0,22,0,22,0,0,0,22
46,325,0,0,0,0,0,0,0,0,0,115,0,115,115,115,0,115
46,326,0,0,0,0,0,0,0,0,0,162,0,0,0,0,0,162
46,326,0,0,0,0,0,0,0,0,0,22,0,0,22,0,0,22
46,327,0,0,0,0,0,0,0,0,0,86,0,0,0,0,0,86
46,327,0,0,0,0,0,0,0,0,0,32,0,0,32,0,0,32
46,327,0,0,0,0,0,0,0,0,305,305,0,305,305,305,0,305
46,327,0,0,1,0,0,0,0,0,0,259,0,0,0,0,0,259
46,328,0,0,0,0,0,0,0,0,0,119,0,0,0,0,0,119
46,328,0,0,0,0,0,0,0,0,0,157,0,0,157,0,0,157
46,328,0,0,0,0,0,0,0,0,0,190,0,190,0,0,0,190
46,328,0,0,1,0,0,0,0,0,0,14,0,0,0,0,0,14
46,329,0,0,0,0,0,0,0,0,0,142,0,142,142,0,0,142
46,329,0,0,1,0,0,0,0,0,0,51,0,0,51,0,0,51
46,329,0,0,1,1,0,0,340,0,0,0,0,0,0,0,340,340
46,330,0,0,0,0,0,0,0,0,0,621,0,0,0,0,0,621
46,330,0,0,0,0,0,0,0,0,0,218,0,0,0,218,0,218
46,330,0,0,0,0,0,0,0,0,0,74,0,0,74,0,0,74
46,330,0,0,0,0,0,0,0,0,0,37,0,0,37,37,0,37
46,330,0,0,0,0,0,0,0,0,0,29,0,29,29,29,0,29
46,330,0,0,0,0,185,0,0,0,0,185,0,185,0,0,0,185
46,330,0,0,0,1,0,0,0,0,0,24,0,0,24,0,0,24
46,331,0,0,0,0,0,0,0,0,0,602,0,0,0,0,0,602
46,331,0,0,0,0,0,0,0,0,0,169,0,0,169,169,0,169
46,331,0,0,0,0,0,0,0,0,0,39,0,39,39,39,0,39
46,331,0,0,0,0,0,0,0,0,0,110,110,0,0,0,0,110
46,332,0,0,0,0,0,0,0,0,0,343,0,0,0,0,0,343
46,332,0,0,0,0,0,0,0,0,0,72,0,0,72,0,0,72
46,332,0,0,0,0,0,0,0,0,0,277,0,0,277,277,0,277
46,332,0,0,0,0,0,0,0,0,0,107,0,107,107,107,0,107
46,333,0,0,0,0,0,0,0,0,0,589,0,0,0,0,0,589
46,333,0,0,0,0,0,0,0,0,0,29,0,0,29,0,0,29
46,333,0,0,0,0,68,0,0,0,0,0,0,0,0,0,0,68
46,333,0,0,1,1,0,0,0,0,0,32,0,0,0,0,0,32
46,334,0,0,0,0,0,0,0,0,0,419,0,0,0,0,0,419
46,334,0,0,0,0,0,0,0,0,0,79,0,0,79,0,0,79
46,334,0,0,0,0,0,0,0,0,0,183,0,183,183,0,0,183
46,334,0,0,0,0,0,0,0,0,0,10,10,0,10,0,0,10
46,334,1,0,1,0,65,0,0,0,0,65,0,0,0,0,0,65
46,335,0,0,0,0,0,0,0,0,0,232,0,0,232,0,0,232
46,335,0,0,0,0,0,0,0,0,0,15,0,0,15,15,0,15
46,335,0,0,0,0,0,0,0,0,0,19,0,19,19,0,0,19
46,335,0,0,1,0,0,0,0,0,0,77,0,0,0,0,0,77
46,335,0,0,1,0,0,0,0,0,0,31,0,31,31,31,0,31
46,336,0,0,0,0,0,0,0,0,0,532,0,0,0,0,0,532
46,336,0,0,0,0,0,0,0,0,0,30,0,0,30,0,0,30
46,336,0,0,0,0,0,0,0,0,0,155,0,0,155,155,0,155
46,336,0,0,0,0,0,0,0,0,0,78,0,78,78,78,0,78
46,337,0,0,0,0,0,0,0,0,0,154,0,0,0,0,0,154
46,337,0,0,0,0,0,0,0,0,0,252,0,252,0,252,0,252
46,337,0,0,0,0,130,0,0,0,0,130,0,0,0,0,0,130
46,338,0,0,0,0,0,0,0,0,0,240,0,0,240,0,0,240
46,338,0,0,0,0,0,0,0,0,0,105,0,0,105,105,0,105
46,338,0,0,0,0,0,0,0,0,0,204,0,204,0,0,0,204
46,338,0,0,0,0,183,0,0,0,0,183,0,0,0,0,0,183
46,338,0,1,1,0,0,0,0,0,0,22,0,0,22,22,0,22
46,339,0,0,0,0,0,0,0,0,0,34,0,0,0,0,0,34
46,339,0,0,0,0,0,0,0,0,0,192,0,0,192,0,0,192
46,339,0,0,0,0,0,0,0,0,0,80,0,0,80,80,0,80
46,339,0,0,0,0,0,0,0,0,0,48,0,48,0,0,0,48
46,339,0,0,0,0,369,0,0,0,0,369,0,0,0,0,0,369
46,340,0,0,0,0,0,0,0,0,0,64,0,0,0,64,0,64
46,340,0,0,0,0,0,0,0,0,0,176,0,0,176,0,0,176
46,340,0,0,0,0,30,0,0,0,0,0,0,0,0,0,0,30
46,341,0,0,0,0,0,0,0,0,0,79,0,0,0,0,0,79
46,341,0,0,0,0,0,0,0,0,0,45,0,0,45,0,0,45
46,341,0,0,0,0,0,0,0,0,0,255,0,0,255,255,0,255
46,341,0,0,0,0,0,0,0,0,0,228,228,0,0,0,228,228
46,341,0,0,1,0,101,0,0,0,0,101,0,0,101,0,0,101
46,342,0,0,0,0,0,0,0,0,0,54,0,0,0,0,0,54
46,342,0,0,0,0,0,0,0,0,0,50,0,0,50,0,0,50
46,343,0,0,0,0,0,0,0,0,0,65,0,0,0,0,0,65
46,343,0,0,0,0,0,0,0,0,0,49,0,0,49,0,0,49
46,344,0,0,0,0,0,0,0,0,0,16,0,0,16,0,0,16
46,344,0,0,0,0,0,0,0,0,0,173,0,0,173,173,0,173
46,344,0,0,0,0,0,0,0,0,0,350,0,350,350,0,0,350
46,344,0,0,0,0,0,0,0,0,0,15,0,15,15,15,0,15
46,344,0,0,0,0,0,0,0,0,0,158,158,0,0,158,0,158
46,344,0,0,0,0,33,0,0,0,0,0,0,0,0,0,0,33
46,344,0,0,1,0,0,0,0,0,0,29,0,29,29,0,0,29
46,345,0,0,0,0,0,0,0,0,0,42,0,0,42,0,0,42
46,345,0,0,0,0,0,0,0,0,0,129,0,129,129,129,0,129
46,345,0,0,1,0,0,0,0,0,0,49,0,0,49,49,0,49
46,346,0,0,0,0,0,0,0,0,0,103,0,0,0,0,0,103
46,346,0,0,0,0,0,0,0,0,0,204,0,0,204,0,0,204
46,347,0,0,0,0,0,0,0,0,0,43,0,0,0,0,0,43
46,347,0,0,1,0,0,0,0,0,0,114,0,0,0,114,0,114
46,347,0,0,1,1,0,0,0,0,0,66,0,0,0,0,0,66
46,348,0,0,0,0,0,0,0,0,0,53,0,0,0,0,0,53
46,348,0,0,0,0,0,0,0,0,0,17,0,0,0,17,0,17
46,348,0,0,0,0,0,0,0,0,0,101,0,0,101,0,0,101
46,348,0,0,0,0,0,0,0,0,0,110,0,110,0,0,0,110
46,348,0,0,0,0,0,0,0,0,0,28,0,28,28,0,0,28
46,348,0,0,1,0,0,0,0,0,0,30,0,0,30,30,0,30
46,349,0,0,0,0,0,0,0,0,0,208,0,0,0,0,0,208
46,349,0,0,0,0,0,0,0,0,0,35,0,0,35,0,0,35
46,349,0,0,0,0,0,0,0,0,0,30,0,30,0,0,0,30
46,349,0,0,0,0,110,0,0,0,0,110,0,0,0,0,0,110
46,350,0,0,0,0,0,0,0,0,0,193,0,0,0,0,0,193
46,350,0,0,0,0,0,0,0,0,0,225,0,0,225,0,0,225
46,350,0,0,0,0,0,0,0,0,0,279,0,279,0,0,0,279
46,350,0,0,0,0,0,0,0,0,0,154,0,154,154,0,0,154
46,351,0,0,0,0,0,0,0,0,0,39,0,39,0,0,0,39
46,352,0,0,0,0,0,0,0,0,0,46,0,0,0,0,0,46
46,352,0,0,0,0,0,0,0,0,0,57,0,0,57,0,0,57
46,352,0,0,0,0,0,0,0,0,0,169,0,0,169,169,0,169
46,352,0,0,0,0,0,0,0,0,0,79,0,79,79,0,0,79
46,352,0,0,0,0,0,0,0,0,0,12,0,12,12,12,0,12
46,353,0,0,0,0,0,0,0,0,0,642,0,0,0,0,0,642
46,353,0,0,0,0,0,0,0,0,0,23,0,0,0,23,0,23
46,354,0,0,0,0,0,0,0,0,0,120,0,0,0,0,0,120
46,354,0,0,0,0,0,0,0,0,0,11,0,0,0,11,0,11
46,354,0,0,0,0,0,0,0,0,0,245,0,0,245,0,0,245
46,354,0,0,0,0,0,0,0,0,0,112,0,0,112,112,0,112
46,355,0,0,0,0,0,0,0,0,0,72,0,0,0,0,0,72
46,355,0,0,0,0,0,0,0,0,0,102,0,0,102,0,0,102
46,355,0,0,0,0,0,0,0,0,0,24,0,24,24,24,0,24
46,356,0,0,0,0,0,0,0,0,0,216,0,0,0,0,0,216
46,356,0,0,0,0,0,0,0,0,0,335,0,335,0,0,0,335
46,356,0,0,0,0,0,0,0,0,0,25,0,25,0,25,0,25
46,356,1,0,0,0,0,0,0,0,0,10,0,0,10,10,0,10
46,357,0,0,0,0,0,0,0,0,0,97,0,0,0,0,0,97
46,357,0,0,0,0,0,0,0,0,0,25,0,25,0,0,0,25
46,357,0,0,0,0,0,0,0,0,0,18,0,18,18,0,0,18
46,357,1,0,0,0,0,0,0,0,0,19,0,0,19,19,0,19
46,358,0,0,0,0,0,0,0,0,0,121,0,0,0,0,0,121
46,358,0,0,0,0,0,0,0,0,0,14,0,14,14,0,0,14
46,358,0,0,1,0,0,0,0,0,0,73,0,73,0,0,0,73
46,359,0,0,0,0,0,0,0,0,0,53,0,0,53,0,0,53
46,359,0,0,0,0,122,0,0,0,0,122,0,0,0,0,0,122
46,359,0,0,1,0,0,0,0,0,0,27,0,0,27,0,0,27
46,360,0,0,0,0,0,0,0,0,0,786,0,0,0,0,0,786
46,360,0,0,1,0,0,0,0,0,0,21,0,0,21,0,0,21
46,360,0,0,1,1,116,0,0,0,0,116,0,0,0,0,0,116
46,360,0,1,1,0,0,0,0,0,0,26,0,0,0,26,0,26
46,361,0,0,0,0,0,0,0,0,0,323,0,0,0,0,0,323
46,361,0,0,0,0,0,0,0,0,0,71,0,0,71,0,0,71
46,361,0,0,0,0,0,51,0,0,0,51,0,51,51,0,51,51
46,362,0,0,0,0,0,0,0,0,0,361,0,0,0,0,0,361
46,362,0,0,0,0,0,0,0,0,0,83,0,83,83,0,0,83
46,363,0,0,0,0,0,0,0,0,0,47,0,0,0,0,0,47
46,363,0,0,0,0,0,0,0,0,0,27,0,0,27,27,0,27
46,363,0,0,0,0,0,0,0,0,0,135,0,135,135,0,0,135
46,363,0,0,0,0,0,0,0,0,0,92,0,92,92,92,0,92
46,364,0,0,0,0,0,0,0,0,0,864,0,0,0,0,0,864
46,364,0,0,0,0,0,0,0,0,0,123,0,0,123,0,0,123
46,364,0,0,0,0,0,0,0,0,0,15,0,15,15,0,0,15
46,364,0,0,0,0,0,0,0,0,0,199,0,199,199,199,0,199
46,364,0,1,1,1,0,0,0,0,0,27,0,0,0,27,0,27
46,365,0,0,0,0,0,0,0,0,0,156,0,0,0,0,0,156
46,365,0,0,0,0,0,0,0,0,0,216,0,0,0,216,0,216
46,365,0,0,0,0,0,0,0,0,0,89,0,0,89,0,0,89
46,365,0,0,0,0,0,0,0,0,0,74,0,74,0,74,0,74
46,366,0,0,0,0,0,0,0,0,0,208,0,0,0,0,0,208
46,366,0,0,1,0,0,0,0,0,0,33,0,0,33,0,0,33
46,366,0,0,1,0,0,0,0,0,0,21,0,21,21,21,0,21
46,367,0,0,0,0,0,0,0,0,0,216,0,0,0,0,0,216
46,367,0,0,0,0,0,0,0,0,0,458,0,0,458,0,0,458
46,367,0,0,1,1,222,0,0,0,0,0,0,0,0,222,0,222
46,368,0,0,0,0,0,0,0,0,0,143,0,0,0,0,0,143
46,368,0,0,0,0,0,0,0,0,0,165,0,0,0,165,0,165
46,368,0,0,0,0,0,0,0,0,0,113,0,0,113,0,0,113
46,368,0,0,0,0,0,0,0,0,0,25,0,25,25,25,0,25
46,368,1,0,0,0,0,0,183,0,0,183,0,0,0,0,0,183
46,369,0,0,0,0,0,0,0,0,0,31,0,0,0,0,0,31
46,369,0,0,0,0,0,0,0,0,0,30,0,0,30,0,0,30
46,369,0,0,0,0,0,93,0,0,0,0,0,0,0,0,0,93
46,369,0,0,0,0,0,10,0,0,0,10,0,0,0,0,0,10
46,369,0,0,1,0,0,0,0,0,0,22,0,0,22,22,0,22
46,369,1,0,0,0,0,0,0,0,0,77,0,0,77,77,0,77
46,370,0,0,0,0,0,0,0,0,0,186,0,0,0,0,0,186
46,370,0,0,0,0,0,0,0,0,0,227,0,0,227,0,0,227
46,370,0,0,0,0,0,0,0,0,0,94,0,94,94,0,0,94
46,370,0,0,0,0,292,0,0,0,0,292,0,0,292,292,0,292
46,371,0,0,0,0,0,0,0,0,0,255,0,0,0,0,0,255
46,371,0,0,0,0,0,0,0,0,0,41,0,0,41,0,0,41
46,371,0,0,0,0,0,0,0,0,0,43,0,43,43,0,0,43
46,371,0,0,0,0,0,0,113,0,0,113,0,0,0,0,0,113
46,371,0,0,0,0,35,0,0,0,0,0,0,0,0,0,0,35
46,371,0,0,0,1,14,0,0,0,0,14,0,0,0,0,0,14
46,372,0,0,0,0,0,0,0,0,0,148,0,0,0,0,0,148
46,372,0,0,0,0,0,0,0,0,0,207,0,0,207,0,0,207
46,372,0,0,0,0,0,0,0,0,0,514,0,0,514,514,0,514
46,372,0,0,0,0,39,0,0,0,0,0,0,0,39,39,0,39
46,372,0,0,1,0,0,0,0,0,0,197,0,0,0,0,0,197
46,373,0,0,0,0,0,0,0,0,0,26,0,0,0,0,0,26
46,373,0,0,1,0,0,0,0,0,0,256,0,0,256,256,0,256
46,373,0,0,1,1,0,0,0,0,0,118,0,0,0,0,0,118
46,374,0,0,0,0,0,0,0,0,0,68,0,0,0,0,0,68
46,374,0,0,0,0,0,0,0,0,0,341,0,0,341,0,0,341
46,374,0,0,0,0,0,0,0,0,0,158,0,0,158,158,0,158
46,374,0,0,0,0,0,0,0,0,0,79,0,79,79,0,0,79
46,375,0,0,0,0,0,0,0,0,0,47,0,0,0,0,0,47
46,375,0,0,0,0,0,0,0,0,0,43,0,0,43,0,0,43
46,375,0,1,1,1,362,0,0,0,0,362,0,362,0,362,0,362
46,376,0,0,0,0,0,0,0,0,0,129,0,0,0,0,0,129
46,376,0,0,0,0,0,0,0,0,0,209,0,209,0,0,0,209
46,376,1,0,0,0,41,0,0,0,0,0,0,0,41,0,0,41
46,377,0,0,0,0,0,0,0,0,0,609,0,0,0,0,0,609
46,377,0,0,0,0,0,0,0,0,0,94,0,0,94,0,0,94
46,378,0,0,0,0,0,0,0,0,0,129,0,0,0,0,0,129
46,379,0,0,0,0,0,0,0,0,0,177,0,0,0,0,0,177
46,379,0,0,1,0,0,0,0,0,0,143,0,0,0,0,0,143
46,380,0,0,0,0,0,0,0,0,0,148,0,0,0,0,0,148
46,380,0,0,0,0,0,0,0,0,0,61,0,0,0,0,61,61
46,380,0,0,0,0,0,0,0,0,0,141,0,0,0,141,0,141
46,380,0,0,0,0,0,0,0,0,0,119,0,0,119,0,0,119
46,380,0,0,0,0,0,0,0,0,0,140,0,140,0,140,0,140
46,380,0,0,0,0,0,0,0,0,0,76,0,76,76,0,0,76
46,380,0,0,0,0,0,0,0,0,0,170,0,170,170,170,0,170
46,380,0,0,0,0,28,0,28,0,0,0,0,0,28,0,0,28
46,381,0,0,0,0,0,0,0,0,0,53,0,0,0,0,0,53
46,381,0,0,0,0,0,0,0,0,0,170,0,0,170,170,0,170
46,382,0,0,0,0,0,0,0,0,0,667,0,0,0,0,0,667
46,382,0,0,0,0,0,0,0,0,0,98,0,0,98,0,0,98
46,382,0,0,0,0,0,0,0,0,0,20,0,0,20,20,0,20
46,382,0,0,0,1,0,0,0,0,0,41,0,0,0,0,0,41
46,382,0,1,1,0,0,0,0,0,0,15,0,0,15,15,0,15
46,383,0,0,0,0,0,0,0,0,0,147,0,0,0,0,0,147
46,383,0,0,0,0,0,0,0,0,0,72,0,0,0,72,0,72
46,383,0,0,0,0,0,0,0,0,0,50,0,0,50,0,0,50
46,383,0,0,0,0,0,0,0,0,0,132,0,0,132,132,0,132
46,383,0,0,0,0,20,0,0,0,0,0,0,20,20,20,0,20
46,384,0,0,0,0,0,0,0,0,0,131,0,0,0,0,0,131
46,384,0,0,0,0,127,0,0,0,0,127,0,0,0,0,0,127
46,385,0,0,0,0,0,0,0,0,0,714,0,0,0,0,0,714
46,385,0,0,0,0,0,0,0,0,0,128,0,128,0,0,0,128
46,386,0,0,0,0,0,0,0,0,0,376,0,0,0,0,0,376
46,386,0,0,0,0,0,0,0,0,0,33,0,0,33,33,0,33
46,386,0,0,0,0,0,57,0,0,0,0,0,57,0,0,0,57
46,387,0,0,0,0,0,0,0,0,0,182,0,0,0,182,0,182
46,387,0,0,0,0,0,0,0,0,0,14,0,0,14,0,0,14
46,387,0,0,0,0,0,0,0,0,0,131,0,0,131,131,0,131
46,387,0,0,0,0,0,0,0,0,0,23,0,23,0,0,0,23
46,387,0,0,1,0,0,0,0,0,0,67,0,0,0,0,0,67
46,387,0,0,1,0,0,0,0,0,0,122,0,0,122,122,0,122
46,388,0,0,0,0,0,0,0,0,0,380,0,0,0,0,0,380
46,388,0,0,0,0,0,0,0,0,0,22,0,22,0,0,0,22
46,389,0,0,0,0,0,0,0,0,0,523,0,0,0,0,0,523
46,389,0,0,0,0,0,0,0,0,0,24,0,0,24,0,0,24
46,389,0,0,0,0,0,0,0,0,0,64,0,0,64,64,0,64
46,389,0,0,0,0,0,0,0,0,0,114,0,114,114,0,0,114
46,390,0,0,0,0,0,0,0,0,0,25,0,0,0,0,0,25
46,390,0,0,0,0,0,0,0,0,0,22,0,0,22,0,0,22
46,390,0,0,0,0,112,0,0,0,0,112,0,112,112,0,0,112
46,391,0,0,0,0,0,0,0,0,0,181,0,0,0,0,0,181
46,391,0,0,0,0,0,0,30,0,0,30,0,0,0,0,0,30
46,391,0,0,0,0,0,390,0,0,0,0,0,0,0,390,390,390
46,392,0,0,0,0,0,0,0,0,0,86,0,0,0,0,0,86
46,392,0,0,0,0,0,0,0,0,0,34,0,0,34,0,0,34
46,392,0,0,0,0,0,0,0,0,0,148,0,148,148,0,0,148
46,392,0,0,0,0,88,0,0,0,0,88,0,0,0,0,0,88
46,393,0,0,0,0,0,0,0,0,0,149,0,0,0,0,0,149
46,393,0,0,0,0,0,0,0,0,0,150,0,0,150,150,0,150
46,393,0,1,1,0,0,0,0,0,0,13,0,0,13,0,0,13
46,394,0,0,0,0,0,0,0,0,0,45,0,0,0,45,0,45
46,394,0,0,0,0,0,0,0,0,0,138,0,0,138,0,0,138
46,394,0,0,0,0,0,0,0,0,0,228,0,0,228,228,0,228
46,394,1,0,0,0,0,0,0,0,0,83,0,0,0,0,0,83
46,395,0,0,0,0,0,0,0,0,0,269,0,0,0,0,0,269
46,395,0,0,0,0,0,0,0,0,0,45,0,0,45,0,0,45
46,396,0,0,0,0,0,0,0,0,0,676,0,0,0,0,0,676
46,396,0,0,0,0,0,0,0,0,0,27,0,0,27,27,0,27
46,396,0,0,0,0,0,28,0,0,0,0,0,0,0,0,0,28
46,396,0,0,0,0,61,0,0,0,0,0,0,0,0,0,0,61
46,397,0,0,0,0,0,0,0,0,0,40,0,0,0,0,0,40
46,397,0,0,0,0,0,0,0,0,0,49,0,0,49,0,0,49
46,397,0,0,0,0,0,0,0,0,0,103,0,103,0,0,0,103
46,397,0,0,0,0,0,0,0,0,0,215,0,215,215,0,0,215
46,397,0,0,0,0,0,0,0,0,0,15,0,15,15,15,0,15
46,398,0,0,0,0,0,0,0,0,0,81,0,0,0,0,0,81
46,398,0,0,0,0,0,0,0,0,0,235,0,0,235,0,0,235
46,398,0,0,0,0,0,0,0,0,0,97,0,0,97,97,0,97
46,398,0,0,0,0,0,0,0,0,0,24,0,24,24,24,0,24
46,398,0,0,1,1,0,0,0,0,0,39,0,0,39,39,0,39
46,399,0,0,0,0,0,0,0,0,0,193,0,0,193,0,0,193
46,399,0,0,0,0,0,0,0,0,0,118,0,118,0,0,0,118
46,399,0,0,1,0,0,0,242,0,0,242,0,0,0,0,0,242
46,399,0,1,1,0,0,0,0,0,0,11,0,11,11,0,0,11
46,400,0,0,0,0,0,0,0,0,0,72,0,0,0,0,0,72
46,400,0,0,0,0,0,0,0,0,0,96,0,0,0,96,0,96
46,400,0,0,0,0,0,0,0,0,0,16,0,0,16,0,0,16
46,400,0,0,0,0,0,0,0,0,0,107,0,107,0,0,0,107
46,400,0,0,0,0,0,0,0,0,0,17,0,17,17,0,0,17
46,400,0,0,0,0,0,507,0,0,0,0,0,0,0,0,0,507
46,401,0,0,0,0,0,0,0,0,0,287,0,0,0,0,0,287
46,402,0,0,0,0,0,0,0,0,0,177,0,0,0,0,0,177
46,402,0,0,0,0,0,0,0,0,0,121,0,0,121,0,0,121
46,402,0,0,0,0,0,0,0,0,0,40,0,40,40,0,0,40
46,402,0,0,1,0,0,0,0,0,0,151,0,151,151,0,0,151
46,403,0,0,0,0,0,0,0,0,0,188,0,0,188,0,0,188
46,403,0,0,0,0,0,0,0,0,0,23,0,0,23,23,0,23
46,404,0,0,0,0,0,0,0,0,0,0,168,0,168,0,0,168
46,404,0,0,0,0,0,0,0,0,0,61,0,0,0,0,0,61
46,404,0,0,0,0,0,0,0,0,0,161,0,0,161,0,0,161
46,404,0,0,0,0,0,0,0,0,0,210,210,0,0,0,0,210
46,404,0,0,0,0,32,0,0,0,0,32,0,32,0,32,0,32
46,405,0,0,0,0,0,0,0,0,0,493,0,0,0,0,0,493
46,405,0,0,0,0,0,0,0,0,0,480,0,0,0,480,0,480
46,405,0,0,0,0,0,0,0,0,0,43,0,0,43,0,0,43
46,405,0,0,0,0,0,282,0,0,0,0,0,0,282,0,0,282
46,405,0,0,0,0,32,0,0,0,0,0,0,0,32,32,0,32
46,406,0,0,0,0,0,0,0,0,0,47,0,0,0,0,0,47
46,406,0,0,0,0,0,0,0,0,0,114,0,0,0,114,0,114
46,406,0,0,0,0,0,0,0,0,0,156,156,0,0,156,0,156
46,406,0,0,0,0,0,25,0,0,0,25,0,0,25,0,0,25
46,407,0,0,0,0,0,0,0,0,0,173,0,0,0,0,0,173
46,407,0,0,0,0,36,0,0,0,0,0,0,0,36,0,0,36
46,408,0,0,0,0,0,0,0,0,0,165,0,0,165,0,0,165
46,408,0,0,0,0,0,0,0,0,0,258,0,0,258,258,0,258
46,408,0,0,1,0,0,0,0,0,0,77,0,77,77,77,0,77
46,409,0,0,0,0,0,0,0,0,0,199,0,0,0,0,0,199
46,409,0,0,0,0,0,0,0,0,0,42,0,0,42,0,0,42
46,409,0,0,0,0,0,0,0,0,0,24,0,0,24,24,0,24
46,409,0,0,0,0,0,0,0,0,0,33,0,33,33,0,0,33
46,409,0,0,0,0,63,0,0,0,0,63,0,0,63,0,0,63
46,410,0,0,0,0,0,0,0,0,0,59,0,0,0,0,0,59
46,410,0,0,0,0,0,0,0,0,0,35,0,0,35,0,0,35
46,410,0,0,0,0,0,0,0,0,0,27,0,0,27,27,0,27
46,410,0,0,0,0,0,0,113,0,0,0,0,0,0,113,113,113
46,411,0,0,0,0,0,0,0,0,0,279,0,0,0,0,0,279
46,411,0,0,1,0,0,0,0,0,0,22,0,0,22,0,0,22
46,411,0,1,1,0,0,0,0,0,0,156,0,0,156,156,0,156
46,412,0,0,0,0,0,0,0,0,0,56,0,0,0,0,0,56
46,412,0,0,0,0,0,0,0,0,0,140,0,140,140,140,0,140
46,412,0,0,0,0,139,0,0,0,0,139,0,0,0,0,0,139
46,412,0,0,1,0,0,0,0,0,0,97,0,0,0,97,0,97
46,412,0,0,1,0,199,0,199,0,0,199,0,0,199,199,0,199
46,412,0,1,1,0,0,0,0,0,0,32,0,0,32,0,0,32
46,413,0,0,0,0,0,0,0,0,0,14,0,0,14,0,0,14
46,413,0,0,0,0,0,0,0,0,0,71,0,71,71,71,0,71
46,413,0,1,1,0,0,0,0,0,0,10,0,10,10,10,0,10
46,414,0,0,0,0,0,0,0,0,0,201,0,0,201,0,0,201
46,414,0,1,1,0,103,0,0,0,0,103,0,0,103,103,0,103
46,415,0,0,0,0,0,0,0,0,0,28,0,0,0,0,0,28
46,415,0,0,0,0,0,0,0,0,0,51,0,51,51,0,0,51
46,416,0,0,0,0,0,0,0,0,0,275,0,0,0,0,0,275
46,416,0,0,0,0,0,0,0,0,0,216,0,0,216,0,0,216
46,416,0,0,0,0,0,0,0,0,0,168,0,0,168,168,0,168
46,416,0,0,0,0,0,0,0,0,0,26,0,26,26,0,0,26
46,416,0,0,1,0,0,0,0,0,0,11,0,11,11,11,0,11
46,417,0,0,0,0,0,0,0,0,0,822,0,0,0,0,0,822
46,418,0,0,0,0,0,0,0,0,0,285,0,0,0,0,0,285
46,418,0,0,0,0,0,0,0,0,0,90,0,0,90,0,0,90
46,419,0,0,0,0,0,0,0,0,0,54,0,0,0,0,0,54
46,419,0,0,0,0,0,0,0,0,0,188,0,0,188,0,0,188
46,419,0,1,1,0,0,0,0,0,0,88,0,88,88,88,0,88
46,420,0,0,0,0,0,0,0,0,0,21,0,0,0,0,0,21
46,420,0,0,0,0,0,0,0,0,0,21,0,0,21,0,0,21
46,420,0,0,0,0,0,0,0,0,0,51,0,0,51,51,0,51
46,420,0,0,0,0,0,0,0,0,0,51,0,51,51,0,0,51
46,420,0,0,0,0,0,0,0,0,0,26,0,26,26,26,0,26
46,420,0,0,1,0,0,0,0,0,0,52,0,0,52,0,0,52
46,420,0,1,1,0,0,0,0,0,0,455,0,0,455,455,0,455
46,421,0,0,0,0,0,0,0,0,0,28,0,0,28,0,0,28
46,421,0,1,1,0,0,0,0,0,0,26,0,0,0,0,0,26
46,422,0,0,0,0,0,0,0,0,0,48,0,0,0,0,0,48
46,422,0,0,0,0,0,0,0,0,0,115,0,0,115,0,0,115
46,422,0,0,0,0,0,0,0,0,0,46,0,46,46,46,0,46
46,422,0,0,1,0,0,0,0,0,0,19,0,0,0,0,0,19
46,422,0,0,1,0,0,0,0,0,0,324,0,0,0,324,0,324
46,423,0,0,0,0,0,0,0,0,0,48,0,0,0,0,0,48
46,423,0,0,0,0,338,0,0,0,0,0,0,0,0,0,0,338
46,424,0,0,0,0,0,0,0,0,0,134,0,0,0,0,0,134
46,425,0,0,0,0,0,0,0,0,0,118,0,0,0,0,0,118
46,425,0,0,0,0,0,0,0,0,0,17,0,17,17,17,0,17
46,426,0,0,0,0,0,0,0,0,0,247,0,0,247,0,0,247
46,426,0,0,0,0,43,0,0,0,0,43,0,0,0,0,0,43
46,426,0,0,1,0,0,0,0,0,0,116,0,0,0,0,0,116
46,427,0,0,0,0,0,0,0,0,0,85,0,0,0,0,0,85
46,427,0,0,0,0,0,0,0,0,0,59,0,0,59,0,0,59
46,427,0,0,0,0,0,0,0,0,0,187,0,0,187,187,0,187
46,427,0,0,0,0,145,0,0,0,0,145,0,0,0,0,0,145
46,428,0,0,0,0,0,0,0,0,0,768,0,0,0,0,0,768
46,428,0,0,0,0,0,0,0,0,0,66,0,0,66,0,0,66
46,428,0,0,0,0,0,0,0,0,0,21,0,21,21,0,0,21
46,428,0,0,1,1,0,0,0,0,0,65,0,0,65,65,0,65
46,429,0,0,0,0,0,0,0,0,0,45,0,0,0,0,0,45
46,429,0,0,0,0,0,0,0,0,0,11,0,0,11,0,0,11
46,430,0,0,0,0,0,0,0,0,0,21,0,0,0,0,0,21
46,430,0,0,0,0,0,0,0,0,0,66,0,66,66,0,0,66
46,431,0,0,0,0,0,0,0,0,0,163,0,0,0,0,0,163
46,431,0,0,0,0,0,0,0,0,0,47,0,0,47,0,0,47
46,431,0,0,0,0,0,0,0,0,0,26,0,0,26,26,0,26
46,431,1,1,1,0,212,212,212,212,212,212,212,212,212,212,212,212
46,432,0,0,0,0,0,0,0,0,0,439,0,0,0,0,0,439
46,432,0,0,0,0,0,0,0,0,0,120,0,0,120,0,0,120
46,432,0,0,0,0,0,0,0,0,0,28,0,28,0,0,0,28
46,432,0,0,0,0,0,0,0,0,0,14,0,14,14,0,0,14
46,432,0,0,0,0,0,0,0,0,0,78,0,78,78,78,0,78
46,432,0,0,1,0,0,0,0,0,0,20,0,20,0,0,0,20
46,433,0,0,0,0,0,0,0,0,0,190,0,0,0,0,0,190
46,433,0,0,0,0,0,0,0,0,0,23,0,0,0,23,0,23
46,433,0,0,0,0,0,0,0,0,0,17,0,0,17,0,0,17
46,433,0,0,0,0,0,0,0,0,0,11,0,0,11,11,0,11
46,434,0,0,0,0,0,0,0,0,0,133,0,0,0,0,0,133
46,434,0,0,0,0,0,0,0,0,0,313,0,0,313,0,0,313
46,434,0,0,0,0,0,0,0,0,0,45,45,0,0,0,0,45
46,434,0,1,1,0,0,0,0,0,0,17,0,17,17,17,0,17
46,435,0,0,0,0,0,0,0,0,0,78,0,0,0,0,0,78
46,435,0,0,0,0,56,0,0,0,0,0,0,0,0,0,0,56
46,436,0,0,0,0,0,0,0,0,0,235,0,0,0,0,0,235
46,436,0,0,0,0,0,0,0,0,0,14,0,0,14,0,0,14
46,436,0,0,0,0,0,0,0,0,0,31,0,31,0,31,0,31
46,436,0,0,0,0,0,0,0,0,0,133,0,133,133,0,0,133
46,436,0,0,0,0,0,0,0,0,0,44,0,44,44,44,0,44
46,436,0,0,0,0,0,0,79,0,0,79,0,0,0,0,0,79
46,436,0,0,0,1,0,0,0,0,0,9,0,0,0,0,0,9
46,437,0,0,0,0,0,0,0,0,0,24,0,24,24,24,0,24
46,438,0,0,0,0,0,0,0,0,0,303,0,0,0,0,0,303
46,438,0,0,0,0,0,0,0,0,0,388,0,0,0,388,0,388
46,438,0,0,0,0,0,0,0,0,0,20,0,0,20,0,0,20
46,438,0,0,0,0,0,0,0,0,0,122,0,0,122,122,0,122
46,438,0,0,0,0,0,0,0,0,0,104,0,104,0,0,0,104
46,438,0,0,0,0,0,0,55,0,0,55,0,0,0,0,0,55
46,438,0,0,0,0,19,0,0,0,0,0,19,0,0,19,0,19
46,439,0,0,0,0,0,0,0,0,0,17,0,0,0,0,0,17
46,439,0,0,0,0,0,0,0,0,0,11,0,0,11,0,0,11
46,439,0,0,1,1,0,0,0,0,0,256,0,0,0,0,0,256
46,440,0,0,0,0,0,0,0,0,0,91,0,0,0,0,0,91
46,440,0,0,0,0,0,0,0,0,0,15,0,0,15,0,0,15
46,440,0,0,1,0,91,0,0,0,0,91,0,0,0,91,0,91
46,441,0,0,0,0,0,0,0,0,0,182,0,0,0,0,0,182
46,441,0,0,0,0,0,0,0,0,0,21,0,0,21,0,0,21
46,441,0,0,0,0,0,0,0,0,0,138,0,0,138,138,0,138
46,441,0,1,1,0,0,0,0,0,0,21,0,0,21,21,0,21
46,442,0,0,0,0,0,0,0,0,0,118,0,0,0,0,0,118
46,442,0,0,0,0,0,0,0,0,0,100,0,0,100,0,0,100
46,442,0,0,0,0,0,0,0,0,0,29,0,29,0,0,0,29
46,443,0,0,0,0,0,0,0,0,0,544,0,0,0,0,0,544
46,443,0,0,0,0,0,0,0,0,0,131,0,0,131,0,0,131
46,443,0,0,0,0,0,0,0,0,0,76,0,76,0,0,0,76
46,443,0,0,0,0,0,0,0,0,0,27,0,27,27,27,0,27
46,444,0,0,0,0,0,0,0,0,0,161,0,0,161,161,0,161
46,444,0,0,0,0,0,0,0,0,0,116,0,116,0,116,0,116
46,444,0,0,0,0,0,0,0,0,0,104,0,104,104,0,0,104
46,444,0,0,0,0,0,0,0,0,0,40,40,0,0,0,0,40
46,445,0,0,0,0,0,0,0,0,0,750,0,0,0,0,0,750
46,445,0,0,0,0,0,0,0,0,0,108,0,0,108,108,0,108
46,445,0,0,0,0,0,0,0,0,0,34,0,34,34,0,0,34
46,445,1,0,0,0,131,0,0,0,0,131,0,0,0,131,0,131
46,446,0,0,0,0,0,0,0,0,0,95,0,0,0,0,0,95
46,446,0,0,0,0,0,0,0,0,0,14,0,0,14,0,0,14
46,446,0,1,1,0,0,0,0,0,0,93,0,0,93,93,0,93
46,447,0,0,0,0,0,0,0,0,0,102,0,0,0,0,0,102
46,447,0,0,0,0,0,0,0,0,0,90,0,0,90,0,0,90
46,448,0,0,0,0,0,0,0,0,0,289,0,0,0,0,0,289
46,448,0,0,0,0,0,0,0,0,0,1424,0,0,1424,0,0,1424
46,448,0,0,0,0,0,0,0,0,0,70,0,0,70,70,0,70
46,448,0,0,0,0,0,0,51,0,0,51,0,0,0,0,0,51
46,449,0,0,0,0,0,0,0,0,0,56,0,0,0,0,0,56
46,449,0,0,0,0,0,0,0,0,0,100,0,0,100,0,0,100
46,449,0,0,0,0,0,0,0,0,0,67,0,67,67,0,0,67
46,450,0,0,0,0,0,0,0,0,0,134,0,134,134,134,0,134
46,450,1,0,0,0,28,0,0,0,0,28,0,28,28,0,0,28
46,451,0,0,0,0,0,0,0,0,0,85,0,0,0,0,0,85
46,451,0,0,0,0,0,0,0,0,0,128,0,0,128,0,0,128
46,451,0,0,0,0,0,0,0,0,0,145,0,145,145,0,0,145
46,452,0,0,0,0,0,0,0,0,0,0,15,0,0,0,15,15
46,452,0,0,0,0,0,0,0,0,0,42,0,0,0,0,0,42
46,452,0,0,0,0,0,0,0,0,0,28,0,0,28,0,0,28
46,453,0,0,0,0,0,0,0,0,0,37,0,0,0,0,0,37
46,453,0,0,0,0,0,0,0,0,0,93,0,0,0,93,0,93
46,453,0,0,0,1,0,0,0,0,0,43,0,0,0,0,0,43
46,454,0,0,0,0,0,0,0,0,0,348,0,0,0,0,0,348
46,454,0,0,0,0,0,0,0,0,0,80,0,0,80,0,0,80
46,454,0,0,0,0,17,0,0,0,0,0,0,0,17,0,0,17
46,455,0,0,0,0,0,0,0,0,0,202,0,0,0,0,0,202
46,455,0,0,0,0,0,0,0,0,0,40,0,40,40,0,0,40
46,455,0,0,0,0,0,0,0,0,0,84,0,84,84,84,0,84
46,455,0,0,0,0,0,0,0,0,0,33,33,0,0,0,0,33
46,456,0,0,0,0,0,0,0,0,0,93,0,0,0,0,0,93
46,456,0,0,0,0,0,0,0,0,0,14,0,0,0,14,0,14
46,456,0,0,0,0,0,0,0,0,0,132,0,132,0,0,0,132
46,456,0,0,0,0,0,0,79,0,0,79,0,0,0,0,0,79
46,456,0,1,1,0,0,0,0,0,0,82,0,0,82,0,0,82
46,457,0,0,0,0,0,0,0,0,0,135,0,0,0,135,0,135
46,457,0,0,0,0,0,0,0,0,0,13,0,0,13,0,0,13
46,457,0,0,0,0,0,0,0,0,0,45,0,0,45,45,0,45
46,458,0,0,0,0,55,0,0,0,0,0,0,0,55,0,0,55
46,459,0,0,0,0,0,0,0,0,0,226,0,0,0,0,0,226
46,459,0,0,0,0,0,0,0,0,0,32,0,32,0,0,0,32
46,459,0,1,1,0,0,0,0,0,0,22,0,0,22,0,0,22
46,460,0,0,0,0,0,0,0,0,0,977,0,0,0,0,0,977
46,460,0,0,0,0,0,0,0,0,0,157,0,0,157,0,0,157
46,460,0,0,0,0,0,0,0,0,0,88,0,88,88,0,0,88
46,460,0,0,0,0,38,0,0,0,0,0,0,0,38,38,0,38
46,460,0,1,1,0,0,0,0,0,0,32,0,0,0,0,0,32
46,461,0,0,0,0,0,0,0,0,0,30,0,0,0,0,0,30
46,461,0,0,0,0,0,0,0,0,0,33,0,0,33,33,0,33
46,462,0,0,0,0,0,0,0,0,0,74,0,0,74,0,0,74
46,462,0,0,0,0,0,0,0,0,0,80,0,80,80,0,0,80
46,462,1,1,1,0,0,0,0,0,0,29,0,0,29,0,0,29
46,463,0,0,0,0,0,0,0,0,0,123,0,0,0,0,0,123
46,463,0,0,0,0,0,0,0,0,0,175,0,0,175,0,0,175
46,463,0,0,0,0,0,0,0,0,0,143,0,0,143,143,0,143
46,464,0,0,0,0,0,0,0,0,0,262,0,0,0,0,0,262
46,465,0,0,0,0,0,0,0,0,0,28,0,0,0,0,0,28
46,465,0,0,0,0,0,0,0,0,0,66,0,0,66,0,0,66
46,465,0,0,0,0,0,0,0,0,0,19,0,19,19,0,0,19
46,465,0,0,0,0,299,0,0,0,0,299,0,0,0,0,0,299
46,465,0,1,1,0,0,0,0,0,0,27,0,27,0,27,0,27
46,466,0,0,0,0,0,0,0,0,0,26,0,0,0,0,0,26
46,466,0,0,0,0,0,0,0,0,0,147,0,0,147,0,0,147
46,467,0,0,0,0,0,0,0,0,0,116,0,0,0,0,0,116
46,467,0,0,0,0,0,0,0,0,0,136,0,0,136,0,0,136
46,467,0,0,0,0,0,0,0,0,0,78,0,78,0,0,0,78
46,467,0,0,0,0,0,0,0,0,0,69,0,69,69,69,0,69
46,467,0,0,0,0,0,0,0,0,0,207,207,0,0,0,0,207
46,468,0,0,0,0,0,0,0,0,0,269,0,0,0,0,0,269
46,468,0,0,0,0,0,0,0,0,0,206,0,0,206,0,0,206
46,468,0,0,0,0,0,0,0,0,0,35,0,35,0,0,0,35
46,468,0,0,0,0,0,0,0,0,0,80,0,80,80,80,0,80
46,469,0,0,0,0,0,0,0,0,0,163,0,0,0,0,0,163
46,469,0,0,0,0,0,0,0,0,0,19,0,0,19,19,0,19
46,470,0,0,0,0,0,0,0,0,0,172,0,0,0,0,0,172
46,470,0,0,0,0,0,0,0,0,0,106,0,0,106,106,0,106
46,470,0,0,0,0,0,0,0,0,0,106,0,106,0,0,0,106
46,470,0,0,1,0,0,0,0,0,0,364,0,0,0,364,0,364
46,470,0,0,1,0,0,0,0,0,0,37,0,0,37,37,0,37
46,471,0,0,0,0,0,0,0,0,0,463,0,0,0,0,0,463
46,471,0,0,0,0,0,0,0,0,0,121,0,0,121,0,0,121
46,471,0,0,0,0,0,0,103,0,0,103,0,0,0,103,0,103
46,471,0,0,0,0,341,0,0,0,0,341,0,0,341,0,0,341
46,471,0,0,1,0,0,0,0,0,0,68,0,0,68,68,0,68
46,472,0,0,0,0,0,0,0,0,0,106,0,0,0,0,0,106
46,472,0,0,0,0,0,0,0,0,0,297,0,0,297,297,0,297
46,472,0,0,0,0,0,0,0,0,0,60,0,60,0,0,0,60
46,472,0,0,0,0,146,0,0,0,0,0,0,0,146,146,0,146
46,472,0,0,0,0,21,0,0,0,0,21,0,0,0,0,0,21
46,472,0,0,1,0,0,0,0,0,0,72,0,72,72,72,0,72
46,473,0,0,0,0,0,0,0,0,0,265,0,0,0,0,0,265
46,473,0,0,0,0,0,0,0,0,0,129,0,0,129,0,0,129
46,473,0,0,0,0,0,0,0,0,0,35,0,35,35,0,0,35
46,473,0,0,0,1,0,0,0,0,0,123,0,0,123,123,0,123
46,473,0,0,1,0,0,0,0,0,0,477,0,477,477,0,0,477
46,474,0,0,0,0,0,0,0,0,0,14,0,0,0,0,0,14
46,474,0,0,0,0,0,0,0,0,0,107,0,0,107,107,0,107
46,474,0,0,0,0,0,0,0,0,0,130,0,130,0,0,0,130
46,475,0,0,0,0,0,0,0,0,0,16,0,0,16,0,0,16
46,475,0,0,0,0,0,0,0,0,0,109,0,109,109,0,0,109
46,476,0,0,0,0,0,0,0,0,0,204,0,0,0,0,0,204
46,476,0,0,0,0,0,0,0,0,0,168,0,0,0,168,0,168
46,476,0,0,0,0,0,0,0,0,0,178,0,0,178,0,0,178
46,476,0,0,0,0,0,0,0,0,0,82,0,82,0,0,0,82
46,476,0,0,0,0,0,0,0,0,0,538,0,538,538,0,0,538
46,476,0,0,0,0,0,0,0,0,0,127,0,127,127,127,0,127
46,476,0,0,0,1,0,0,0,0,0,197,0,0,197,0,0,197
46,476,0,1,1,0,0,0,0,0,0,21,0,21,21,21,0,21
46,477,0,0,0,0,0,0,0,0,0,20,0,0,0,0,0,20
46,477,0,0,0,0,0,0,0,0,0,110,0,0,110,0,0,110
46,477,0,0,0,0,0,0,0,0,0,14,0,14,0,0,0,14
46,477,0,0,1,0,0,0,0,0,0,88,0,0,88,0,0,88
46,478,0,0,0,0,0,0,0,0,0,68,0,0,0,0,0,68
46,478,0,0,0,0,0,0,0,0,0,127,0,0,127,0,0,127
46,478,0,0,0,0,0,0,0,0,0,102,0,0,102,102,0,102
46,478,0,0,0,0,167,0,0,0,0,0,0,0,167,0,0,167
46,478,0,1,1,0,0,0,0,0,0,14,0,0,14,0,0,14
46,479,0,0,0,0,0,0,0,0,0,187,0,0,0,0,0,187
46,480,0,0,0,0,0,0,0,0,0,147,0,0,0,0,0,147
46,480,0,0,0,0,0,0,0,0,0,53,0,0,53,0,0,53
46,480,0,0,0,0,0,0,0,0,0,12,0,0,12,12,0,12
46,481,0,0,0,0,0,0,0,0,0,223,0,0,0,0,0,223
46,481,0,0,0,0,0,0,0,0,0,34,0,0,34,0,0,34
46,481,0,0,0,0,0,118,0,0,0,118,118,0,0,0,0,118
46,481,0,0,0,0,250,0,0,0,0,0,0,0,250,250,0,250
46,481,0,0,1,0,0,0,0,0,0,55,0,0,55,0,0,55
46,481,0,0,1,0,0,0,0,0,0,127,0,0,127,127,0,127
46,482,0,0,0,0,0,0,0,0,0,141,0,0,0,0,0,141
46,482,0,0,0,0,0,0,0,0,0,25,0,0,0,25,0,25
46,482,0,0,0,0,0,0,0,0,0,311,0,0,311,0,0,311
46,482,0,0,0,0,0,0,0,0,0,83,83,0,83,0,83,83
46,482,0,0,0,0,273,0,0,0,0,273,0,0,0,273,0,273
46,483,0,0,0,0,0,0,0,0,0,22,0,0,0,0,0,22
46,484,0,0,0,0,0,0,0,0,0,19,0,0,0,0,0,19
46,484,0,0,0,0,0,0,0,0,0,87,0,0,87,87,0,87
46,484,0,0,0,1,0,0,0,0,0,170,0,0,170,170,0,170
46,485,0,0,0,0,0,0,0,0,0,56,0,0,0,0,0,56
46,486,0,0,0,0,0,0,0,0,0,255,0,0,0,0,0,255
46,486,0,0,0,0,0,0,0,0,0,13,0,0,13,0,0,13
46,486,0,0,0,0,0,0,0,0,0,146,0,146,146,146,0,146
46,487,0,0,0,0,0,0,0,0,0,176,0,176,176,0,0,176
46,488,0,0,0,0,0,0,0,0,0,229,0,0,0,0,0,229
46,489,0,0,0,0,0,0,0,0,0,44,0,0,0,0,0,44
46,489,0,0,0,0,0,0,0,0,0,130,0,0,130,130,0,130
46,489,0,0,0,0,0,0,0,0,0,206,0,206,206,206,0,206
46,490,0,0,0,0,0,0,0,0,0,50,0,0,50,0,0,50
46,490,0,0,0,0,0,0,0,0,0,26,0,26,0,0,0,26
46,491,0,0,0,0,0,0,0,0,0,154,0,0,0,0,0,154
46,491,0,0,0,0,0,0,0,0,0,148,0,0,148,0,0,148
46,492,0,0,0,0,0,0,0,0,0,105,0,0,105,0,0,105
46,493,0,0,0,0,0,0,0,0,0,33,0,0,0,0,0,33
46,493,0,0,0,0,0,0,0,0,0,17,0,17,17,17,0,17
46,493,0,0,0,0,0,0,0,0,0,163,163,0,0,163,0,163
46,493,0,0,1,0,0,0,0,0,0,17,0,17,17,17,0,17
46,494,0,0,0,0,0,0,0,0,0,47,0,0,0,0,0,47
46,494,0,0,0,0,0,0,0,0,0,47,0,0,47,0,0,47
46,494,0,0,0,0,0,0,0,0,0,216,0,216,0,0,0,216
46,494,0,0,0,0,0,0,0,0,0,84,0,84,84,84,0,84
46,495,0,0,0,0,0,0,0,0,0,335,0,0,0,0,0,335
46,495,0,0,0,1,0,0,0,0,0,191,0,0,191,191,0,191
46,496,0,0,0,0,0,0,0,0,0,134,0,0,0,0,0,134
46,496,0,0,0,0,0,0,0,0,0,70,0,0,70,0,0,70
46,496,0,0,0,0,0,0,0,0,0,33,0,0,33,33,0,33
46,496,0,0,0,0,0,0,0,0,0,32,0,32,0,0,0,32
46,497,0,0,0,0,0,0,0,0,0,120,0,0,0,0,0,120
46,497,0,0,0,0,0,0,0,0,0,19,0,0,19,0,0,19
46,498,0,0,0,0,0,0,0,0,0,581,0,0,0,0,0,581
46,498,0,0,0,0,0,0,0,0,0,161,0,0,0,161,0,161
46,498,0,0,0,0,0,0,0,0,0,22,0,22,22,22,0,22
46,499,0,0,0,0,0,0,0,0,0,434,0,0,0,0,0,434
46,499,0,0,0,0,0,0,0,0,0,276,0,0,276,0,0,276
46,499,0,0,0,0,0,0,0,0,0,61,0,0,61,61,0,61
46,499,0,0,0,0,21,0,0,0,0,0,0,0,0,0,0,21
46,499,0,0,1,0,0,0,0,0,0,0,0,0,0,0,0,21
46,500,0,0,0,0,0,0,0,0,0,14,0,0,0,0,0,14
46,500,0,0,0,0,0,0,0,0,0,192,0,0,0,192,0,192
46,500,0,0,0,0,0,0,0,0,0,41,0,0,41,41,0,41
46,501,0,0,0,0,0,0,0,0,0,0,0,0,0,0,0,168
46,501,0,0,0,0,0,0,0,0,0,0,178,0,0,0,0,178
46,501,0,0,0,0,0,0,0,0,0,0,27,0,0,0,27,27
46,501,0,0,0,0,0,0,0,0,0,0,60,0,60,60,0,60
46,501,0,0,0,0,0,0,0,0,0,36455,0,0,0,0,0,36455
46,501,0,0,0,0,0,0,0,0,0,43,0,0,0,0,43,43
46,501,0,0,0,0,0,0,0,0,0,2740,0,0,0,2740,0,2740
46,501,0,0,0,0,0,0,0,0,0,24131,0,0,24131,0,0,24131
46,501,0,0,0,0,0,0,0,0,0,22,0,0,22,0,22,22
46,501,0,0,0,0,0,0,0,0,0,5995,0,0,5995,5995,0,5995
46,501,0,0,0,0,0,0,0,0,0,5255,0,5255,0,0,0,5255
46,501,0,0,0,0,0,0,0,0,0,61,0,61,0,0,61,61
46,501,0,0,0,0,0,0,0,0,0,1050,0,1050,0,1050,0,1050
46,501,0,0,0,0,0,0,0,0,0,6045,0,6045,6045,0,0,6045
46,501,0,0,0,0,0,0,0,0,0,1913,0,1913,1913,1913,0,1913
46,501,0,0,0,0,0,0,0,0,0,21,0,21,21,21,21,21
46,501,0,0,0,0,0,0,0,0,0,1224,1224,0,0,0,0,1224
46,501,0,0,0,0,0,0,0,0,0,448,448,0,0,0,448,448
46,501,0,0,0,0,0,0,0,0,0,310,310,0,0,310,0,310
46,501,0,0,0,0,0,0,0,0,0,334,334,0,334,0,0,334
46,501,0,0,0,0,0,0,0,0,0,450,450,0,450,450,0,450
46,501,0,0,0,0,0,0,0,0,0,150,150,150,0,0,0,150
46,501,0,0,0,0,0,0,0,0,19,19,0,0,19,19,19,19
46,501,0,0,0,0,0,0,0,245,0,245,0,0,245,0,0,245
46,501,0,0,0,0,0,0,439,0,0,0,0,0,0,0,0,439
46,501,0,0,0,0,0,0,138,0,0,0,0,138,0,138,0,138
46,501,0,0,0,0,0,0,143,0,0,0,143,0,143,143,143,143
46,501,0,0,0,0,0,0,508,0,0,508,0,0,0,0,0,508
46,501,0,0,0,0,0,0,82,0,0,82,0,0,82,0,0,82
46,501,0,0,0,0,0,0,145,0,0,145,0,145,145,145,0,145
46,501,0,0,0,0,0,1323,0,0,0,0,0,0,0,0,0,1323
46,501,0,0,0,0,0,142,0,0,0,0,0,0,142,0,0,142
46,501,0,0,0,0,0,106,0,0,0,106,0,0,0,0,0,106
46,501,0,0,0,0,0,459,0,0,0,459,0,0,0,0,459,459
46,501,0,0,0,0,82,0,0,0,0,0,0,0,0,0,0,82
46,501,0,0,0,0,41,0,0,0,0,0,0,0,0,41,0,41
46,501,0,0,0,0,430,0,0,0,0,0,0,0,430,0,0,430
46,501,0,0,0,0,213,0,0,0,0,0,0,213,0,213,0,213
46,501,0,0,0,0,124,0,0,0,0,0,0,124,124,0,0,124
46,501,0,0,0,0,416,0,0,0,0,416,0,0,0,0,0,416
46,501,0,0,0,0,166,0,0,0,0,166,0,0,0,166,0,166
46,501,0,0,0,0,211,0,0,0,0,211,0,0,211,0,0,211
46,501,0,0,0,0,429,0,0,0,0,429,0,0,429,429,0,429
46,501,0,0,0,0,136,0,0,0,0,136,0,136,0,0,0,136
46,501,0,0,0,0,228,0,0,0,0,228,0,228,228,0,0,228
46,501,0,0,0,0,53,0,0,0,0,53,0,53,53,53,0,53
46,501,0,0,0,0,381,0,0,0,0,381,381,0,0,0,0,381
46,501,0,0,0,0,224,0,0,0,0,224,224,0,0,0,224,224
46,501,0,0,0,1,0,0,0,0,0,148,0,0,0,0,0,148
46,501,0,0,0,1,0,0,0,0,0,25,0,0,25,0,0,25
46,501,0,0,0,1,0,0,0,0,0,10,0,10,10,10,0,10
46,501,0,0,1,0,0,0,0,0,0,0,0,0,128,0,0,128
46,501,0,0,1,0,0,0,0,0,0,742,0,0,0,0,0,742
46,501,0,0,1,0,0,0,0,0,0,38,0,0,0,38,0,38
46,501,0,0,1,0,0,0,0,0,0,445,0,0,445,0,0,445
46,501,0,0,1,0,0,0,0,0,0,377,0,0,377,377,0,377
46,501,0,0,1,0,0,0,0,0,0,43,0,43,0,0,0,43
46,501,0,0,1,0,0,0,0,0,0,9,0,9,0,9,0,9
46,501,0,0,1,0,0,0,0,0,0,109,0,109,109,0,0,109
46,501,0,0,1,0,0,0,0,0,0,184,0,184,184,184,0,184
46,501,0,0,1,0,0,0,405,0,0,405,405,0,0,0,0,405
46,501,0,0,1,0,47,0,0,0,0,47,0,0,47,0,0,47
46,501,0,0,1,0,113,0,0,0,0,113,0,0,113,113,0,113
46,501,0,0,1,0,250,0,250,0,0,250,0,0,0,250,0,250
46,501,0,0,1,0,109,0,109,0,0,109,0,109,0,0,0,109
46,501,0,0,1,1,0,0,0,0,0,20,0,0,20,20,0,20
46,501,0,1,1,0,0,0,0,0,0,197,0,0,0,0,0,197
46,501,0,1,1,0,0,0,0,0,0,41,0,0,0,41,0,41
46,501,0,1,1,0,0,0,0,0,0,62,0,0,62,0,0,62
46,501,0,1,1,0,0,0,0,0,0,402,0,0,402,402,0,402
46,501,0,1,1,0,0,0,0,0,0,23,0,23,23,0,0,23
46,501,0,1,1,0,0,0,0,0,0,88,0,88,88,88,0,88
46,501,0,1,1,0,0,0,0,0,0,51,0,51,51,51,51,51
46,501,0,1,1,0,45,0,0,0,0,45,0,0,45,45,0,45
46,501,0,1,1,1,0,0,0,0,0,264,0,264,264,264,0,264
46,501,1,0,0,0,0,0,0,0,0,205,0,0,0,0,0,205
46,501,1,0,0,0,0,0,0,0,0,47,0,0,0,47,0,47
46,501,1,0,0,0,0,0,0,0,0,70,0,0,70,0,0,70
46,501,1,0,0,0,0,0,0,0,0,25,0,25,25,0,0,25
46,501,1,0,0,0,0,0,0,0,0,20,20,0,20,0,0,20
46,501,1,0,0,0,17,0,0,0,0,17,0,0,17,0,0,17
46,501,1,0,0,1,0,0,0,0,0,0,30,0,30,30,30,30
46,501,1,0,1,0,0,0,0,0,0,26,0,0,0,0,0,26
46,501,1,1,1,0,0,0,0,0,0,120,0,0,0,120,0,120
46,501,1,1,1,0,0,0,0,0,0,47,0,0,47,0,0,47
46,501,1,1,1,0,0,0,0,0,0,19,0,0,19,19,0,19
46,501,1,1,1,1,0,0,0,0,0,105,0,0,0,105,0,105
